reference,customer_name,status
TV-20001,Ironbark Trading,in_transit
TV-20002,Sunrise Chemicals,picked_up
TV-20003,Summit Supplies,delivered
TV-20004,Kingsway Supplies,created
TV-20005,Eastlink Apparel Pty Ltd,created
TV-20006,Northern Electronics,created
TV-20007,Northern Logistics Co,delivered
TV-20008,Kingsway Wholesale Co,picked_up
TV-20009,Sunrise Grocers Pty Ltd,in_transit
TV-20010,Northern Supplies,created
TV-20011,Coastal Supplies Group,delivered
TV-20012,Golden Hardware Pty Ltd,delivered
TV-20013,Coastal Beverages Holdings,in_transit
TV-20014,Highfield Freight Pty Ltd,created
TV-20015,Ironbark Foods Co,picked_up
TV-20016,Westgate Textiles,picked_up
TV-20017,Lakeside Retail,picked_up
TV-20018,Fairwind Wholesale,delivered
TV-20019,Harbour Trading,created
TV-20020,Stonebridge Industrial Pty Ltd,in_transit
TV-20021,Silverline Apparel Co,delivered
TV-20022,Coastal Industrial Holdings,picked_up
TV-20023,Coastal Apparel,created
TV-20024,Lakeside Grocers,created
TV-20025,Coastal Hardware Co,delivered
TV-20026,Blackwood Retail Holdings,created
TV-20027,Blackwood Freight,picked_up
TV-20028,Stonebridge Trading,delivered
TV-20029,Westgate Grocers,created
TV-20030,Ironbark Apparel Pty Ltd,created
TV-20031,Baywater Motors,in_transit
TV-20032,Fairwind Logistics,picked_up
TV-20033,Riverside Packaging,in_transit
TV-20034,Northern Wholesale Group,delivered
TV-20035,Parkview Apparel Pty Ltd,delivered
TV-20036,Coastal Logistics,delivered
TV-20037,Blackwood Freight Holdings,created
TV-20038,Fairwind Foods,delivered
TV-20039,Baywater Motors Co,picked_up
TV-20040,Highfield Retail Pty Ltd,delivered
TV-20041,Summit Textiles,created
TV-20042,Silverline Grocers,in_transit
TV-20043,Westgate Packaging Holdings,created
TV-20044,Fairwind Pharma Co,in_transit
TV-20045,Redgum Supplies Holdings,picked_up
TV-20046,Golden Chemicals Co,delivered
TV-20047,Riverside Apparel Holdings,delivered
TV-20048,Parkview Components Holdings,created
TV-20049,Stonebridge Retail,in_transit
TV-20050,Harbour Supplies Holdings,in_transit
TV-20051,Golden Distribution Group,in_transit
TV-20052,Sunrise Textiles Holdings,in_transit
TV-20053,Harbour Chemicals,delivered
TV-20054,Eastlink Wholesale,in_transit
TV-20055,Summit Apparel Holdings,in_transit
TV-20056,Eastlink Logistics,in_transit
TV-20057,Riverside Beverages Group,in_transit
TV-20058,Ironbark Components,created
TV-20059,Lakeside Packaging Pty Ltd,in_transit
TV-20060,Redgum Logistics Group,picked_up
TV-20061,Kingsway Electronics Holdings,created
TV-20062,Parkview Supplies Holdings,created
TV-20063,Summit Packaging Pty Ltd,delivered
TV-20064,Northern Apparel,picked_up
TV-20065,Sunrise Components Group,in_transit
TV-20066,Silverline Grocers,delivered
TV-20067,Baywater Pharma Co,in_transit
TV-20068,Stonebridge Electronics,in_transit
TV-20069,Blackwood Pharma,delivered
TV-20070,Fairwind Supplies,delivered
TV-20071,Ironbark Distribution,created
TV-20072,Summit Chemicals,picked_up
TV-20073,Golden Hardware Group,delivered
TV-20074,Highfield Foods Group,created
TV-20075,Coastal Supplies Group,in_transit
TV-20076,Blackwood Trading Holdings,in_transit
TV-20077,Westgate Grocers,delivered
TV-20078,Westgate Textiles Holdings,delivered
TV-20079,Summit Packaging Co,in_transit
TV-20080,Golden Freight,in_transit
TV-20081,Blackwood Distribution,delivered
TV-20082,Coastal Textiles,created
TV-20083,Golden Supplies Holdings,in_transit
TV-20084,Summit Distribution,picked_up
TV-20085,Fairwind Distribution,in_transit
TV-20086,Summit Hardware Co,in_transit
TV-20087,Eastlink Industrial Co,delivered
TV-20088,Eastlink Distribution,in_transit
TV-20089,Kingsway Chemicals,in_transit
TV-20090,Redgum Beverages Pty Ltd,in_transit
TV-20091,Westgate Supplies,created
TV-20092,Summit Retail Co,picked_up
TV-20093,Lakeside Logistics,delivered
TV-20094,Northern Grocers Co,created
TV-20095,Redgum Pharma,delivered
TV-20096,Harbour Motors Co,picked_up
TV-20097,Fairwind Chemicals Pty Ltd,in_transit
TV-20098,Eastlink Hardware Holdings,in_transit
TV-20099,Summit Retail Co,delivered
TV-20100,Baywater Packaging,delivered
TV-20101,Northern Textiles Holdings,in_transit
TV-20102,Summit Trading Co,in_transit
TV-20103,Lakeside Trading,delivered
TV-20104,Ironbark Hardware,delivered
TV-20105,Riverside Pharma,created
TV-20106,Summit Beverages Pty Ltd,in_transit
TV-20107,Harbour Beverages Co,in_transit
TV-20108,Redgum Foods Co,in_transit
TV-20109,Harbour Grocers,in_transit
TV-20110,Highfield Logistics,in_transit
TV-20111,Highfield Supplies,in_transit
TV-20112,Blackwood Beverages Holdings,picked_up
TV-20113,Westgate Motors,in_transit
TV-20114,Harbour Packaging Pty Ltd,in_transit
TV-20115,Summit Distribution Co,in_transit
TV-20116,Parkview Hardware Holdings,created
TV-20117,Kingsway Trading,in_transit
TV-20118,Baywater Pharma Co,delivered
TV-20119,Silverline Wholesale Group,created
TV-20120,Westgate Distribution Co,in_transit
TV-20121,Fairwind Electronics,delivered
TV-20122,Northern Textiles,in_transit
TV-20123,Riverside Components,delivered
TV-20124,Redgum Industrial Group,created
TV-20125,Stonebridge Motors,picked_up
TV-20126,Blackwood Pharma Holdings,created
TV-20127,Golden Electronics Pty Ltd,delivered
TV-20128,Lakeside Supplies,delivered
TV-20129,Silverline Industrial,delivered
TV-20130,Highfield Beverages Co,delivered
TV-20131,Northern Apparel Holdings,created
TV-20132,Fairwind Logistics Group,delivered
TV-20133,Sunrise Motors Co,delivered
TV-20134,Harbour Supplies,created
TV-20135,Redgum Beverages,in_transit
TV-20136,Fairwind Packaging,created
TV-20137,Kingsway Trading Co,in_transit
TV-20138,Stonebridge Grocers,in_transit
TV-20139,Highfield Packaging Holdings,in_transit
TV-20140,Kingsway Beverages Group,delivered
TV-20141,Riverside Supplies Holdings,delivered
TV-20142,Lakeside Freight Group,delivered
TV-20143,Parkview Textiles Pty Ltd,picked_up
TV-20144,Ironbark Grocers,in_transit
TV-20145,Eastlink Beverages,delivered
TV-20146,Highfield Logistics Holdings,delivered
TV-20147,Parkview Components Group,delivered
TV-20148,Parkview Freight,in_transit
TV-20149,Sunrise Motors Pty Ltd,in_transit
TV-20150,Harbour Logistics,delivered
TV-20151,Sunrise Hardware,created
TV-20152,Eastlink Hardware Holdings,delivered
TV-20153,Redgum Textiles,delivered
TV-20154,Coastal Logistics,created
TV-20155,Golden Apparel Pty Ltd,delivered
TV-20156,Golden Motors,delivered
TV-20157,Coastal Chemicals Group,created
TV-20158,Redgum Foods Co,delivered
TV-20159,Sunrise Freight Holdings,in_transit
TV-20160,Fairwind Trading Co,in_transit
TV-20161,Silverline Beverages,created
TV-20162,Eastlink Electronics,in_transit
TV-20163,Highfield Industrial Pty Ltd,created
TV-20164,Harbour Supplies,created
TV-20165,Riverside Textiles,delivered
TV-20166,Eastlink Industrial,picked_up
TV-20167,Eastlink Components Group,in_transit
TV-20168,Fairwind Pharma,picked_up
TV-20169,Eastlink Supplies,failed
TV-20170,Parkview Grocers Holdings,in_transit
TV-20171,Kingsway Chemicals Group,delivered
TV-20172,Northern Hardware,created
TV-20173,Parkview Hardware,in_transit
TV-20174,Eastlink Distribution,created
TV-20175,Blackwood Motors,created
TV-20176,Northern Textiles,delivered
TV-20177,Blackwood Pharma,delivered
TV-20178,Ironbark Pharma Holdings,delivered
TV-20179,Baywater Retail Co,created
TV-20180,Sunrise Pharma,in_transit
TV-20181,Eastlink Industrial Pty Ltd,picked_up
TV-20182,Fairwind Wholesale,created
TV-20183,Blackwood Components Pty Ltd,failed
TV-20184,Ironbark Foods,picked_up
TV-20185,Fairwind Supplies Group,delivered
TV-20186,Parkview Motors Co,created
TV-20187,Northern Beverages,picked_up
TV-20188,Harbour Pharma,picked_up
TV-20189,Northern Electronics,created
TV-20190,Westgate Industrial Holdings,delivered
TV-20191,Stonebridge Hardware,picked_up
TV-20192,Riverside Retail,created
TV-20193,Sunrise Packaging Co,in_transit
TV-20194,Redgum Beverages Holdings,in_transit
TV-20195,Stonebridge Wholesale,delivered
TV-20196,Fairwind Packaging,in_transit
TV-20197,Summit Chemicals Holdings,delivered
TV-20198,Ironbark Hardware Holdings,picked_up
TV-20199,Sunrise Electronics Co,in_transit
TV-20200,Coastal Foods,in_transit
TV-20201,Sunrise Wholesale,delivered
TV-20202,Sunrise Foods,in_transit
TV-20203,Golden Logistics Pty Ltd,in_transit
TV-20204,Parkview Foods Holdings,in_transit
TV-20205,Ironbark Chemicals Co,created
TV-20206,Coastal Supplies,created
TV-20207,Golden Distribution,picked_up
TV-20208,Ironbark Electronics,picked_up
TV-20209,Eastlink Hardware,in_transit
TV-20210,Highfield Freight,in_transit
TV-20211,Parkview Chemicals Group,in_transit
TV-20212,Coastal Hardware,in_transit
TV-20213,Blackwood Beverages,delivered
TV-20214,Eastlink Logistics Co,in_transit
TV-20215,Redgum Motors,created
TV-20216,Westgate Chemicals,delivered
TV-20217,Fairwind Grocers Holdings,created
TV-20218,Blackwood Apparel,in_transit
TV-20219,Westgate Retail,in_transit
TV-20220,Parkview Components,picked_up
TV-20221,Silverline Beverages Pty Ltd,picked_up
TV-20222,Eastlink Components,created
TV-20223,Northern Textiles,in_transit
TV-20224,Eastlink Freight Co,delivered
TV-20225,Northern Electronics Pty Ltd,in_transit
TV-20226,Northern Chemicals Pty Ltd,picked_up
TV-20227,Sunrise Wholesale Co,delivered
TV-20228,Riverside Grocers,created
TV-20229,Redgum Chemicals Group,created
TV-20230,Stonebridge Retail Co,created
TV-20231,Northern Electronics Pty Ltd,picked_up
TV-20232,Baywater Electronics,in_transit
TV-20233,Highfield Apparel Pty Ltd,created
TV-20234,Stonebridge Pharma Group,in_transit
TV-20235,Westgate Beverages,in_transit
TV-20236,Northern Wholesale Holdings,delivered
TV-20237,Riverside Wholesale,delivered
TV-20238,Redgum Distribution Holdings,in_transit
TV-20239,Golden Logistics Holdings,picked_up
TV-20240,Riverside Freight Group,delivered
TV-20241,Redgum Electronics Co,delivered
TV-20242,Harbour Packaging,created
TV-20243,Northern Packaging,delivered
TV-20244,Lakeside Apparel,in_transit
TV-20245,Stonebridge Trading Pty Ltd,failed
TV-20246,Sunrise Logistics Pty Ltd,delivered
TV-20247,Parkview Supplies,picked_up
TV-20248,Westgate Apparel,in_transit
TV-20249,Parkview Freight Group,in_transit
TV-20250,Kingsway Apparel,created
TV-20251,Stonebridge Hardware Pty Ltd,delivered
TV-20252,Coastal Textiles,in_transit
TV-20253,Coastal Supplies Co,in_transit
TV-20254,Riverside Textiles,picked_up
TV-20255,Summit Logistics,picked_up
TV-20256,Golden Apparel Pty Ltd,delivered
TV-20257,Kingsway Packaging Co,picked_up
TV-20258,Blackwood Apparel,created
TV-20259,Summit Logistics,delivered
TV-20260,Highfield Distribution Group,in_transit
TV-20261,Ironbark Freight,in_transit
TV-20262,Harbour Freight,in_transit
TV-20263,Parkview Electronics,in_transit
TV-20264,Highfield Packaging,picked_up
TV-20265,Silverline Grocers Group,in_transit
TV-20266,Westgate Foods,created
TV-20267,Sunrise Distribution Group,created
TV-20268,Westgate Logistics Group,delivered
TV-20269,Lakeside Components,delivered
TV-20270,Highfield Logistics Pty Ltd,created
TV-20271,Westgate Textiles Co,delivered
TV-20272,Sunrise Components,in_transit
TV-20273,Lakeside Pharma Co,created
TV-20274,Lakeside Packaging Holdings,in_transit
TV-20275,Eastlink Components,delivered
TV-20276,Parkview Logistics Group,created
TV-20277,Coastal Distribution Pty Ltd,in_transit
TV-20278,Kingsway Distribution,delivered
TV-20279,Golden Distribution,picked_up
TV-20280,Coastal Components Holdings,delivered
TV-20281,Redgum Supplies Pty Ltd,delivered
TV-20282,Northern Industrial,delivered
TV-20283,Riverside Trading,in_transit
TV-20284,Fairwind Freight Co,delivered
TV-20285,Parkview Packaging,failed
TV-20286,Redgum Retail,in_transit
TV-20287,Parkview Chemicals Holdings,picked_up
TV-20288,Summit Trading Group,delivered
TV-20289,Summit Apparel,delivered
TV-20290,Summit Trading,delivered
TV-20291,Lakeside Packaging,delivered
TV-20292,Coastal Hardware,delivered
TV-20293,Silverline Distribution Holdings,failed
TV-20294,Summit Beverages,picked_up
TV-20295,Golden Textiles,created
TV-20296,Stonebridge Components,delivered
TV-20297,Golden Retail,created
TV-20298,Ironbark Components,delivered
TV-20299,Westgate Textiles,picked_up
TV-20300,Highfield Foods Co,delivered
TV-20301,Ironbark Wholesale,in_transit
TV-20302,Ironbark Packaging Co,picked_up
TV-20303,Sunrise Electronics,in_transit
TV-20304,Northern Packaging,delivered
TV-20305,Kingsway Beverages Pty Ltd,delivered
TV-20306,Kingsway Industrial,created
TV-20307,Stonebridge Beverages,in_transit
TV-20308,Coastal Distribution Pty Ltd,delivered
TV-20309,Ironbark Wholesale Holdings,in_transit
TV-20310,Parkview Wholesale,in_transit
TV-20311,Silverline Hardware,in_transit
TV-20312,Stonebridge Grocers Group,in_transit
TV-20313,Summit Hardware Co,delivered
TV-20314,Blackwood Electronics,delivered
TV-20315,Blackwood Freight Co,failed
TV-20316,Eastlink Freight Pty Ltd,in_transit
TV-20317,Parkview Wholesale Group,delivered
TV-20318,Ironbark Wholesale Group,created
TV-20319,Summit Textiles Group,delivered
TV-20320,Eastlink Wholesale Group,created
TV-20321,Blackwood Foods,delivered
TV-20322,Kingsway Logistics,in_transit
TV-20323,Northern Distribution,in_transit
TV-20324,Blackwood Grocers,delivered
TV-20325,Golden Electronics Holdings,delivered
TV-20326,Baywater Textiles,created
TV-20327,Eastlink Distribution Co,delivered
TV-20328,Silverline Electronics Pty Ltd,picked_up
TV-20329,Golden Supplies,created
TV-20330,Kingsway Foods,created
TV-20331,Blackwood Industrial Holdings,delivered
TV-20332,Parkview Electronics,failed
TV-20333,Lakeside Retail,created
TV-20334,Northern Chemicals Holdings,picked_up
TV-20335,Ironbark Textiles,in_transit
TV-20336,Sunrise Foods Pty Ltd,delivered
TV-20337,Fairwind Trading Pty Ltd,delivered
TV-20338,Fairwind Retail,in_transit
TV-20339,Baywater Grocers,delivered
TV-20340,Golden Packaging,delivered
TV-20341,Stonebridge Foods,picked_up
TV-20342,Summit Hardware,created
TV-20343,Blackwood Hardware Pty Ltd,in_transit
TV-20344,Lakeside Pharma Group,created
TV-20345,Northern Grocers Holdings,delivered
TV-20346,Highfield Components Holdings,delivered
TV-20347,Blackwood Components Pty Ltd,delivered
TV-20348,Golden Packaging,in_transit
TV-20349,Silverline Trading,created
TV-20350,Ironbark Apparel,failed
TV-20351,Eastlink Grocers,delivered
TV-20352,Sunrise Industrial Pty Ltd,created
TV-20353,Redgum Industrial,created
TV-20354,Eastlink Retail,delivered
TV-20355,Northern Motors,delivered
TV-20356,Summit Industrial Pty Ltd,in_transit
TV-20357,Baywater Textiles Group,in_transit
TV-20358,Eastlink Textiles Co,in_transit
TV-20359,Silverline Distribution Pty Ltd,picked_up
TV-20360,Harbour Wholesale Holdings,picked_up
TV-20361,Riverside Industrial Co,created
TV-20362,Coastal Chemicals,created
TV-20363,Coastal Grocers,created
TV-20364,Silverline Packaging Pty Ltd,in_transit
TV-20365,Riverside Textiles Holdings,picked_up
TV-20366,Golden Components,created
TV-20367,Silverline Hardware Group,created
TV-20368,Redgum Distribution Pty Ltd,in_transit
TV-20369,Redgum Beverages,in_transit
TV-20370,Fairwind Supplies Co,delivered
TV-20371,Silverline Foods Pty Ltd,created
TV-20372,Silverline Freight Holdings,in_transit
TV-20373,Fairwind Foods Holdings,delivered
TV-20374,Summit Freight Holdings,picked_up
TV-20375,Northern Chemicals,in_transit
TV-20376,Kingsway Freight,in_transit
TV-20377,Riverside Foods,delivered
TV-20378,Eastlink Motors,delivered
TV-20379,Stonebridge Foods Pty Ltd,picked_up
TV-20380,Sunrise Grocers,created
TV-20381,Golden Components,in_transit
TV-20382,Fairwind Chemicals,created
TV-20383,Ironbark Components,failed
TV-20384,Westgate Trading,created
TV-20385,Sunrise Motors Pty Ltd,delivered
TV-20386,Eastlink Foods Pty Ltd,failed
TV-20387,Lakeside Packaging Holdings,picked_up
TV-20388,Fairwind Motors,created
TV-20389,Sunrise Electronics,picked_up
TV-20390,Fairwind Wholesale,created
TV-20391,Baywater Pharma,created
TV-20392,Riverside Motors,picked_up
TV-20393,Westgate Freight Group,delivered
TV-20394,Kingsway Beverages,in_transit
TV-20395,Westgate Wholesale Co,in_transit
TV-20396,Harbour Apparel,picked_up
TV-20397,Ironbark Hardware,delivered
TV-20398,Harbour Pharma,created
TV-20399,Blackwood Textiles Co,created
TV-20400,Silverline Retail,in_transit
TV-20401,Kingsway Textiles,delivered
TV-20402,Coastal Freight Holdings,in_transit
TV-20403,Parkview Logistics,picked_up
TV-20404,Golden Hardware,created
TV-20405,Westgate Retail,in_transit
TV-20406,Stonebridge Components,in_transit
TV-20407,Northern Trading,in_transit
TV-20408,Eastlink Apparel Pty Ltd,in_transit
TV-20409,Highfield Industrial,picked_up
TV-20410,Kingsway Industrial Co,delivered
TV-20411,Blackwood Hardware Pty Ltd,in_transit
TV-20412,Highfield Supplies,picked_up
TV-20413,Coastal Retail,in_transit
TV-20414,Kingsway Trading Group,in_transit
TV-20415,Westgate Motors,in_transit
TV-20416,Golden Chemicals,in_transit
TV-20417,Summit Supplies Pty Ltd,created
TV-20418,Blackwood Components,delivered
TV-20419,Stonebridge Industrial,in_transit
TV-20420,Harbour Foods,created
TV-20421,Riverside Beverages Group,picked_up
TV-20422,Fairwind Pharma,failed
TV-20423,Harbour Packaging,created
TV-20424,Lakeside Logistics Pty Ltd,in_transit
TV-20425,Golden Motors,picked_up
TV-20426,Harbour Foods,picked_up
TV-20427,Highfield Freight,delivered
TV-20428,Ironbark Freight,delivered
TV-20429,Eastlink Freight Group,created
TV-20430,Baywater Distribution Pty Ltd,delivered
TV-20431,Eastlink Chemicals,created
TV-20432,Fairwind Industrial,in_transit
TV-20433,Baywater Foods Group,failed
TV-20434,Stonebridge Hardware,in_transit
TV-20435,Blackwood Motors Holdings,in_transit
TV-20436,Ironbark Electronics,in_transit
TV-20437,Coastal Wholesale,in_transit
TV-20438,Silverline Packaging,delivered
TV-20439,Highfield Apparel,in_transit
TV-20440,Coastal Pharma Co,in_transit
TV-20441,Kingsway Hardware,delivered
TV-20442,Ironbark Motors Holdings,delivered
TV-20443,Fairwind Electronics,delivered
TV-20444,Silverline Electronics,created
TV-20445,Highfield Chemicals Co,created
TV-20446,Summit Textiles,in_transit
TV-20447,Northern Chemicals Pty Ltd,delivered
TV-20448,Highfield Textiles,in_transit
TV-20449,Westgate Wholesale Group,created
TV-20450,Eastlink Distribution,created
TV-20451,Fairwind Logistics,in_transit
TV-20452,Silverline Chemicals Co,picked_up
TV-20453,Westgate Textiles Holdings,picked_up
TV-20454,Redgum Chemicals Pty Ltd,in_transit
TV-20455,Sunrise Pharma Group,created
TV-20456,Fairwind Apparel Group,in_transit
TV-20457,Redgum Components,created
TV-20458,Riverside Trading,delivered
TV-20459,Lakeside Wholesale,created
TV-20460,Highfield Electronics Holdings,failed
TV-20461,Redgum Beverages Holdings,created
TV-20462,Silverline Foods,picked_up
TV-20463,Golden Wholesale Pty Ltd,in_transit
TV-20464,Silverline Trading,in_transit
TV-20465,Stonebridge Chemicals,picked_up
TV-20466,Silverline Chemicals,delivered
TV-20467,Blackwood Beverages Holdings,in_transit
TV-20468,Redgum Foods,delivered
TV-20469,Stonebridge Grocers,delivered
TV-20470,Parkview Electronics Holdings,delivered
TV-20471,Golden Beverages,picked_up
TV-20472,Fairwind Foods Pty Ltd,in_transit
TV-20473,Harbour Pharma,created
TV-20474,Golden Beverages Pty Ltd,delivered
TV-20475,Eastlink Components Co,in_transit
TV-20476,Riverside Electronics,delivered
TV-20477,Redgum Hardware Holdings,picked_up
TV-20478,Kingsway Grocers Group,in_transit
TV-20479,Baywater Freight Holdings,in_transit
TV-20480,Redgum Electronics,in_transit
TV-20481,Parkview Foods Group,delivered
TV-20482,Blackwood Wholesale Group,delivered
TV-20483,Highfield Hardware,delivered
TV-20484,Summit Textiles,in_transit
TV-20485,Lakeside Foods Pty Ltd,in_transit
TV-20486,Highfield Distribution Holdings,delivered
TV-20487,Stonebridge Packaging Group,delivered
TV-20488,Eastlink Trading,picked_up
TV-20489,Ironbark Electronics,created
TV-20490,Westgate Trading Group,created
TV-20491,Parkview Components,created
TV-20492,Kingsway Electronics Group,in_transit
TV-20493,Coastal Grocers Holdings,in_transit
TV-20494,Summit Supplies Co,created
TV-20495,Silverline Foods,delivered
TV-20496,Parkview Beverages,picked_up
TV-20497,Kingsway Components Co,in_transit
TV-20498,Riverside Freight Co,delivered
TV-20499,Parkview Supplies Holdings,in_transit
TV-20500,Summit Trading Group,created
TV-20501,Westgate Textiles Co,delivered
TV-20502,Ironbark Components Pty Ltd,delivered
TV-20503,Summit Industrial Holdings,picked_up
TV-20504,Blackwood Motors Pty Ltd,delivered
TV-20505,Highfield Industrial,in_transit
TV-20506,Summit Logistics Group,delivered
TV-20507,Harbour Distribution,delivered
TV-20508,Eastlink Electronics Pty Ltd,delivered
TV-20509,Riverside Industrial,in_transit
TV-20510,Sunrise Hardware,delivered
TV-20511,Lakeside Pharma,delivered
TV-20512,Blackwood Trading,in_transit
TV-20513,Parkview Industrial,in_transit
TV-20514,Parkview Packaging Holdings,created
TV-20515,Westgate Components,failed
TV-20516,Fairwind Packaging Co,created
TV-20517,Stonebridge Packaging Holdings,delivered
TV-20518,Summit Distribution,delivered
TV-20519,Eastlink Wholesale Holdings,created
TV-20520,Ironbark Components Group,in_transit
TV-20521,Silverline Industrial,created
TV-20522,Parkview Beverages,in_transit
TV-20523,Blackwood Packaging Group,delivered
TV-20524,Blackwood Supplies,picked_up
TV-20525,Kingsway Logistics,delivered
TV-20526,Harbour Foods,failed
TV-20527,Stonebridge Wholesale,delivered
TV-20528,Kingsway Components Co,delivered
TV-20529,Kingsway Electronics,in_transit
TV-20530,Westgate Freight Pty Ltd,in_transit
TV-20531,Fairwind Electronics Holdings,picked_up
TV-20532,Summit Grocers Co,picked_up
TV-20533,Parkview Motors Pty Ltd,created
TV-20534,Summit Hardware Holdings,delivered
TV-20535,Stonebridge Chemicals Pty Ltd,picked_up
TV-20536,Eastlink Distribution,delivered
TV-20537,Harbour Industrial,in_transit
TV-20538,Blackwood Foods Pty Ltd,created
TV-20539,Northern Distribution,in_transit
TV-20540,Eastlink Packaging,created
TV-20541,Parkview Freight Group,in_transit
TV-20542,Eastlink Apparel,delivered
TV-20543,Fairwind Beverages,in_transit
TV-20544,Harbour Packaging,in_transit
TV-20545,Blackwood Packaging,in_transit
TV-20546,Coastal Foods Co,delivered
TV-20547,Golden Packaging,created
TV-20548,Northern Pharma,delivered
TV-20549,Kingsway Electronics Group,picked_up
TV-20550,Baywater Wholesale,created
TV-20551,Silverline Motors,delivered
TV-20552,Westgate Industrial,in_transit
TV-20553,Summit Hardware Holdings,delivered
TV-20554,Baywater Components,created
TV-20555,Highfield Electronics,failed
TV-20556,Kingsway Industrial,delivered
TV-20557,Stonebridge Chemicals,created
TV-20558,Golden Hardware Group,delivered
TV-20559,Ironbark Trading,delivered
TV-20560,Westgate Trading Group,in_transit
TV-20561,Northern Components Co,in_transit
TV-20562,Coastal Industrial,delivered
TV-20563,Summit Electronics Group,picked_up
TV-20564,Baywater Hardware,delivered
TV-20565,Highfield Retail Co,created
TV-20566,Stonebridge Retail Group,delivered
TV-20567,Harbour Foods Group,in_transit
TV-20568,Redgum Motors Group,in_transit
TV-20569,Redgum Textiles Holdings,in_transit
TV-20570,Highfield Hardware Co,picked_up
TV-20571,Riverside Textiles,delivered
TV-20572,Parkview Supplies Co,delivered
TV-20573,Fairwind Freight Holdings,created
TV-20574,Riverside Retail Co,delivered
TV-20575,Highfield Motors Pty Ltd,delivered
TV-20576,Harbour Logistics Holdings,in_transit
TV-20577,Parkview Freight Pty Ltd,created
TV-20578,Fairwind Electronics,delivered
TV-20579,Summit Industrial,in_transit
TV-20580,Eastlink Packaging,delivered
TV-20581,Stonebridge Trading Holdings,created
TV-20582,Westgate Textiles,in_transit
TV-20583,Silverline Components,delivered
TV-20584,Lakeside Retail Holdings,in_transit
TV-20585,Northern Industrial Co,delivered
TV-20586,Coastal Logistics,in_transit
TV-20587,Sunrise Freight,delivered
TV-20588,Baywater Beverages,picked_up
TV-20589,Baywater Packaging Holdings,in_transit
TV-20590,Parkview Wholesale Co,created
TV-20591,Silverline Hardware,created
TV-20592,Redgum Industrial Group,failed
TV-20593,Lakeside Distribution,delivered
TV-20594,Westgate Packaging,delivered
TV-20595,Ironbark Grocers Holdings,delivered
TV-20596,Parkview Hardware,created
TV-20597,Summit Wholesale,picked_up
TV-20598,Harbour Chemicals,in_transit
TV-20599,Golden Textiles,delivered
TV-20600,Highfield Pharma Holdings,created
TV-20601,Redgum Textiles Co,delivered
TV-20602,Kingsway Distribution,created
TV-20603,Highfield Supplies,created
TV-20604,Lakeside Packaging Pty Ltd,created
TV-20605,Parkview Hardware Pty Ltd,created
TV-20606,Golden Wholesale Co,failed
TV-20607,Highfield Beverages Group,in_transit
TV-20608,Northern Pharma Co,picked_up
TV-20609,Parkview Logistics,delivered
TV-20610,Harbour Pharma Holdings,picked_up
TV-20611,Ironbark Electronics Group,delivered
TV-20612,Silverline Beverages Co,created
TV-20613,Eastlink Supplies Pty Ltd,created
TV-20614,Northern Foods,delivered
TV-20615,Fairwind Supplies,in_transit
TV-20616,Summit Motors Group,created
TV-20617,Summit Foods,picked_up
TV-20618,Sunrise Pharma Co,in_transit
TV-20619,Golden Beverages Pty Ltd,created
TV-20620,Fairwind Apparel Group,picked_up
TV-20621,Ironbark Beverages Co,picked_up
TV-20622,Highfield Hardware,created
TV-20623,Parkview Wholesale,in_transit
TV-20624,Redgum Wholesale,in_transit
TV-20625,Blackwood Freight Group,picked_up
TV-20626,Lakeside Chemicals,failed
TV-20627,Northern Chemicals Pty Ltd,in_transit
TV-20628,Sunrise Beverages Pty Ltd,created
TV-20629,Riverside Retail Pty Ltd,picked_up
TV-20630,Silverline Components Co,failed
TV-20631,Ironbark Chemicals Group,delivered
TV-20632,Riverside Industrial Group,in_transit
TV-20633,Ironbark Trading Group,in_transit
TV-20634,Lakeside Trading,created
TV-20635,Fairwind Hardware Co,picked_up
TV-20636,Golden Chemicals Pty Ltd,in_transit
TV-20637,Ironbark Supplies,created
TV-20638,Baywater Textiles Holdings,delivered
TV-20639,Eastlink Distribution,delivered
TV-20640,Eastlink Retail Pty Ltd,created
TV-20641,Sunrise Pharma Pty Ltd,in_transit
TV-20642,Lakeside Chemicals,in_transit
TV-20643,Parkview Grocers Holdings,picked_up
TV-20644,Summit Logistics Co,picked_up
TV-20645,Silverline Wholesale Holdings,delivered
TV-20646,Sunrise Freight Group,delivered
TV-20647,Sunrise Grocers,in_transit
TV-20648,Fairwind Freight Pty Ltd,in_transit
TV-20649,Baywater Beverages Co,delivered
TV-20650,Silverline Chemicals Pty Ltd,delivered
TV-20651,Sunrise Supplies,delivered
TV-20652,Sunrise Grocers Group,created
TV-20653,Westgate Industrial,in_transit
TV-20654,Kingsway Apparel Pty Ltd,in_transit
TV-20655,Kingsway Components,delivered
TV-20656,Lakeside Motors Holdings,delivered
TV-20657,Baywater Trading Group,created
TV-20658,Summit Freight Group,created
TV-20659,Stonebridge Retail Co,in_transit
TV-20660,Lakeside Hardware,created
TV-20661,Blackwood Industrial,failed
TV-20662,Redgum Components Co,delivered
TV-20663,Kingsway Grocers,created
TV-20664,Highfield Textiles Pty Ltd,in_transit
TV-20665,Golden Chemicals,failed
TV-20666,Eastlink Textiles Holdings,created
TV-20667,Harbour Chemicals,in_transit
TV-20668,Highfield Packaging Holdings,in_transit
TV-20669,Northern Packaging,in_transit
TV-20670,Stonebridge Packaging,created
TV-20671,Blackwood Packaging Co,delivered
TV-20672,Blackwood Motors Holdings,in_transit
TV-20673,Fairwind Retail Co,in_transit
TV-20674,Silverline Electronics Group,delivered
TV-20675,Harbour Freight Pty Ltd,in_transit
TV-20676,Blackwood Hardware,delivered
TV-20677,Parkview Textiles,delivered
TV-20678,Stonebridge Packaging,picked_up
TV-20679,Eastlink Wholesale Group,in_transit
TV-20680,Harbour Wholesale,delivered
TV-20681,Highfield Wholesale Pty Ltd,delivered
TV-20682,Redgum Motors,delivered
TV-20683,Sunrise Chemicals Holdings,created
TV-20684,Summit Hardware,created
TV-20685,Golden Trading Holdings,in_transit
TV-20686,Riverside Textiles,picked_up
TV-20687,Highfield Chemicals Co,created
TV-20688,Blackwood Textiles Co,delivered
TV-20689,Summit Supplies Holdings,in_transit
TV-20690,Stonebridge Motors,delivered
TV-20691,Redgum Electronics,picked_up
TV-20692,Redgum Pharma,delivered
TV-20693,Golden Beverages Pty Ltd,in_transit
TV-20694,Golden Wholesale Holdings,delivered
TV-20695,Baywater Textiles Holdings,delivered
TV-20696,Silverline Apparel Group,delivered
TV-20697,Highfield Retail Pty Ltd,created
TV-20698,Westgate Hardware Holdings,in_transit
TV-20699,Parkview Wholesale,picked_up
TV-20700,Eastlink Motors,delivered
TV-20701,Baywater Pharma Pty Ltd,created
TV-20702,Silverline Trading Group,picked_up
TV-20703,Golden Motors,picked_up
TV-20704,Coastal Beverages Pty Ltd,in_transit
TV-20705,Northern Chemicals Pty Ltd,delivered
TV-20706,Highfield Apparel Co,in_transit
TV-20707,Lakeside Apparel Group,delivered
TV-20708,Fairwind Logistics,delivered
TV-20709,Kingsway Freight,created
TV-20710,Lakeside Distribution Co,created
TV-20711,Blackwood Foods Pty Ltd,in_transit
TV-20712,Coastal Grocers Pty Ltd,in_transit
TV-20713,Stonebridge Retail,delivered
TV-20714,Silverline Apparel,picked_up
TV-20715,Riverside Beverages,delivered
TV-20716,Stonebridge Components Pty Ltd,in_transit
TV-20717,Blackwood Wholesale Pty Ltd,delivered
TV-20718,Northern Electronics,created
TV-20719,Riverside Retail Holdings,in_transit
TV-20720,Silverline Logistics,picked_up
TV-20721,Blackwood Electronics Holdings,delivered
TV-20722,Golden Motors,created
TV-20723,Eastlink Supplies,delivered
TV-20724,Highfield Wholesale Co,picked_up
TV-20725,Highfield Logistics,delivered
TV-20726,Redgum Grocers Holdings,in_transit
TV-20727,Redgum Hardware Co,delivered
TV-20728,Kingsway Textiles Group,in_transit
TV-20729,Westgate Apparel,picked_up
TV-20730,Parkview Distribution Co,created
TV-20731,Northern Freight Group,created
TV-20732,Lakeside Beverages Pty Ltd,created
TV-20733,Baywater Apparel Pty Ltd,picked_up
TV-20734,Lakeside Hardware,picked_up
TV-20735,Lakeside Components Group,in_transit
TV-20736,Summit Grocers Co,in_transit
TV-20737,Golden Logistics,picked_up
TV-20738,Baywater Trading,in_transit
TV-20739,Stonebridge Motors Group,delivered
TV-20740,Kingsway Logistics,created
TV-20741,Coastal Retail Pty Ltd,in_transit
TV-20742,Eastlink Apparel,picked_up
TV-20743,Stonebridge Apparel,in_transit
TV-20744,Baywater Components Holdings,created
TV-20745,Riverside Foods Group,picked_up
TV-20746,Ironbark Packaging,in_transit
TV-20747,Summit Freight,picked_up
TV-20748,Coastal Grocers Co,created
TV-20749,Highfield Retail Pty Ltd,in_transit
TV-20750,Silverline Motors Group,delivered
TV-20751,Baywater Industrial,in_transit
TV-20752,Harbour Textiles Holdings,created
TV-20753,Golden Industrial,created
TV-20754,Baywater Logistics Pty Ltd,delivered
TV-20755,Sunrise Apparel,in_transit
TV-20756,Redgum Supplies Pty Ltd,failed
TV-20757,Eastlink Chemicals Co,created
TV-20758,Northern Apparel,delivered
TV-20759,Highfield Chemicals Pty Ltd,delivered
TV-20760,Kingsway Wholesale Pty Ltd,delivered
TV-20761,Lakeside Logistics Pty Ltd,picked_up
TV-20762,Lakeside Hardware Group,failed
TV-20763,Blackwood Beverages,in_transit
TV-20764,Baywater Industrial Pty Ltd,delivered
TV-20765,Redgum Pharma Co,delivered
TV-20766,Baywater Beverages Group,picked_up
TV-20767,Silverline Chemicals,created
TV-20768,Fairwind Wholesale Pty Ltd,created
TV-20769,Sunrise Wholesale,delivered
TV-20770,Kingsway Wholesale,picked_up
TV-20771,Baywater Industrial,in_transit
TV-20772,Eastlink Beverages Holdings,created
TV-20773,Sunrise Foods Pty Ltd,picked_up
TV-20774,Summit Components,delivered
TV-20775,Highfield Distribution Holdings,delivered
TV-20776,Lakeside Components,delivered
TV-20777,Stonebridge Chemicals,delivered
TV-20778,Eastlink Trading,in_transit
TV-20779,Kingsway Chemicals,created
TV-20780,Blackwood Chemicals,delivered
TV-20781,Golden Industrial,created
TV-20782,Parkview Distribution Holdings,picked_up
TV-20783,Coastal Pharma,created
TV-20784,Stonebridge Supplies,delivered
TV-20785,Baywater Electronics Pty Ltd,in_transit
TV-20786,Golden Textiles Group,in_transit
TV-20787,Harbour Apparel Holdings,delivered
TV-20788,Kingsway Components,in_transit
TV-20789,Baywater Chemicals,delivered
TV-20790,Kingsway Freight,delivered
TV-20791,Eastlink Packaging Co,failed
TV-20792,Lakeside Grocers,in_transit
TV-20793,Northern Retail,delivered
TV-20794,Eastlink Electronics,delivered
TV-20795,Lakeside Components Co,picked_up
TV-20796,Ironbark Textiles,delivered
TV-20797,Harbour Trading Group,in_transit
TV-20798,Westgate Logistics,picked_up
TV-20799,Silverline Packaging,created
TV-20800,Coastal Motors,in_transit
TV-20801,Northern Components Group,picked_up
TV-20802,Sunrise Components Pty Ltd,created
TV-20803,Harbour Freight Pty Ltd,failed
TV-20804,Northern Logistics,in_transit
TV-20805,Stonebridge Textiles Co,failed
TV-20806,Blackwood Retail Pty Ltd,in_transit
TV-20807,Stonebridge Beverages,in_transit
TV-20808,Summit Logistics Co,created
TV-20809,Fairwind Apparel Holdings,in_transit
TV-20810,Redgum Industrial,created
TV-20811,Stonebridge Grocers Holdings,in_transit
TV-20812,Highfield Chemicals,created
TV-20813,Riverside Freight Co,in_transit
TV-20814,Blackwood Grocers Holdings,created
TV-20815,Blackwood Grocers Holdings,in_transit
TV-20816,Blackwood Foods,in_transit
TV-20817,Silverline Packaging Group,created
TV-20818,Harbour Retail,created
TV-20819,Silverline Industrial,delivered
TV-20820,Northern Foods,delivered
TV-20821,Blackwood Trading,in_transit
TV-20822,Summit Packaging,delivered
TV-20823,Parkview Trading Holdings,delivered
TV-20824,Baywater Trading Holdings,delivered
TV-20825,Coastal Textiles Group,delivered
TV-20826,Ironbark Distribution Group,in_transit
TV-20827,Highfield Retail,in_transit
TV-20828,Blackwood Pharma Pty Ltd,failed
TV-20829,Blackwood Industrial Group,created
TV-20830,Summit Beverages Co,in_transit
TV-20831,Sunrise Chemicals Holdings,delivered
TV-20832,Sunrise Distribution Group,in_transit
TV-20833,Silverline Grocers Group,in_transit
TV-20834,Golden Electronics Co,in_transit
TV-20835,Riverside Components Co,in_transit
TV-20836,Blackwood Pharma Group,created
TV-20837,Lakeside Foods Co,delivered
TV-20838,Highfield Foods Holdings,in_transit
TV-20839,Lakeside Freight,in_transit
TV-20840,Eastlink Apparel,created
TV-20841,Sunrise Trading Group,picked_up
TV-20842,Highfield Retail Group,in_transit
TV-20843,Westgate Industrial,delivered
TV-20844,Riverside Foods,delivered
TV-20845,Harbour Freight,created
TV-20846,Kingsway Wholesale Group,delivered
TV-20847,Lakeside Wholesale,in_transit
TV-20848,Sunrise Chemicals,in_transit
TV-20849,Coastal Chemicals,failed
TV-20850,Parkview Pharma,delivered
TV-20851,Eastlink Supplies,in_transit
TV-20852,Redgum Logistics,in_transit
TV-20853,Harbour Industrial Pty Ltd,delivered
TV-20854,Coastal Retail,in_transit
TV-20855,Riverside Motors,delivered
TV-20856,Parkview Foods,in_transit
TV-20857,Stonebridge Trading,in_transit
TV-20858,Fairwind Freight Pty Ltd,created
TV-20859,Riverside Beverages,delivered
TV-20860,Fairwind Grocers Group,in_transit
TV-20861,Eastlink Supplies Group,in_transit
TV-20862,Lakeside Retail,in_transit
TV-20863,Ironbark Packaging Holdings,in_transit
TV-20864,Highfield Distribution,delivered
TV-20865,Coastal Pharma,created
TV-20866,Ironbark Trading Co,picked_up
TV-20867,Baywater Components,created
TV-20868,Ironbark Beverages,in_transit
TV-20869,Riverside Chemicals,delivered
TV-20870,Baywater Textiles,picked_up
TV-20871,Kingsway Hardware,in_transit
TV-20872,Lakeside Chemicals,picked_up
TV-20873,Coastal Packaging Group,in_transit
TV-20874,Stonebridge Packaging Co,picked_up
TV-20875,Sunrise Textiles Group,picked_up
TV-20876,Ironbark Packaging,delivered
TV-20877,Fairwind Packaging Group,created
TV-20878,Blackwood Supplies Holdings,in_transit
TV-20879,Eastlink Wholesale Co,picked_up
TV-20880,Fairwind Packaging,picked_up
TV-20881,Fairwind Electronics Holdings,delivered
TV-20882,Fairwind Textiles,picked_up
TV-20883,Golden Pharma,picked_up
TV-20884,Coastal Apparel Co,in_transit
TV-20885,Highfield Trading Group,picked_up
TV-20886,Redgum Foods,in_transit
TV-20887,Coastal Motors Group,created
TV-20888,Sunrise Logistics Group,delivered
TV-20889,Northern Electronics Co,delivered
TV-20890,Coastal Textiles Co,delivered
TV-20891,Golden Distribution,in_transit
TV-20892,Ironbark Supplies,in_transit
TV-20893,Eastlink Beverages,delivered
TV-20894,Baywater Trading,in_transit
TV-20895,Sunrise Wholesale,picked_up
TV-20896,Ironbark Wholesale Co,created
TV-20897,Sunrise Freight Co,delivered
TV-20898,Kingsway Foods Group,delivered
TV-20899,Riverside Pharma Pty Ltd,in_transit
TV-20900,Coastal Beverages Pty Ltd,delivered
TV-20901,Summit Trading,delivered
TV-20902,Baywater Trading,delivered
TV-20903,Stonebridge Textiles Group,picked_up
TV-20904,Fairwind Logistics,delivered
TV-20905,Golden Distribution,in_transit
TV-20906,Lakeside Textiles,created
TV-20907,Baywater Packaging,picked_up
TV-20908,Golden Beverages,created
TV-20909,Silverline Foods,failed
TV-20910,Redgum Hardware,in_transit
TV-20911,Coastal Industrial,picked_up
TV-20912,Blackwood Distribution Group,delivered
TV-20913,Fairwind Grocers Pty Ltd,delivered
TV-20914,Baywater Industrial Holdings,delivered
TV-20915,Stonebridge Trading,delivered
TV-20916,Baywater Freight,delivered
TV-20917,Golden Packaging,picked_up
TV-20918,Sunrise Packaging Co,picked_up
TV-20919,Golden Hardware,created
TV-20920,Harbour Pharma Pty Ltd,created
TV-20921,Stonebridge Retail Pty Ltd,delivered
TV-20922,Redgum Foods Co,failed
TV-20923,Eastlink Electronics Group,delivered
TV-20924,Lakeside Industrial Pty Ltd,failed
TV-20925,Redgum Electronics Group,failed
TV-20926,Sunrise Electronics Pty Ltd,delivered
TV-20927,Baywater Apparel,created
TV-20928,Eastlink Chemicals,delivered
TV-20929,Ironbark Foods,created
TV-20930,Kingsway Pharma,created
TV-20931,Fairwind Components Holdings,delivered
TV-20932,Riverside Chemicals,in_transit
TV-20933,Redgum Chemicals,in_transit
TV-20934,Fairwind Foods,picked_up
TV-20935,Harbour Electronics Co,picked_up
TV-20936,Kingsway Packaging Holdings,in_transit
TV-20937,Stonebridge Components Pty Ltd,delivered
TV-20938,Harbour Logistics Pty Ltd,created
TV-20939,Highfield Components Group,in_transit
TV-20940,Riverside Apparel Group,in_transit
TV-20941,Silverline Chemicals Group,in_transit
TV-20942,Highfield Packaging Holdings,in_transit
TV-20943,Westgate Beverages Co,delivered
TV-20944,Lakeside Hardware,failed
TV-20945,Baywater Hardware,in_transit
TV-20946,Redgum Beverages Holdings,delivered
TV-20947,Coastal Electronics Pty Ltd,created
TV-20948,Riverside Distribution Co,in_transit
TV-20949,Redgum Wholesale,in_transit
TV-20950,Kingsway Chemicals Holdings,failed
TV-20951,Silverline Freight Pty Ltd,created
TV-20952,Coastal Grocers Holdings,picked_up
TV-20953,Stonebridge Industrial,picked_up
TV-20954,Westgate Motors Group,in_transit
TV-20955,Northern Textiles Co,in_transit
TV-20956,Coastal Chemicals,in_transit
TV-20957,Kingsway Components Pty Ltd,in_transit
TV-20958,Blackwood Trading,in_transit
TV-20959,Harbour Industrial,picked_up
TV-20960,Lakeside Apparel Pty Ltd,created
TV-20961,Lakeside Wholesale Pty Ltd,picked_up
TV-20962,Fairwind Apparel,created
TV-20963,Blackwood Trading Pty Ltd,in_transit
TV-20964,Eastlink Wholesale,in_transit
TV-20965,Harbour Motors,in_transit
TV-20966,Westgate Freight Holdings,in_transit
TV-20967,Westgate Hardware,failed
TV-20968,Westgate Retail Co,delivered
TV-20969,Summit Retail Pty Ltd,in_transit
TV-20970,Sunrise Electronics,created
TV-20971,Westgate Wholesale Holdings,created
TV-20972,Sunrise Freight Group,created
TV-20973,Golden Hardware,created
TV-20974,Summit Components Pty Ltd,picked_up
TV-20975,Westgate Beverages Holdings,in_transit
TV-20976,Harbour Retail,delivered
TV-20977,Eastlink Wholesale Pty Ltd,picked_up
TV-20978,Kingsway Apparel Holdings,delivered
TV-20979,Blackwood Retail Holdings,delivered
TV-20980,Parkview Chemicals Pty Ltd,created
TV-20981,Ironbark Freight Group,created
TV-20982,Baywater Foods Co,picked_up
TV-20983,Golden Foods,picked_up
TV-20984,Northern Packaging,in_transit
TV-20985,Coastal Chemicals,in_transit
TV-20986,Lakeside Supplies Co,delivered
TV-20987,Riverside Wholesale,delivered
TV-20988,Coastal Freight,delivered
TV-20989,Redgum Electronics Group,in_transit
TV-20990,Kingsway Textiles,picked_up
TV-20991,Summit Hardware,in_transit
TV-20992,Westgate Pharma Holdings,in_transit
TV-20993,Baywater Motors,picked_up
TV-20994,Highfield Supplies,created
TV-20995,Summit Logistics,in_transit
TV-20996,Westgate Beverages,picked_up
TV-20997,Blackwood Retail,delivered
TV-20998,Fairwind Supplies Co,delivered
TV-20999,Parkview Wholesale Group,failed
TV-21000,Ironbark Components Co,created
TV-21001,Ironbark Retail,delivered
TV-21002,Sunrise Distribution Group,in_transit
TV-21003,Golden Retail Pty Ltd,created
TV-21004,Kingsway Apparel Group,in_transit
TV-21005,Highfield Trading,created
TV-21006,Kingsway Industrial Holdings,delivered
TV-21007,Blackwood Chemicals Holdings,delivered
TV-21008,Northern Pharma,created
TV-21009,Parkview Pharma Co,in_transit
TV-21010,Ironbark Packaging Holdings,in_transit
TV-21011,Westgate Logistics Group,in_transit
TV-21012,Riverside Beverages Pty Ltd,in_transit
TV-21013,Blackwood Hardware,in_transit
TV-21014,Westgate Foods,delivered
TV-21015,Highfield Freight Group,picked_up
TV-21016,Parkview Pharma,delivered
TV-21017,Harbour Motors Group,in_transit
TV-21018,Fairwind Textiles Holdings,in_transit
TV-21019,Kingsway Packaging Co,in_transit
TV-21020,Blackwood Freight Pty Ltd,failed
TV-21021,Baywater Chemicals,in_transit
TV-21022,Lakeside Retail,picked_up
TV-21023,Golden Logistics Co,in_transit
TV-21024,Westgate Electronics Pty Ltd,created
TV-21025,Ironbark Electronics,delivered
TV-21026,Westgate Packaging,in_transit
TV-21027,Stonebridge Freight,delivered
TV-21028,Highfield Chemicals,in_transit
TV-21029,Coastal Retail Holdings,in_transit
TV-21030,Eastlink Trading,in_transit
TV-21031,Riverside Wholesale Holdings,in_transit
TV-21032,Highfield Chemicals Group,delivered
TV-21033,Redgum Supplies,delivered
TV-21034,Golden Trading,picked_up
TV-21035,Riverside Foods,picked_up
TV-21036,Harbour Supplies,created
TV-21037,Golden Pharma Holdings,created
TV-21038,Baywater Grocers Holdings,in_transit
TV-21039,Blackwood Chemicals Holdings,picked_up
TV-21040,Ironbark Foods,created
TV-21041,Fairwind Industrial Co,delivered
TV-21042,Blackwood Hardware Holdings,created
TV-21043,Highfield Pharma Holdings,delivered
TV-21044,Riverside Components Co,failed
TV-21045,Ironbark Trading,created
TV-21046,Redgum Components Pty Ltd,failed
TV-21047,Riverside Supplies,created
TV-21048,Kingsway Wholesale,created
TV-21049,Westgate Logistics Holdings,delivered
TV-21050,Ironbark Motors,created
TV-21051,Silverline Textiles Holdings,delivered
TV-21052,Sunrise Wholesale,created
TV-21053,Westgate Freight,in_transit
TV-21054,Summit Components,in_transit
TV-21055,Lakeside Motors Group,picked_up
TV-21056,Northern Industrial,created
TV-21057,Parkview Retail,picked_up
TV-21058,Parkview Industrial Group,created
TV-21059,Eastlink Chemicals Pty Ltd,in_transit
TV-21060,Parkview Electronics Co,failed
TV-21061,Coastal Apparel Group,created
TV-21062,Lakeside Supplies,delivered
TV-21063,Kingsway Motors,delivered
TV-21064,Westgate Pharma Pty Ltd,in_transit
TV-21065,Highfield Hardware Group,in_transit
TV-21066,Northern Foods Pty Ltd,delivered
TV-21067,Harbour Pharma Pty Ltd,delivered
TV-21068,Ironbark Supplies Group,in_transit
TV-21069,Highfield Apparel,in_transit
TV-21070,Harbour Apparel Group,failed
TV-21071,Highfield Grocers Co,delivered
TV-21072,Lakeside Industrial Group,picked_up
TV-21073,Fairwind Motors,delivered
TV-21074,Baywater Chemicals Holdings,delivered
TV-21075,Blackwood Freight,picked_up
TV-21076,Silverline Motors,delivered
TV-21077,Lakeside Distribution,picked_up
TV-21078,Sunrise Electronics Co,delivered
TV-21079,Riverside Distribution,picked_up
TV-21080,Fairwind Components Holdings,picked_up
TV-21081,Stonebridge Motors Group,delivered
TV-21082,Baywater Pharma Pty Ltd,failed
TV-21083,Sunrise Industrial Holdings,delivered
TV-21084,Baywater Wholesale Holdings,created
TV-21085,Eastlink Pharma Group,delivered
TV-21086,Riverside Motors,picked_up
TV-21087,Westgate Textiles Co,delivered
TV-21088,Kingsway Logistics Holdings,created
TV-21089,Golden Logistics,delivered
TV-21090,Coastal Packaging,created
TV-21091,Baywater Textiles,in_transit
TV-21092,Summit Supplies,created
TV-21093,Ironbark Beverages Group,created
TV-21094,Highfield Motors Group,in_transit
TV-21095,Redgum Distribution,in_transit
TV-21096,Golden Grocers,created
TV-21097,Parkview Supplies,created
TV-21098,Harbour Foods Group,picked_up
TV-21099,Harbour Industrial,failed
TV-21100,Northern Hardware Group,created
TV-21101,Silverline Apparel Co,delivered
TV-21102,Stonebridge Trading Pty Ltd,delivered
TV-21103,Silverline Wholesale,created
TV-21104,Harbour Apparel Pty Ltd,in_transit
TV-21105,Westgate Industrial,created
TV-21106,Redgum Chemicals Holdings,picked_up
TV-21107,Westgate Grocers Group,delivered
TV-21108,Silverline Textiles,picked_up
TV-21109,Kingsway Motors,delivered
TV-21110,Parkview Grocers,delivered
TV-21111,Eastlink Logistics Pty Ltd,in_transit
TV-21112,Stonebridge Chemicals Holdings,delivered
TV-21113,Coastal Logistics,in_transit
TV-21114,Kingsway Foods,created
TV-21115,Golden Hardware Pty Ltd,delivered
TV-21116,Baywater Packaging Co,delivered
TV-21117,Blackwood Wholesale Pty Ltd,in_transit
TV-21118,Stonebridge Hardware,in_transit
TV-21119,Baywater Motors,in_transit
TV-21120,Summit Grocers Co,in_transit
TV-21121,Silverline Retail Holdings,in_transit
TV-21122,Northern Wholesale Group,in_transit
TV-21123,Sunrise Beverages,in_transit
TV-21124,Eastlink Packaging,delivered
TV-21125,Northern Apparel Holdings,delivered
TV-21126,Eastlink Freight,picked_up
TV-21127,Parkview Logistics,in_transit
TV-21128,Eastlink Motors Pty Ltd,delivered
TV-21129,Harbour Industrial Co,delivered
TV-21130,Riverside Textiles,created
TV-21131,Summit Logistics,delivered
TV-21132,Highfield Industrial,created
TV-21133,Summit Trading,delivered
TV-21134,Summit Logistics Holdings,delivered
TV-21135,Parkview Distribution,in_transit
TV-21136,Harbour Textiles Pty Ltd,created
TV-21137,Kingsway Apparel,delivered
TV-21138,Ironbark Distribution,in_transit
TV-21139,Ironbark Grocers Group,in_transit
TV-21140,Highfield Chemicals,created
TV-21141,Stonebridge Foods Group,picked_up
TV-21142,Silverline Textiles Holdings,created
TV-21143,Redgum Electronics Group,picked_up
TV-21144,Sunrise Supplies Group,created
TV-21145,Redgum Components,created
TV-21146,Lakeside Freight,in_transit
TV-21147,Kingsway Beverages Pty Ltd,delivered
TV-21148,Highfield Industrial,picked_up
TV-21149,Northern Pharma Group,created
TV-21150,Harbour Textiles,created
TV-21151,Northern Wholesale Co,delivered
TV-21152,Stonebridge Electronics,in_transit
TV-21153,Northern Freight Co,in_transit
TV-21154,Harbour Beverages,created
TV-21155,Fairwind Grocers,delivered
TV-21156,Redgum Distribution Holdings,created
TV-21157,Harbour Logistics Pty Ltd,in_transit
TV-21158,Golden Logistics Pty Ltd,in_transit
TV-21159,Eastlink Motors Pty Ltd,delivered
TV-21160,Silverline Logistics,in_transit
TV-21161,Redgum Pharma,in_transit
TV-21162,Blackwood Hardware Pty Ltd,in_transit
TV-21163,Coastal Pharma,in_transit
TV-21164,Westgate Grocers Co,in_transit
TV-21165,Sunrise Components Co,in_transit
TV-21166,Redgum Foods Group,delivered
TV-21167,Redgum Logistics,created
TV-21168,Blackwood Apparel Group,created
TV-21169,Parkview Motors,delivered
TV-21170,Ironbark Grocers,delivered
TV-21171,Ironbark Packaging Co,delivered
TV-21172,Silverline Trading,picked_up
TV-21173,Silverline Foods Group,delivered
TV-21174,Redgum Apparel Group,created
TV-21175,Baywater Foods,delivered
TV-21176,Summit Beverages Pty Ltd,in_transit
TV-21177,Eastlink Textiles,delivered
TV-21178,Summit Chemicals Holdings,delivered
TV-21179,Lakeside Chemicals Pty Ltd,delivered
TV-21180,Kingsway Motors Co,failed
TV-21181,Harbour Supplies Holdings,delivered
TV-21182,Stonebridge Supplies Holdings,in_transit
TV-21183,Golden Packaging Pty Ltd,in_transit
TV-21184,Harbour Supplies,delivered
TV-21185,Stonebridge Textiles Pty Ltd,created
TV-21186,Coastal Distribution,in_transit
TV-21187,Riverside Supplies,created
TV-21188,Baywater Grocers,delivered
TV-21189,Highfield Apparel Group,in_transit
TV-21190,Kingsway Trading Co,delivered
TV-21191,Blackwood Retail,in_transit
TV-21192,Sunrise Logistics,in_transit
TV-21193,Harbour Grocers Co,in_transit
TV-21194,Kingsway Packaging,picked_up
TV-21195,Coastal Industrial,delivered
TV-21196,Riverside Foods,created
TV-21197,Blackwood Industrial,in_transit
TV-21198,Northern Hardware,in_transit
TV-21199,Kingsway Beverages,failed
TV-21200,Silverline Trading,in_transit
TV-21201,Stonebridge Retail,in_transit
TV-21202,Riverside Motors,delivered
TV-21203,Kingsway Chemicals,delivered
TV-21204,Riverside Freight,created
TV-21205,Baywater Pharma Co,in_transit
TV-21206,Sunrise Distribution Pty Ltd,created
TV-21207,Kingsway Wholesale,picked_up
TV-21208,Riverside Foods,picked_up
TV-21209,Kingsway Beverages,delivered
TV-21210,Summit Foods,in_transit
TV-21211,Blackwood Industrial Group,in_transit
TV-21212,Redgum Chemicals Pty Ltd,delivered
TV-21213,Kingsway Components Co,created
TV-21214,Harbour Textiles Pty Ltd,in_transit
TV-21215,Highfield Beverages Co,in_transit
TV-21216,Parkview Logistics Group,delivered
TV-21217,Westgate Industrial,in_transit
TV-21218,Kingsway Foods,in_transit
TV-21219,Westgate Trading Group,delivered
TV-21220,Ironbark Packaging Group,in_transit
TV-21221,Parkview Trading,picked_up
TV-21222,Ironbark Wholesale,created
TV-21223,Ironbark Electronics Group,in_transit
TV-21224,Harbour Hardware,created
TV-21225,Redgum Freight Co,delivered
TV-21226,Lakeside Supplies,in_transit
TV-21227,Redgum Electronics Holdings,failed
TV-21228,Westgate Freight,created
TV-21229,Golden Trading Holdings,delivered
TV-21230,Redgum Foods Group,delivered
TV-21231,Fairwind Industrial,delivered
TV-21232,Eastlink Trading Co,in_transit
TV-21233,Kingsway Freight,picked_up
TV-21234,Summit Hardware,created
TV-21235,Highfield Logistics Pty Ltd,delivered
TV-21236,Redgum Wholesale,created
TV-21237,Redgum Trading,delivered
TV-21238,Redgum Hardware,created
TV-21239,Fairwind Pharma,delivered
TV-21240,Westgate Foods Pty Ltd,delivered
TV-21241,Summit Pharma Co,in_transit
TV-21242,Baywater Supplies Holdings,picked_up
TV-21243,Stonebridge Grocers,created
TV-21244,Highfield Supplies Holdings,delivered
TV-21245,Northern Components,created
TV-21246,Coastal Retail Holdings,delivered
TV-21247,Blackwood Retail Holdings,created
TV-21248,Golden Logistics Holdings,picked_up
TV-21249,Silverline Beverages,picked_up
TV-21250,Redgum Hardware Pty Ltd,picked_up
TV-21251,Fairwind Distribution,in_transit
TV-21252,Blackwood Hardware Group,failed
TV-21253,Summit Foods Co,created
TV-21254,Sunrise Logistics Group,picked_up
TV-21255,Stonebridge Trading,in_transit
TV-21256,Westgate Distribution,delivered
TV-21257,Kingsway Wholesale,created
TV-21258,Lakeside Beverages,delivered
TV-21259,Ironbark Beverages,delivered
TV-21260,Kingsway Foods,created
TV-21261,Blackwood Chemicals,in_transit
TV-21262,Highfield Apparel,delivered
TV-21263,Lakeside Logistics,in_transit
TV-21264,Baywater Logistics Holdings,delivered
TV-21265,Parkview Trading Pty Ltd,created
TV-21266,Coastal Hardware,delivered
TV-21267,Blackwood Supplies Pty Ltd,in_transit
TV-21268,Lakeside Retail Group,delivered
TV-21269,Golden Electronics,created
TV-21270,Kingsway Beverages,created
TV-21271,Silverline Foods,delivered
TV-21272,Coastal Chemicals Group,in_transit
TV-21273,Fairwind Beverages,delivered
TV-21274,Highfield Electronics,in_transit
TV-21275,Eastlink Trading Co,picked_up
TV-21276,Parkview Beverages,in_transit
TV-21277,Ironbark Beverages,delivered
TV-21278,Riverside Freight,created
TV-21279,Westgate Freight Group,delivered
TV-21280,Fairwind Pharma,in_transit
TV-21281,Ironbark Beverages,created
TV-21282,Riverside Distribution Group,created
TV-21283,Ironbark Pharma,picked_up
TV-21284,Golden Motors Pty Ltd,in_transit
TV-21285,Highfield Pharma Holdings,created
TV-21286,Ironbark Pharma Holdings,picked_up
TV-21287,Coastal Supplies,created
TV-21288,Summit Hardware,picked_up
TV-21289,Harbour Trading,delivered
TV-21290,Highfield Electronics,delivered
TV-21291,Northern Distribution,created
TV-21292,Riverside Supplies,in_transit
TV-21293,Silverline Textiles Holdings,picked_up
TV-21294,Harbour Components,picked_up
TV-21295,Highfield Packaging,created
TV-21296,Golden Supplies,in_transit
TV-21297,Lakeside Packaging Group,in_transit
TV-21298,Harbour Wholesale,created
TV-21299,Northern Pharma,delivered
TV-21300,Sunrise Distribution Group,delivered
TV-21301,Blackwood Electronics Co,delivered
TV-21302,Baywater Logistics Holdings,in_transit
TV-21303,Blackwood Wholesale,in_transit
TV-21304,Kingsway Wholesale,delivered
TV-21305,Lakeside Supplies,delivered
TV-21306,Silverline Grocers Co,picked_up
TV-21307,Lakeside Apparel,delivered
TV-21308,Northern Foods,created
TV-21309,Ironbark Electronics Pty Ltd,in_transit
TV-21310,Coastal Freight Pty Ltd,delivered
TV-21311,Fairwind Beverages,in_transit
TV-21312,Coastal Hardware Co,created
TV-21313,Lakeside Motors,delivered
TV-21314,Riverside Freight,delivered
TV-21315,Parkview Industrial Holdings,created
TV-21316,Sunrise Supplies,created
TV-21317,Sunrise Components Holdings,created
TV-21318,Highfield Motors Pty Ltd,in_transit
TV-21319,Coastal Supplies,picked_up
TV-21320,Stonebridge Apparel Pty Ltd,in_transit
TV-21321,Sunrise Beverages Holdings,picked_up
TV-21322,Ironbark Motors Holdings,in_transit
TV-21323,Fairwind Foods Pty Ltd,created
TV-21324,Ironbark Textiles Pty Ltd,created
TV-21325,Coastal Grocers,picked_up
TV-21326,Harbour Packaging,delivered
TV-21327,Summit Electronics,delivered
TV-21328,Golden Trading,picked_up
TV-21329,Redgum Wholesale Holdings,failed
TV-21330,Silverline Industrial,in_transit
TV-21331,Redgum Logistics,in_transit
TV-21332,Eastlink Distribution,delivered
TV-21333,Eastlink Motors Group,created
TV-21334,Eastlink Freight Co,in_transit
TV-21335,Ironbark Grocers Co,picked_up
TV-21336,Stonebridge Hardware,delivered
TV-21337,Sunrise Distribution Pty Ltd,picked_up
TV-21338,Stonebridge Hardware Co,delivered
TV-21339,Parkview Electronics,delivered
TV-21340,Coastal Textiles,in_transit
TV-21341,Ironbark Freight,picked_up
TV-21342,Baywater Trading Group,in_transit
TV-21343,Summit Trading,picked_up
TV-21344,Ironbark Supplies,picked_up
TV-21345,Harbour Electronics,in_transit
TV-21346,Eastlink Foods,delivered
TV-21347,Harbour Wholesale,picked_up
TV-21348,Blackwood Beverages,picked_up
TV-21349,Golden Trading,created
TV-21350,Eastlink Freight,delivered
TV-21351,Riverside Beverages,in_transit
TV-21352,Kingsway Wholesale,in_transit
TV-21353,Sunrise Pharma,created
TV-21354,Northern Hardware Co,created
TV-21355,Redgum Components Group,in_transit
TV-21356,Sunrise Foods,delivered
TV-21357,Westgate Wholesale Co,delivered
TV-21358,Redgum Electronics,picked_up
TV-21359,Northern Retail,delivered
TV-21360,Baywater Pharma,delivered
TV-21361,Coastal Apparel,created
TV-21362,Northern Trading Group,in_transit
TV-21363,Baywater Logistics Group,in_transit
TV-21364,Northern Apparel,in_transit
TV-21365,Parkview Chemicals Holdings,picked_up
TV-21366,Lakeside Textiles,created
TV-21367,Golden Freight,delivered
TV-21368,Ironbark Components,created
TV-21369,Baywater Wholesale,delivered
TV-21370,Harbour Pharma Co,created
TV-21371,Stonebridge Hardware Pty Ltd,in_transit
TV-21372,Redgum Pharma Co,picked_up
TV-21373,Baywater Beverages Pty Ltd,delivered
TV-21374,Silverline Logistics Pty Ltd,in_transit
TV-21375,Baywater Supplies Pty Ltd,created
TV-21376,Summit Electronics Pty Ltd,created
TV-21377,Baywater Foods,picked_up
TV-21378,Northern Distribution,in_transit
TV-21379,Coastal Retail Holdings,created
TV-21380,Sunrise Supplies,failed
TV-21381,Golden Industrial,delivered
TV-21382,Silverline Chemicals,delivered
TV-21383,Harbour Wholesale,delivered
TV-21384,Ironbark Supplies,picked_up
TV-21385,Northern Beverages,delivered
TV-21386,Baywater Electronics Co,created
TV-21387,Northern Packaging,delivered
TV-21388,Westgate Supplies,delivered
TV-21389,Parkview Pharma,created
TV-21390,Eastlink Foods Holdings,failed
TV-21391,Silverline Apparel,delivered
TV-21392,Redgum Electronics Co,created
TV-21393,Redgum Industrial,delivered
TV-21394,Sunrise Components,in_transit
TV-21395,Northern Logistics Holdings,in_transit
TV-21396,Riverside Packaging,in_transit
TV-21397,Harbour Beverages,failed
TV-21398,Highfield Hardware,created
TV-21399,Highfield Freight,picked_up
TV-21400,Stonebridge Foods,delivered
TV-21401,Coastal Hardware Co,delivered
TV-21402,Baywater Industrial,delivered
TV-21403,Harbour Components Co,delivered
TV-21404,Riverside Retail,delivered
TV-21405,Northern Packaging Pty Ltd,created
TV-21406,Kingsway Apparel,in_transit
TV-21407,Coastal Retail,created
TV-21408,Harbour Wholesale,in_transit
TV-21409,Riverside Electronics Co,delivered
TV-21410,Harbour Electronics Pty Ltd,delivered
TV-21411,Stonebridge Components Holdings,delivered
TV-21412,Lakeside Retail Holdings,delivered
TV-21413,Riverside Packaging Pty Ltd,delivered
TV-21414,Westgate Beverages,delivered
TV-21415,Parkview Packaging,delivered
TV-21416,Riverside Retail Co,picked_up
TV-21417,Westgate Supplies,failed
TV-21418,Redgum Retail Co,delivered
TV-21419,Stonebridge Freight,picked_up
TV-21420,Parkview Wholesale Pty Ltd,delivered
TV-21421,Baywater Supplies Pty Ltd,delivered
TV-21422,Northern Textiles Holdings,delivered
TV-21423,Golden Beverages,delivered
TV-21424,Summit Beverages,delivered
TV-21425,Baywater Motors,in_transit
TV-21426,Lakeside Apparel Pty Ltd,created
TV-21427,Parkview Electronics,delivered
TV-21428,Blackwood Freight,delivered
TV-21429,Lakeside Distribution,in_transit
TV-21430,Stonebridge Hardware,in_transit
TV-21431,Highfield Textiles,created
TV-21432,Stonebridge Supplies,delivered
TV-21433,Redgum Beverages,picked_up
TV-21434,Blackwood Chemicals,in_transit
TV-21435,Parkview Apparel Pty Ltd,in_transit
TV-21436,Riverside Textiles,in_transit
TV-21437,Baywater Retail Pty Ltd,delivered
TV-21438,Golden Logistics,in_transit
TV-21439,Ironbark Pharma,in_transit
TV-21440,Fairwind Packaging,created
TV-21441,Redgum Industrial,failed
TV-21442,Blackwood Freight,delivered
TV-21443,Summit Hardware Holdings,picked_up
TV-21444,Parkview Chemicals Group,delivered
TV-21445,Summit Distribution,delivered
TV-21446,Riverside Wholesale,created
TV-21447,Northern Wholesale Holdings,picked_up
TV-21448,Harbour Chemicals,picked_up
TV-21449,Lakeside Distribution,delivered
TV-21450,Ironbark Packaging Group,delivered
TV-21451,Highfield Electronics Group,delivered
TV-21452,Lakeside Distribution,picked_up
TV-21453,Stonebridge Motors Pty Ltd,in_transit
TV-21454,Lakeside Freight,in_transit
TV-21455,Stonebridge Electronics Group,delivered
TV-21456,Silverline Motors Co,failed
TV-21457,Baywater Logistics Pty Ltd,created
TV-21458,Coastal Foods Group,created
TV-21459,Baywater Freight Group,in_transit
TV-21460,Highfield Chemicals Group,picked_up
TV-21461,Parkview Apparel Co,created
TV-21462,Harbour Packaging,picked_up
TV-21463,Harbour Foods,created
TV-21464,Lakeside Components,picked_up
TV-21465,Lakeside Freight Co,in_transit
TV-21466,Lakeside Electronics Holdings,in_transit
TV-21467,Riverside Apparel,created
TV-21468,Kingsway Freight,delivered
TV-21469,Parkview Pharma Group,in_transit
TV-21470,Eastlink Trading Co,picked_up
TV-21471,Riverside Beverages,in_transit
TV-21472,Blackwood Pharma Holdings,in_transit
TV-21473,Kingsway Industrial Pty Ltd,in_transit
TV-21474,Fairwind Electronics,in_transit
TV-21475,Ironbark Wholesale Holdings,delivered
TV-21476,Kingsway Motors Holdings,picked_up
TV-21477,Riverside Chemicals,delivered
TV-21478,Redgum Freight,created
TV-21479,Silverline Electronics Group,delivered
TV-21480,Riverside Logistics,created
TV-21481,Fairwind Industrial,created
TV-21482,Eastlink Packaging,delivered
TV-21483,Sunrise Wholesale,in_transit
TV-21484,Coastal Grocers Holdings,in_transit
TV-21485,Riverside Packaging,delivered
TV-21486,Highfield Retail,delivered
TV-21487,Parkview Electronics,failed
TV-21488,Northern Beverages Group,created
TV-21489,Baywater Distribution,picked_up
TV-21490,Sunrise Components Group,created
TV-21491,Silverline Apparel Pty Ltd,failed
TV-21492,Golden Distribution Pty Ltd,picked_up
TV-21493,Ironbark Supplies Holdings,picked_up
TV-21494,Northern Freight Pty Ltd,created
TV-21495,Fairwind Grocers,in_transit
TV-21496,Harbour Distribution Co,created
TV-21497,Harbour Motors,in_transit
TV-21498,Parkview Grocers Holdings,delivered
TV-21499,Highfield Packaging Pty Ltd,created
TV-21500,Stonebridge Beverages,delivered
TV-21501,Parkview Trading,in_transit
TV-21502,Highfield Foods Pty Ltd,created
TV-21503,Riverside Industrial,picked_up
TV-21504,Parkview Hardware Co,in_transit
TV-21505,Blackwood Foods,failed
TV-21506,Fairwind Pharma Holdings,delivered
TV-21507,Kingsway Textiles Holdings,delivered
TV-21508,Highfield Logistics,in_transit
TV-21509,Northern Hardware,picked_up
TV-21510,Fairwind Apparel Group,picked_up
TV-21511,Fairwind Chemicals Co,delivered
TV-21512,Ironbark Pharma Pty Ltd,created
TV-21513,Baywater Packaging Group,created
TV-21514,Fairwind Electronics,picked_up
TV-21515,Parkview Distribution Holdings,failed
TV-21516,Westgate Trading Pty Ltd,created
TV-21517,Lakeside Components Holdings,delivered
TV-21518,Fairwind Retail Pty Ltd,in_transit
TV-21519,Westgate Pharma Co,delivered
TV-21520,Highfield Logistics,created
TV-21521,Lakeside Retail Co,delivered
TV-21522,Stonebridge Apparel Group,delivered
TV-21523,Golden Foods,delivered
TV-21524,Fairwind Grocers,in_transit
TV-21525,Golden Chemicals,in_transit
TV-21526,Summit Packaging,picked_up
TV-21527,Silverline Freight,created
TV-21528,Westgate Freight Group,created
TV-21529,Lakeside Chemicals Pty Ltd,delivered
TV-21530,Summit Distribution,in_transit
TV-21531,Harbour Grocers Holdings,delivered
TV-21532,Northern Distribution Pty Ltd,delivered
TV-21533,Lakeside Motors,delivered
TV-21534,Fairwind Motors Group,delivered
TV-21535,Highfield Motors Group,in_transit
TV-21536,Golden Pharma,delivered
TV-21537,Golden Hardware,created
TV-21538,Harbour Beverages Co,picked_up
TV-21539,Westgate Components,delivered
TV-21540,Harbour Electronics Holdings,picked_up
TV-21541,Westgate Electronics Co,delivered
TV-21542,Riverside Packaging Co,in_transit
TV-21543,Westgate Industrial Co,picked_up
TV-21544,Lakeside Hardware Holdings,delivered
TV-21545,Harbour Trading,created
TV-21546,Harbour Foods Co,delivered
TV-21547,Baywater Components,delivered
TV-21548,Harbour Beverages Holdings,delivered
TV-21549,Baywater Apparel,delivered
TV-21550,Highfield Wholesale,delivered
TV-21551,Riverside Motors,picked_up
TV-21552,Baywater Foods Pty Ltd,delivered
TV-21553,Summit Supplies Pty Ltd,failed
TV-21554,Highfield Beverages,picked_up
TV-21555,Lakeside Freight Pty Ltd,delivered
TV-21556,Redgum Chemicals Co,in_transit
TV-21557,Silverline Packaging,delivered
TV-21558,Ironbark Beverages,created
TV-21559,Stonebridge Electronics Group,created
TV-21560,Eastlink Packaging,in_transit
TV-21561,Summit Chemicals,in_transit
TV-21562,Silverline Retail Pty Ltd,in_transit
TV-21563,Summit Motors,delivered
TV-21564,Baywater Motors Pty Ltd,delivered
TV-21565,Westgate Grocers Pty Ltd,failed
TV-21566,Highfield Freight,picked_up
TV-21567,Baywater Logistics Group,in_transit
TV-21568,Coastal Supplies,failed
TV-21569,Fairwind Freight,in_transit
TV-21570,Baywater Distribution Group,in_transit
TV-21571,Ironbark Electronics Holdings,created
TV-21572,Silverline Distribution,created
TV-21573,Parkview Chemicals,in_transit
TV-21574,Parkview Hardware,delivered
TV-21575,Coastal Chemicals,in_transit
TV-21576,Ironbark Packaging Co,in_transit
TV-21577,Lakeside Apparel,in_transit
TV-21578,Kingsway Beverages,in_transit
TV-21579,Golden Pharma Co,delivered
TV-21580,Eastlink Trading Co,delivered
TV-21581,Stonebridge Apparel,created
TV-21582,Silverline Foods Holdings,picked_up
TV-21583,Sunrise Logistics Pty Ltd,picked_up
TV-21584,Fairwind Motors Pty Ltd,picked_up
TV-21585,Kingsway Retail,delivered
TV-21586,Sunrise Foods,created
TV-21587,Harbour Motors,created
TV-21588,Coastal Components,in_transit
TV-21589,Westgate Industrial Group,in_transit
TV-21590,Westgate Foods Co,failed
TV-21591,Lakeside Pharma,created
TV-21592,Westgate Retail,in_transit
TV-21593,Summit Supplies Group,in_transit
TV-21594,Kingsway Supplies,delivered
TV-21595,Golden Grocers Pty Ltd,created
TV-21596,Northern Retail,in_transit
TV-21597,Blackwood Hardware,picked_up
TV-21598,Harbour Wholesale Holdings,delivered
TV-21599,Sunrise Foods Holdings,delivered
TV-21600,Silverline Retail,delivered
TV-21601,Summit Apparel Group,in_transit
TV-21602,Highfield Trading Co,in_transit
TV-21603,Harbour Logistics,created
TV-21604,Eastlink Industrial Co,created
TV-21605,Highfield Wholesale Holdings,in_transit
TV-21606,Riverside Wholesale,created
TV-21607,Silverline Distribution Group,delivered
TV-21608,Stonebridge Pharma,delivered
TV-21609,Riverside Electronics Holdings,picked_up
TV-21610,Silverline Packaging Co,created
TV-21611,Redgum Logistics,picked_up
TV-21612,Sunrise Components,created
TV-21613,Ironbark Supplies,delivered
TV-21614,Northern Beverages Group,delivered
TV-21615,Northern Trading,created
TV-21616,Riverside Trading,in_transit
TV-21617,Coastal Logistics,picked_up
TV-21618,Blackwood Distribution Co,created
TV-21619,Riverside Beverages Holdings,picked_up
TV-21620,Riverside Supplies Pty Ltd,created
TV-21621,Sunrise Freight,failed
TV-21622,Harbour Freight,in_transit
TV-21623,Harbour Industrial,created
TV-21624,Silverline Components,delivered
TV-21625,Eastlink Packaging Pty Ltd,picked_up
TV-21626,Golden Chemicals Holdings,in_transit
TV-21627,Stonebridge Apparel,delivered
TV-21628,Fairwind Electronics,delivered
TV-21629,Golden Electronics Group,delivered
TV-21630,Kingsway Supplies,picked_up
TV-21631,Stonebridge Hardware Group,delivered
TV-21632,Blackwood Components Pty Ltd,in_transit
TV-21633,Sunrise Grocers,created
TV-21634,Fairwind Wholesale Pty Ltd,in_transit
TV-21635,Westgate Motors,delivered
TV-21636,Kingsway Motors Holdings,in_transit
TV-21637,Westgate Hardware,delivered
TV-21638,Silverline Beverages Group,delivered
TV-21639,Riverside Motors,delivered
TV-21640,Fairwind Packaging,created
TV-21641,Coastal Distribution,failed
TV-21642,Blackwood Distribution Co,in_transit
TV-21643,Lakeside Beverages Co,failed
TV-21644,Stonebridge Apparel Group,delivered
TV-21645,Stonebridge Hardware,delivered
TV-21646,Fairwind Trading,delivered
TV-21647,Northern Freight,delivered
TV-21648,Lakeside Packaging,picked_up
TV-21649,Ironbark Industrial Co,delivered
TV-21650,Northern Chemicals Pty Ltd,in_transit
TV-21651,Eastlink Pharma,in_transit
TV-21652,Ironbark Supplies Co,picked_up
TV-21653,Westgate Retail Co,picked_up
TV-21654,Eastlink Apparel Pty Ltd,failed
TV-21655,Lakeside Freight,delivered
TV-21656,Westgate Packaging Group,picked_up
TV-21657,Sunrise Industrial,created
TV-21658,Lakeside Distribution,created
TV-21659,Eastlink Packaging,delivered
TV-21660,Sunrise Electronics,in_transit
TV-21661,Ironbark Industrial Pty Ltd,in_transit
TV-21662,Ironbark Textiles,delivered
TV-21663,Summit Chemicals,created
TV-21664,Redgum Hardware,created
TV-21665,Highfield Foods Pty Ltd,delivered
TV-21666,Northern Foods,created
TV-21667,Baywater Wholesale,created
TV-21668,Golden Trading,in_transit
TV-21669,Eastlink Logistics,created
TV-21670,Sunrise Beverages Group,in_transit
TV-21671,Silverline Motors Holdings,created
TV-21672,Northern Trading,delivered
TV-21673,Stonebridge Trading Holdings,picked_up
TV-21674,Lakeside Trading,in_transit
TV-21675,Silverline Electronics Holdings,delivered
TV-21676,Kingsway Retail,in_transit
TV-21677,Redgum Components Group,picked_up
TV-21678,Northern Supplies,delivered
TV-21679,Coastal Electronics Holdings,picked_up
TV-21680,Highfield Logistics Group,in_transit
TV-21681,Blackwood Freight,in_transit
TV-21682,Redgum Grocers Holdings,delivered
TV-21683,Stonebridge Retail,picked_up
TV-21684,Golden Components Co,delivered
TV-21685,Blackwood Industrial Group,delivered
TV-21686,Kingsway Packaging Pty Ltd,created
TV-21687,Parkview Supplies Co,in_transit
TV-21688,Northern Retail,delivered
TV-21689,Coastal Pharma Pty Ltd,failed
TV-21690,Stonebridge Foods,in_transit
TV-21691,Eastlink Chemicals Co,delivered
TV-21692,Harbour Industrial Co,in_transit
TV-21693,Stonebridge Distribution Group,picked_up
TV-21694,Baywater Foods Pty Ltd,created
TV-21695,Westgate Apparel Pty Ltd,in_transit
TV-21696,Highfield Freight,in_transit
TV-21697,Lakeside Distribution Co,in_transit
TV-21698,Lakeside Pharma,picked_up
TV-21699,Redgum Trading,delivered
TV-21700,Summit Logistics,in_transit
TV-21701,Coastal Electronics Holdings,created
TV-21702,Westgate Packaging,delivered
TV-21703,Fairwind Electronics,delivered
TV-21704,Harbour Apparel,in_transit
TV-21705,Baywater Components,in_transit
TV-21706,Sunrise Packaging Holdings,created
TV-21707,Riverside Components,picked_up
TV-21708,Ironbark Industrial,delivered
TV-21709,Ironbark Supplies,in_transit
TV-21710,Summit Beverages Co,in_transit
TV-21711,Stonebridge Motors Co,in_transit
TV-21712,Fairwind Hardware,delivered
TV-21713,Blackwood Supplies,picked_up
TV-21714,Sunrise Logistics Holdings,in_transit
TV-21715,Ironbark Logistics Holdings,in_transit
TV-21716,Riverside Freight,delivered
TV-21717,Highfield Apparel,created
TV-21718,Kingsway Components Holdings,delivered
TV-21719,Baywater Apparel Holdings,in_transit
TV-21720,Golden Motors Group,in_transit
TV-21721,Redgum Textiles Holdings,in_transit
TV-21722,Redgum Supplies Group,picked_up
TV-21723,Redgum Chemicals,picked_up
TV-21724,Fairwind Apparel,delivered
TV-21725,Parkview Apparel,delivered
TV-21726,Silverline Electronics,delivered
TV-21727,Highfield Wholesale,in_transit
TV-21728,Blackwood Industrial,created
TV-21729,Redgum Hardware Co,delivered
TV-21730,Eastlink Retail Holdings,in_transit
TV-21731,Parkview Beverages Holdings,picked_up
TV-21732,Parkview Supplies Holdings,in_transit
TV-21733,Redgum Freight,delivered
TV-21734,Baywater Motors,picked_up
TV-21735,Sunrise Motors Co,delivered
TV-21736,Coastal Logistics,delivered
TV-21737,Parkview Hardware Holdings,in_transit
TV-21738,Northern Foods Co,in_transit
TV-21739,Redgum Logistics,delivered
TV-21740,Eastlink Industrial Holdings,delivered
TV-21741,Harbour Retail Group,delivered
TV-21742,Coastal Hardware,created
TV-21743,Kingsway Textiles,picked_up
TV-21744,Blackwood Freight Holdings,delivered
TV-21745,Ironbark Textiles,delivered
TV-21746,Highfield Packaging,picked_up
TV-21747,Lakeside Electronics Holdings,in_transit
TV-21748,Ironbark Distribution Pty Ltd,picked_up
TV-21749,Kingsway Industrial,delivered
TV-21750,Golden Trading Pty Ltd,picked_up
TV-21751,Lakeside Electronics,created
TV-21752,Fairwind Supplies Pty Ltd,created
TV-21753,Harbour Foods,in_transit
TV-21754,Summit Packaging Holdings,delivered
TV-21755,Ironbark Electronics Group,picked_up
TV-21756,Eastlink Motors,failed
TV-21757,Westgate Retail Group,delivered
TV-21758,Harbour Freight,created
TV-21759,Fairwind Electronics Co,created
TV-21760,Riverside Beverages Pty Ltd,in_transit
TV-21761,Silverline Supplies,picked_up
TV-21762,Kingsway Components Holdings,delivered
TV-21763,Lakeside Wholesale Holdings,delivered
TV-21764,Fairwind Distribution Group,in_transit
TV-21765,Baywater Chemicals Group,delivered
TV-21766,Stonebridge Distribution,created
TV-21767,Fairwind Beverages,picked_up
TV-21768,Eastlink Wholesale,picked_up
TV-21769,Redgum Foods Holdings,failed
TV-21770,Lakeside Supplies Co,delivered
TV-21771,Harbour Wholesale Holdings,delivered
TV-21772,Ironbark Retail,delivered
TV-21773,Highfield Grocers,in_transit
TV-21774,Parkview Motors Pty Ltd,created
TV-21775,Riverside Pharma Holdings,in_transit
TV-21776,Sunrise Motors Pty Ltd,in_transit
TV-21777,Lakeside Grocers Pty Ltd,picked_up
TV-21778,Eastlink Foods Co,picked_up
TV-21779,Sunrise Foods Co,created
TV-21780,Ironbark Electronics,delivered
TV-21781,Silverline Trading Holdings,created
TV-21782,Silverline Logistics,created
TV-21783,Fairwind Beverages,delivered
TV-21784,Riverside Textiles,picked_up
TV-21785,Parkview Beverages Co,in_transit
TV-21786,Kingsway Chemicals,in_transit
TV-21787,Blackwood Electronics Group,in_transit
TV-21788,Redgum Foods,picked_up
TV-21789,Ironbark Apparel Co,picked_up
TV-21790,Coastal Supplies Co,delivered
TV-21791,Baywater Electronics Co,created
TV-21792,Silverline Industrial,in_transit
TV-21793,Northern Foods,in_transit
TV-21794,Highfield Grocers Co,created
TV-21795,Riverside Logistics Group,delivered
TV-21796,Redgum Pharma Holdings,in_transit
TV-21797,Northern Packaging Pty Ltd,created
TV-21798,Lakeside Wholesale,picked_up
TV-21799,Riverside Components Co,picked_up
TV-21800,Silverline Electronics Holdings,delivered
TV-21801,Fairwind Textiles,picked_up
TV-21802,Baywater Apparel Co,in_transit
TV-21803,Highfield Distribution Pty Ltd,picked_up
TV-21804,Ironbark Beverages,in_transit
TV-21805,Highfield Supplies Co,failed
TV-21806,Northern Components,created
TV-21807,Blackwood Motors Holdings,delivered
TV-21808,Northern Retail,created
TV-21809,Coastal Grocers,delivered
TV-21810,Golden Distribution,in_transit
TV-21811,Harbour Hardware Holdings,delivered
TV-21812,Riverside Motors,delivered
TV-21813,Harbour Logistics,delivered
TV-21814,Redgum Foods,delivered
TV-21815,Blackwood Trading,delivered
TV-21816,Westgate Hardware,delivered
TV-21817,Kingsway Freight,picked_up
TV-21818,Blackwood Apparel,picked_up
TV-21819,Kingsway Chemicals,delivered
TV-21820,Parkview Wholesale,delivered
TV-21821,Fairwind Chemicals,picked_up
TV-21822,Lakeside Motors,delivered
TV-21823,Kingsway Pharma,in_transit
TV-21824,Parkview Supplies,created
TV-21825,Riverside Pharma,created
TV-21826,Stonebridge Beverages Pty Ltd,created
TV-21827,Sunrise Industrial,created
TV-21828,Northern Trading,created
TV-21829,Golden Logistics Pty Ltd,created
TV-21830,Westgate Electronics,delivered
TV-21831,Silverline Packaging,delivered
TV-21832,Redgum Motors,created
TV-21833,Eastlink Trading Pty Ltd,delivered
TV-21834,Coastal Packaging Holdings,delivered
TV-21835,Golden Beverages,created
TV-21836,Harbour Electronics,in_transit
TV-21837,Sunrise Foods,picked_up
TV-21838,Coastal Foods,created
TV-21839,Northern Trading,picked_up
TV-21840,Westgate Foods,picked_up
TV-21841,Redgum Motors,in_transit
TV-21842,Summit Foods,created
TV-21843,Riverside Electronics Pty Ltd,delivered
TV-21844,Stonebridge Motors Pty Ltd,in_transit
TV-21845,Highfield Retail Group,in_transit
TV-21846,Parkview Wholesale Group,created
TV-21847,Stonebridge Grocers,picked_up
TV-21848,Ironbark Components,delivered
TV-21849,Northern Electronics Group,in_transit
TV-21850,Kingsway Motors,in_transit
TV-21851,Coastal Grocers,failed
TV-21852,Sunrise Textiles,in_transit
TV-21853,Highfield Logistics Co,picked_up
TV-21854,Parkview Textiles Co,delivered
TV-21855,Blackwood Components Co,created
TV-21856,Northern Pharma,created
TV-21857,Golden Logistics Group,in_transit
TV-21858,Silverline Industrial Holdings,delivered
TV-21859,Westgate Components Co,in_transit
TV-21860,Summit Chemicals,picked_up
TV-21861,Golden Wholesale Group,delivered
TV-21862,Riverside Supplies,created
TV-21863,Parkview Industrial Holdings,in_transit
TV-21864,Golden Components,created
TV-21865,Harbour Packaging,delivered
TV-21866,Parkview Industrial,delivered
TV-21867,Harbour Pharma Group,created
TV-21868,Harbour Wholesale,in_transit
TV-21869,Riverside Trading,picked_up
TV-21870,Northern Hardware Holdings,delivered
TV-21871,Summit Apparel,delivered
TV-21872,Fairwind Freight,in_transit
TV-21873,Sunrise Foods Co,created
TV-21874,Fairwind Distribution Holdings,delivered
TV-21875,Riverside Industrial Co,picked_up
TV-21876,Eastlink Retail,picked_up
TV-21877,Golden Components Pty Ltd,picked_up
TV-21878,Blackwood Components,delivered
TV-21879,Fairwind Trading,created
TV-21880,Harbour Supplies Group,delivered
TV-21881,Blackwood Supplies Co,in_transit
TV-21882,Stonebridge Logistics Co,in_transit
TV-21883,Silverline Beverages,delivered
TV-21884,Stonebridge Textiles,delivered
TV-21885,Sunrise Distribution Pty Ltd,in_transit
TV-21886,Summit Electronics,created
TV-21887,Eastlink Motors Group,in_transit
TV-21888,Eastlink Hardware,delivered
TV-21889,Highfield Components,in_transit
TV-21890,Stonebridge Hardware Group,in_transit
TV-21891,Golden Components,delivered
TV-21892,Blackwood Logistics Co,created
TV-21893,Kingsway Packaging,picked_up
TV-21894,Summit Beverages,created
TV-21895,Parkview Logistics,delivered
TV-21896,Fairwind Foods Holdings,created
TV-21897,Riverside Beverages,created
TV-21898,Baywater Electronics Holdings,created
TV-21899,Baywater Wholesale Pty Ltd,in_transit
TV-21900,Baywater Electronics,in_transit
TV-21901,Silverline Supplies,created
TV-21902,Redgum Logistics Holdings,picked_up
TV-21903,Summit Components,picked_up
TV-21904,Blackwood Components,failed
TV-21905,Stonebridge Freight,in_transit
TV-21906,Fairwind Logistics,failed
TV-21907,Fairwind Electronics Co,delivered
TV-21908,Fairwind Apparel,created
TV-21909,Highfield Grocers,in_transit
TV-21910,Parkview Distribution Co,delivered
TV-21911,Blackwood Grocers Holdings,picked_up
TV-21912,Westgate Motors,created
TV-21913,Fairwind Chemicals Co,delivered
TV-21914,Silverline Pharma,delivered
TV-21915,Baywater Distribution,created
TV-21916,Eastlink Pharma Pty Ltd,delivered
TV-21917,Redgum Foods Holdings,in_transit
TV-21918,Westgate Textiles,in_transit
TV-21919,Westgate Electronics Co,created
TV-21920,Golden Chemicals,created
TV-21921,Stonebridge Apparel Co,in_transit
TV-21922,Westgate Trading,in_transit
TV-21923,Parkview Trading,in_transit
TV-21924,Parkview Supplies,failed
TV-21925,Stonebridge Hardware,in_transit
TV-21926,Eastlink Motors,delivered
TV-21927,Kingsway Electronics Pty Ltd,delivered
TV-21928,Riverside Distribution Group,delivered
TV-21929,Parkview Supplies Group,delivered
TV-21930,Stonebridge Hardware Pty Ltd,in_transit
TV-21931,Blackwood Foods,in_transit
TV-21932,Parkview Distribution,picked_up
TV-21933,Highfield Components Group,created
TV-21934,Coastal Distribution Co,created
TV-21935,Riverside Distribution,delivered
TV-21936,Golden Textiles Co,created
TV-21937,Silverline Distribution Holdings,picked_up
TV-21938,Blackwood Packaging Holdings,delivered
TV-21939,Golden Electronics Pty Ltd,in_transit
TV-21940,Sunrise Supplies,picked_up
TV-21941,Kingsway Logistics Group,in_transit
TV-21942,Summit Foods,created
TV-21943,Harbour Freight Pty Ltd,in_transit
TV-21944,Highfield Chemicals,delivered
TV-21945,Golden Supplies Pty Ltd,created
TV-21946,Riverside Logistics,delivered
TV-21947,Blackwood Packaging Co,created
TV-21948,Fairwind Grocers Co,picked_up
TV-21949,Fairwind Distribution,in_transit
TV-21950,Blackwood Logistics Holdings,in_transit
TV-21951,Parkview Industrial,in_transit
TV-21952,Fairwind Freight Pty Ltd,in_transit
TV-21953,Summit Wholesale Group,in_transit
TV-21954,Redgum Foods Pty Ltd,delivered
TV-21955,Lakeside Retail Group,in_transit
TV-21956,Highfield Industrial Holdings,created
TV-21957,Redgum Components,created
TV-21958,Highfield Logistics,created
TV-21959,Highfield Trading,created
TV-21960,Golden Apparel,picked_up
TV-21961,Highfield Components,created
TV-21962,Northern Beverages,delivered
TV-21963,Eastlink Beverages Holdings,picked_up
TV-21964,Silverline Industrial,in_transit
TV-21965,Coastal Supplies,created
TV-21966,Golden Motors,created
TV-21967,Riverside Motors,picked_up
TV-21968,Golden Freight Holdings,created
TV-21969,Redgum Supplies,delivered
TV-21970,Lakeside Apparel,in_transit
TV-21971,Eastlink Hardware,in_transit
TV-21972,Silverline Components,delivered
TV-21973,Silverline Textiles Co,picked_up
TV-21974,Summit Apparel Co,created
TV-21975,Redgum Components,in_transit
TV-21976,Lakeside Components,failed
TV-21977,Lakeside Trading,failed
TV-21978,Riverside Foods Holdings,created
TV-21979,Harbour Freight,in_transit
TV-21980,Sunrise Chemicals Pty Ltd,in_transit
TV-21981,Baywater Beverages Pty Ltd,delivered
TV-21982,Blackwood Retail,created
TV-21983,Highfield Trading Holdings,delivered
TV-21984,Eastlink Textiles Co,failed
TV-21985,Redgum Apparel Pty Ltd,delivered
TV-21986,Coastal Pharma Group,created
TV-21987,Westgate Supplies,in_transit
TV-21988,Eastlink Distribution,created
TV-21989,Eastlink Grocers,picked_up
TV-21990,Parkview Pharma Holdings,created
TV-21991,Parkview Logistics Pty Ltd,delivered
TV-21992,Fairwind Freight,picked_up
TV-21993,Baywater Components,created
TV-21994,Parkview Beverages,delivered
TV-21995,Blackwood Retail Group,in_transit
TV-21996,Stonebridge Electronics,in_transit
TV-21997,Sunrise Electronics,in_transit
TV-21998,Fairwind Trading Co,created
TV-21999,Parkview Electronics Group,delivered
TV-22000,Baywater Logistics,delivered
TV-22001,Stonebridge Textiles,delivered
TV-22002,Lakeside Supplies Co,created
TV-22003,Westgate Trading,in_transit
TV-22004,Northern Industrial,in_transit
TV-22005,Summit Industrial,failed
TV-22006,Northern Grocers,in_transit
TV-22007,Blackwood Trading,in_transit
TV-22008,Summit Retail,delivered
TV-22009,Silverline Retail,delivered
TV-22010,Blackwood Apparel Group,delivered
TV-22011,Riverside Components,in_transit
TV-22012,Eastlink Distribution Group,delivered
TV-22013,Highfield Motors Holdings,delivered
TV-22014,Silverline Hardware,delivered
TV-22015,Silverline Electronics,delivered
TV-22016,Sunrise Trading Group,created
TV-22017,Parkview Foods,in_transit
TV-22018,Kingsway Electronics Co,delivered
TV-22019,Sunrise Chemicals,delivered
TV-22020,Northern Beverages Holdings,in_transit
TV-22021,Summit Chemicals Holdings,created
TV-22022,Fairwind Foods,failed
TV-22023,Harbour Motors,in_transit
TV-22024,Northern Hardware Holdings,created
TV-22025,Golden Electronics,delivered
TV-22026,Blackwood Freight,picked_up
TV-22027,Sunrise Textiles,delivered
TV-22028,Riverside Grocers Co,delivered
TV-22029,Harbour Industrial Pty Ltd,picked_up
TV-22030,Kingsway Textiles Pty Ltd,in_transit
TV-22031,Redgum Retail Co,in_transit
TV-22032,Ironbark Chemicals,created
TV-22033,Blackwood Wholesale,picked_up
TV-22034,Coastal Packaging Pty Ltd,picked_up
TV-22035,Redgum Logistics Pty Ltd,delivered
TV-22036,Parkview Packaging,in_transit
TV-22037,Stonebridge Wholesale Holdings,created
TV-22038,Silverline Retail Pty Ltd,in_transit
TV-22039,Kingsway Freight Group,created
TV-22040,Summit Distribution,in_transit
TV-22041,Ironbark Foods,created
TV-22042,Northern Components,delivered
TV-22043,Summit Industrial,picked_up
TV-22044,Northern Trading,picked_up
TV-22045,Blackwood Components Co,delivered
TV-22046,Sunrise Foods,delivered
TV-22047,Golden Hardware,in_transit
TV-22048,Northern Beverages,failed
TV-22049,Redgum Supplies Pty Ltd,in_transit
TV-22050,Summit Supplies Group,delivered
TV-22051,Coastal Packaging Holdings,picked_up
TV-22052,Parkview Textiles Pty Ltd,in_transit
TV-22053,Highfield Motors Holdings,delivered
TV-22054,Coastal Distribution,in_transit
TV-22055,Summit Electronics Group,in_transit
TV-22056,Fairwind Logistics,created
TV-22057,Stonebridge Retail,delivered
TV-22058,Stonebridge Retail Pty Ltd,in_transit
TV-22059,Lakeside Textiles Co,in_transit
TV-22060,Blackwood Trading Group,in_transit
TV-22061,Sunrise Supplies,delivered
TV-22062,Eastlink Distribution,picked_up
TV-22063,Parkview Freight Holdings,failed
TV-22064,Ironbark Wholesale,delivered
TV-22065,Riverside Distribution Co,created
TV-22066,Lakeside Logistics Holdings,in_transit
TV-22067,Ironbark Retail,in_transit
TV-22068,Fairwind Wholesale Co,delivered
TV-22069,Fairwind Retail Pty Ltd,delivered
TV-22070,Blackwood Grocers Holdings,delivered
TV-22071,Ironbark Freight,in_transit
TV-22072,Baywater Apparel,delivered
TV-22073,Baywater Freight,delivered
TV-22074,Northern Grocers,picked_up
TV-22075,Eastlink Electronics Holdings,in_transit
TV-22076,Stonebridge Logistics,created
TV-22077,Riverside Grocers,created
TV-22078,Highfield Trading,delivered
TV-22079,Silverline Industrial Co,created
TV-22080,Harbour Chemicals Pty Ltd,in_transit
TV-22081,Northern Trading,created
TV-22082,Fairwind Freight,delivered
TV-22083,Silverline Trading Co,created
TV-22084,Blackwood Industrial Holdings,in_transit
TV-22085,Coastal Components,delivered
TV-22086,Riverside Motors,delivered
TV-22087,Stonebridge Retail,delivered
TV-22088,Stonebridge Distribution Group,delivered
TV-22089,Westgate Retail,in_transit
TV-22090,Silverline Freight Group,created
TV-22091,Sunrise Retail Group,in_transit
TV-22092,Riverside Apparel,created
TV-22093,Baywater Motors Group,delivered
TV-22094,Northern Supplies,in_transit
TV-22095,Sunrise Wholesale Holdings,in_transit
TV-22096,Highfield Pharma Pty Ltd,in_transit
TV-22097,Parkview Packaging,in_transit
TV-22098,Silverline Packaging Co,in_transit
TV-22099,Ironbark Wholesale,in_transit
TV-22100,Highfield Packaging,in_transit
TV-22101,Coastal Trading,picked_up
TV-22102,Blackwood Beverages,created
TV-22103,Redgum Beverages Co,created
TV-22104,Ironbark Retail Pty Ltd,delivered
TV-22105,Lakeside Chemicals Holdings,in_transit
TV-22106,Redgum Distribution Co,delivered
TV-22107,Golden Electronics Group,delivered
TV-22108,Redgum Foods,delivered
TV-22109,Highfield Beverages Holdings,in_transit
TV-22110,Coastal Textiles Group,failed
TV-22111,Coastal Retail,delivered
TV-22112,Sunrise Retail,in_transit
TV-22113,Redgum Components Holdings,delivered
TV-22114,Silverline Components Group,in_transit
TV-22115,Ironbark Trading,in_transit
TV-22116,Coastal Components,picked_up
TV-22117,Northern Pharma,in_transit
TV-22118,Sunrise Grocers,created
TV-22119,Baywater Motors Holdings,picked_up
TV-22120,Northern Industrial Pty Ltd,picked_up
TV-22121,Kingsway Foods,created
TV-22122,Baywater Pharma Holdings,delivered
TV-22123,Blackwood Foods Pty Ltd,picked_up
TV-22124,Eastlink Trading Group,in_transit
TV-22125,Coastal Foods Pty Ltd,in_transit
TV-22126,Ironbark Wholesale Co,delivered
TV-22127,Westgate Wholesale Pty Ltd,failed
TV-22128,Coastal Electronics,picked_up
TV-22129,Lakeside Hardware Group,in_transit
TV-22130,Riverside Packaging,in_transit
TV-22131,Harbour Electronics Pty Ltd,delivered
TV-22132,Eastlink Packaging Group,picked_up
TV-22133,Parkview Foods,picked_up
TV-22134,Eastlink Packaging Holdings,failed
TV-22135,Blackwood Trading,delivered
TV-22136,Harbour Beverages Pty Ltd,failed
TV-22137,Highfield Logistics Co,delivered
TV-22138,Blackwood Apparel,in_transit
TV-22139,Stonebridge Foods Co,picked_up
TV-22140,Parkview Foods Holdings,failed
TV-22141,Summit Foods Pty Ltd,picked_up
TV-22142,Sunrise Chemicals Pty Ltd,delivered
TV-22143,Kingsway Components,picked_up
TV-22144,Ironbark Foods,created
TV-22145,Blackwood Textiles Group,delivered
TV-22146,Riverside Industrial,delivered
TV-22147,Summit Textiles,delivered
TV-22148,Ironbark Electronics Group,created
TV-22149,Blackwood Hardware Co,created
TV-22150,Riverside Industrial Pty Ltd,in_transit
TV-22151,Lakeside Motors Pty Ltd,delivered
TV-22152,Westgate Logistics,failed
TV-22153,Stonebridge Retail Pty Ltd,created
TV-22154,Highfield Logistics Co,delivered
TV-22155,Eastlink Chemicals,delivered
TV-22156,Northern Motors Holdings,delivered
TV-22157,Fairwind Supplies,created
TV-22158,Redgum Components Group,created
TV-22159,Ironbark Textiles Group,in_transit
TV-22160,Eastlink Motors Group,picked_up
TV-22161,Coastal Supplies,picked_up
TV-22162,Parkview Textiles Holdings,delivered
TV-22163,Coastal Foods Co,delivered
TV-22164,Harbour Textiles Holdings,in_transit
TV-22165,Parkview Chemicals Co,failed
TV-22166,Eastlink Motors Pty Ltd,in_transit
TV-22167,Riverside Chemicals,delivered
TV-22168,Northern Apparel Co,in_transit
TV-22169,Riverside Freight Holdings,in_transit
TV-22170,Ironbark Electronics Group,delivered
TV-22171,Kingsway Packaging,created
TV-22172,Summit Foods Holdings,picked_up
TV-22173,Sunrise Pharma Holdings,delivered
TV-22174,Blackwood Pharma,created
TV-22175,Highfield Pharma Group,created
TV-22176,Lakeside Wholesale,created
TV-22177,Riverside Grocers Co,created
TV-22178,Ironbark Hardware Group,created
TV-22179,Kingsway Foods,delivered
TV-22180,Harbour Chemicals,created
TV-22181,Sunrise Trading,in_transit
TV-22182,Highfield Foods Pty Ltd,delivered
TV-22183,Highfield Wholesale,in_transit
TV-22184,Harbour Beverages,created
TV-22185,Stonebridge Pharma,in_transit
TV-22186,Fairwind Industrial Group,failed
TV-22187,Parkview Grocers,in_transit
TV-22188,Highfield Distribution Pty Ltd,created
TV-22189,Riverside Apparel Co,delivered
TV-22190,Blackwood Logistics,picked_up
TV-22191,Kingsway Pharma Pty Ltd,delivered
TV-22192,Summit Grocers,delivered
TV-22193,Eastlink Apparel Holdings,delivered
TV-22194,Eastlink Trading Co,created
TV-22195,Ironbark Distribution,created
TV-22196,Northern Beverages,in_transit
TV-22197,Redgum Packaging,in_transit
TV-22198,Harbour Motors Co,picked_up
TV-22199,Fairwind Hardware Co,picked_up
TV-22200,Riverside Chemicals,in_transit
TV-22201,Westgate Textiles,in_transit
TV-22202,Harbour Freight,in_transit
TV-22203,Stonebridge Logistics Pty Ltd,created
TV-22204,Highfield Hardware Co,created
TV-22205,Kingsway Components Group,delivered
TV-22206,Lakeside Beverages Holdings,delivered
TV-22207,Baywater Beverages Holdings,delivered
TV-22208,Westgate Trading,delivered
TV-22209,Sunrise Foods Pty Ltd,delivered
TV-22210,Highfield Retail,in_transit
TV-22211,Coastal Logistics,created
TV-22212,Parkview Hardware Group,in_transit
TV-22213,Silverline Electronics Holdings,failed
TV-22214,Redgum Chemicals,delivered
TV-22215,Baywater Chemicals Holdings,delivered
TV-22216,Harbour Hardware Pty Ltd,created
TV-22217,Harbour Retail Group,picked_up
TV-22218,Riverside Components Co,in_transit
TV-22219,Stonebridge Foods Holdings,created
TV-22220,Ironbark Logistics Holdings,in_transit
TV-22221,Westgate Industrial,picked_up
TV-22222,Ironbark Retail Group,delivered
TV-22223,Ironbark Grocers Pty Ltd,created
TV-22224,Lakeside Electronics,delivered
TV-22225,Golden Trading,in_transit
TV-22226,Fairwind Freight,created
TV-22227,Harbour Retail Pty Ltd,delivered
TV-22228,Baywater Textiles Pty Ltd,created
TV-22229,Northern Textiles Holdings,created
TV-22230,Blackwood Supplies,picked_up
TV-22231,Ironbark Trading,failed
TV-22232,Blackwood Distribution Pty Ltd,picked_up
TV-22233,Parkview Freight Group,picked_up
TV-22234,Blackwood Supplies Group,delivered
TV-22235,Highfield Freight Pty Ltd,created
TV-22236,Lakeside Apparel Holdings,delivered
TV-22237,Sunrise Electronics,created
TV-22238,Lakeside Retail,created
TV-22239,Highfield Logistics Co,in_transit
TV-22240,Westgate Supplies,delivered
TV-22241,Harbour Beverages Pty Ltd,in_transit
TV-22242,Fairwind Pharma Pty Ltd,created
TV-22243,Harbour Hardware Pty Ltd,created
TV-22244,Ironbark Industrial Pty Ltd,created
TV-22245,Parkview Supplies,delivered
TV-22246,Coastal Packaging Holdings,delivered
TV-22247,Highfield Industrial Group,picked_up
TV-22248,Eastlink Retail,delivered
TV-22249,Westgate Pharma Pty Ltd,picked_up
TV-22250,Parkview Supplies,picked_up
TV-22251,Baywater Chemicals,in_transit
TV-22252,Kingsway Freight Group,delivered
TV-22253,Harbour Hardware,created
TV-22254,Kingsway Logistics Pty Ltd,created
TV-22255,Golden Hardware Co,in_transit
TV-22256,Riverside Beverages Group,created
TV-22257,Kingsway Packaging,in_transit
TV-22258,Fairwind Industrial Pty Ltd,failed
TV-22259,Riverside Pharma,in_transit
TV-22260,Harbour Supplies,created
TV-22261,Stonebridge Retail,in_transit
TV-22262,Westgate Beverages Pty Ltd,created
TV-22263,Harbour Retail,failed
TV-22264,Fairwind Hardware Holdings,picked_up
TV-22265,Blackwood Trading Holdings,created
TV-22266,Westgate Supplies,in_transit
TV-22267,Sunrise Electronics Co,in_transit
TV-22268,Coastal Chemicals Group,picked_up
TV-22269,Baywater Apparel Co,in_transit
TV-22270,Riverside Apparel Pty Ltd,in_transit
TV-22271,Coastal Grocers Co,created
TV-22272,Westgate Supplies Group,delivered
TV-22273,Coastal Distribution,delivered
TV-22274,Harbour Textiles,delivered
TV-22275,Harbour Beverages,in_transit
TV-22276,Blackwood Chemicals Pty Ltd,picked_up
TV-22277,Harbour Apparel,failed
TV-22278,Blackwood Grocers Co,in_transit
TV-22279,Westgate Chemicals,created
TV-22280,Riverside Textiles,delivered
TV-22281,Northern Beverages Co,picked_up
TV-22282,Summit Packaging,in_transit
TV-22283,Westgate Wholesale Holdings,picked_up
TV-22284,Northern Supplies Co,delivered
TV-22285,Kingsway Retail,failed
TV-22286,Parkview Retail,created
TV-22287,Parkview Supplies Co,created
TV-22288,Highfield Foods,picked_up
TV-22289,Eastlink Apparel,delivered
TV-22290,Silverline Packaging,created
TV-22291,Eastlink Supplies Holdings,in_transit
TV-22292,Eastlink Electronics,created
TV-22293,Redgum Distribution Pty Ltd,in_transit
TV-22294,Ironbark Beverages,in_transit
TV-22295,Northern Distribution,created
TV-22296,Summit Textiles,in_transit
TV-22297,Eastlink Grocers Co,in_transit
TV-22298,Silverline Textiles,in_transit
TV-22299,Northern Apparel,in_transit
TV-22300,Westgate Pharma Group,in_transit
TV-22301,Highfield Electronics Pty Ltd,failed
TV-22302,Golden Wholesale Pty Ltd,picked_up
TV-22303,Fairwind Hardware Group,created
TV-22304,Riverside Electronics,in_transit
TV-22305,Baywater Pharma Co,created
TV-22306,Silverline Grocers Pty Ltd,delivered
TV-22307,Kingsway Motors Co,picked_up
TV-22308,Coastal Textiles Holdings,in_transit
TV-22309,Lakeside Foods,in_transit
TV-22310,Eastlink Freight,in_transit
TV-22311,Golden Logistics Co,in_transit
TV-22312,Ironbark Motors Pty Ltd,in_transit
TV-22313,Highfield Hardware,created
TV-22314,Summit Hardware,created
TV-22315,Westgate Electronics,delivered
TV-22316,Summit Foods Holdings,failed
TV-22317,Westgate Wholesale Co,in_transit
TV-22318,Coastal Pharma,delivered
TV-22319,Summit Beverages Pty Ltd,delivered
TV-22320,Silverline Chemicals Group,created
TV-22321,Summit Supplies,in_transit
TV-22322,Fairwind Hardware Co,delivered
TV-22323,Northern Retail,picked_up
TV-22324,Redgum Industrial Holdings,delivered
TV-22325,Kingsway Packaging Group,failed
TV-22326,Westgate Packaging Co,in_transit
TV-22327,Blackwood Beverages,in_transit
TV-22328,Northern Beverages Holdings,delivered
TV-22329,Lakeside Trading,in_transit
TV-22330,Eastlink Components,delivered
TV-22331,Westgate Retail,created
TV-22332,Northern Hardware Pty Ltd,created
TV-22333,Ironbark Wholesale,in_transit
TV-22334,Fairwind Foods Pty Ltd,created
TV-22335,Riverside Freight,created
TV-22336,Ironbark Trading,in_transit
TV-22337,Riverside Logistics Co,delivered
TV-22338,Riverside Foods Co,picked_up
TV-22339,Summit Components Holdings,delivered
TV-22340,Stonebridge Motors,delivered
TV-22341,Redgum Components Co,delivered
TV-22342,Fairwind Textiles,picked_up
TV-22343,Stonebridge Textiles Group,created
TV-22344,Highfield Wholesale Group,created
TV-22345,Westgate Supplies,created
TV-22346,Coastal Motors Co,delivered
TV-22347,Summit Packaging,failed
TV-22348,Baywater Grocers,in_transit
TV-22349,Summit Electronics Pty Ltd,delivered
TV-22350,Summit Components Group,failed
TV-22351,Golden Supplies,delivered
TV-22352,Blackwood Motors Holdings,picked_up
TV-22353,Kingsway Textiles,delivered
TV-22354,Northern Beverages Holdings,in_transit
TV-22355,Westgate Distribution Group,created
TV-22356,Sunrise Textiles Holdings,in_transit
TV-22357,Kingsway Grocers,failed
TV-22358,Eastlink Textiles Group,picked_up
TV-22359,Silverline Electronics,created
TV-22360,Blackwood Logistics,delivered
TV-22361,Baywater Industrial,created
TV-22362,Parkview Packaging,in_transit
TV-22363,Sunrise Supplies,delivered
TV-22364,Eastlink Trading Holdings,delivered
TV-22365,Highfield Hardware,created
TV-22366,Baywater Motors Group,delivered
TV-22367,Lakeside Pharma Holdings,created
TV-22368,Ironbark Pharma Group,in_transit
TV-22369,Eastlink Electronics Co,created
TV-22370,Lakeside Textiles Pty Ltd,in_transit
TV-22371,Northern Textiles,delivered
TV-22372,Silverline Hardware Pty Ltd,in_transit
TV-22373,Harbour Components Group,delivered
TV-22374,Blackwood Chemicals Group,picked_up
TV-22375,Summit Trading Co,delivered
TV-22376,Sunrise Retail,created
TV-22377,Highfield Trading Holdings,delivered
TV-22378,Fairwind Trading Holdings,delivered
TV-22379,Coastal Hardware,in_transit
TV-22380,Harbour Trading Holdings,in_transit
TV-22381,Stonebridge Distribution Group,in_transit
TV-22382,Kingsway Textiles Group,created
TV-22383,Ironbark Electronics,created
TV-22384,Sunrise Industrial Co,picked_up
TV-22385,Redgum Supplies Co,created
TV-22386,Blackwood Trading Group,delivered
TV-22387,Blackwood Distribution,created
TV-22388,Ironbark Motors Pty Ltd,delivered
TV-22389,Eastlink Motors Holdings,picked_up
TV-22390,Stonebridge Retail,created
TV-22391,Ironbark Supplies,created
TV-22392,Sunrise Chemicals Co,delivered
TV-22393,Redgum Textiles Pty Ltd,in_transit
TV-22394,Westgate Motors,delivered
TV-22395,Harbour Electronics,delivered
TV-22396,Harbour Freight Co,in_transit
TV-22397,Highfield Industrial Pty Ltd,in_transit
TV-22398,Parkview Supplies Group,delivered
TV-22399,Eastlink Hardware Group,delivered
TV-22400,Northern Hardware Group,in_transit
TV-22401,Westgate Beverages Holdings,failed
TV-22402,Ironbark Retail Holdings,created
TV-22403,Westgate Chemicals Holdings,picked_up
TV-22404,Ironbark Packaging,picked_up
TV-22405,Summit Supplies,delivered
TV-22406,Blackwood Motors Co,delivered
TV-22407,Highfield Retail,delivered
TV-22408,Eastlink Components,delivered
TV-22409,Westgate Logistics,delivered
TV-22410,Westgate Textiles,delivered
TV-22411,Riverside Beverages Co,delivered
TV-22412,Redgum Freight Group,in_transit
TV-22413,Silverline Apparel,created
TV-22414,Fairwind Hardware,failed
TV-22415,Coastal Grocers Group,in_transit
TV-22416,Redgum Grocers Co,created
TV-22417,Golden Retail,in_transit
TV-22418,Ironbark Packaging,picked_up
TV-22419,Summit Logistics Pty Ltd,picked_up
TV-22420,Redgum Textiles Group,picked_up
TV-22421,Westgate Distribution,in_transit
TV-22422,Golden Chemicals,delivered
TV-22423,Highfield Wholesale,delivered
TV-22424,Coastal Distribution Pty Ltd,delivered
TV-22425,Highfield Hardware Co,in_transit
TV-22426,Silverline Supplies Group,in_transit
TV-22427,Silverline Foods,delivered
TV-22428,Blackwood Textiles Co,failed
TV-22429,Baywater Pharma,in_transit
TV-22430,Coastal Pharma Group,in_transit
TV-22431,Silverline Chemicals Group,in_transit
TV-22432,Harbour Textiles Co,in_transit
TV-22433,Westgate Electronics,created
TV-22434,Summit Industrial Co,created
TV-22435,Blackwood Pharma,failed
TV-22436,Stonebridge Pharma,created
TV-22437,Harbour Industrial Group,delivered
TV-22438,Ironbark Apparel,in_transit
TV-22439,Westgate Motors Group,in_transit
TV-22440,Northern Trading,delivered
TV-22441,Golden Textiles,delivered
TV-22442,Parkview Pharma Pty Ltd,failed
TV-22443,Stonebridge Textiles,delivered
TV-22444,Harbour Logistics,delivered
TV-22445,Fairwind Retail Holdings,created
TV-22446,Parkview Hardware Holdings,in_transit
TV-22447,Kingsway Textiles,in_transit
TV-22448,Northern Hardware Group,created
TV-22449,Westgate Trading Co,in_transit
TV-22450,Golden Wholesale,in_transit
TV-22451,Summit Retail,in_transit
TV-22452,Baywater Industrial,delivered
TV-22453,Redgum Freight Holdings,in_transit
TV-22454,Fairwind Chemicals,created
TV-22455,Northern Wholesale Holdings,in_transit
TV-22456,Riverside Supplies Holdings,failed
TV-22457,Riverside Beverages Co,delivered
TV-22458,Fairwind Foods,created
TV-22459,Blackwood Beverages,in_transit
TV-22460,Highfield Supplies,picked_up
TV-22461,Blackwood Chemicals,created
TV-22462,Highfield Distribution Pty Ltd,picked_up
TV-22463,Baywater Grocers Group,created
TV-22464,Coastal Freight,in_transit
TV-22465,Baywater Components Co,in_transit
TV-22466,Harbour Distribution,created
TV-22467,Westgate Grocers,picked_up
TV-22468,Baywater Hardware Group,created
TV-22469,Golden Beverages,created
TV-22470,Parkview Distribution,delivered
TV-22471,Blackwood Textiles Group,in_transit
TV-22472,Baywater Hardware,created
TV-22473,Northern Apparel,created
TV-22474,Northern Industrial,created
TV-22475,Westgate Chemicals,failed
TV-22476,Silverline Beverages Holdings,delivered
TV-22477,Blackwood Logistics,picked_up
TV-22478,Ironbark Supplies Holdings,in_transit
TV-22479,Summit Trading,in_transit
TV-22480,Northern Foods,picked_up
TV-22481,Northern Retail Co,created
TV-22482,Baywater Supplies Pty Ltd,in_transit
TV-22483,Northern Hardware,delivered
TV-22484,Redgum Retail Group,delivered
TV-22485,Golden Wholesale Pty Ltd,failed
TV-22486,Ironbark Apparel Holdings,in_transit
TV-22487,Golden Apparel Holdings,created
TV-22488,Summit Pharma Holdings,in_transit
TV-22489,Harbour Electronics Group,in_transit
TV-22490,Coastal Packaging,delivered
TV-22491,Blackwood Wholesale Pty Ltd,picked_up
TV-22492,Ironbark Packaging,picked_up
TV-22493,Silverline Electronics,created
TV-22494,Fairwind Beverages Holdings,in_transit
TV-22495,Westgate Pharma,created
TV-22496,Highfield Beverages Pty Ltd,in_transit
TV-22497,Kingsway Packaging,delivered
TV-22498,Westgate Logistics Co,created
TV-22499,Silverline Freight Co,failed
TV-22500,Blackwood Grocers Pty Ltd,picked_up
TV-22501,Redgum Supplies Group,created
TV-22502,Summit Packaging,created
TV-22503,Westgate Wholesale Pty Ltd,failed
TV-22504,Golden Beverages Pty Ltd,delivered
TV-22505,Coastal Supplies Group,delivered
TV-22506,Riverside Packaging Group,in_transit
TV-22507,Silverline Beverages Co,created
TV-22508,Redgum Packaging,delivered
TV-22509,Blackwood Logistics,created
TV-22510,Stonebridge Electronics,created
TV-22511,Sunrise Trading Holdings,failed
TV-22512,Westgate Apparel,in_transit
TV-22513,Stonebridge Pharma,created
TV-22514,Redgum Pharma,created
TV-22515,Golden Industrial,in_transit
TV-22516,Coastal Hardware Holdings,created
TV-22517,Ironbark Logistics,delivered
TV-22518,Parkview Foods Group,created
TV-22519,Golden Retail Group,delivered
TV-22520,Fairwind Distribution Co,in_transit
TV-22521,Fairwind Trading,failed
TV-22522,Fairwind Logistics,delivered
TV-22523,Eastlink Beverages Pty Ltd,delivered
TV-22524,Silverline Retail,in_transit
TV-22525,Stonebridge Industrial,created
TV-22526,Riverside Hardware Group,delivered
TV-22527,Westgate Logistics,in_transit
TV-22528,Eastlink Grocers,in_transit
TV-22529,Ironbark Pharma,failed
TV-22530,Fairwind Supplies Holdings,created
TV-22531,Riverside Wholesale,delivered
TV-22532,Baywater Freight,created
TV-22533,Eastlink Industrial,created
TV-22534,Riverside Motors Pty Ltd,in_transit
TV-22535,Golden Textiles,in_transit
TV-22536,Baywater Motors,delivered
TV-22537,Coastal Logistics Co,in_transit
TV-22538,Golden Distribution,created
TV-22539,Summit Freight,created
TV-22540,Stonebridge Electronics,picked_up
TV-22541,Lakeside Electronics,failed
TV-22542,Riverside Electronics,delivered
TV-22543,Coastal Chemicals Group,created
TV-22544,Silverline Pharma Group,picked_up
TV-22545,Redgum Trading,delivered
TV-22546,Eastlink Foods Group,created
TV-22547,Lakeside Textiles,delivered
TV-22548,Fairwind Motors Holdings,created
TV-22549,Sunrise Hardware,delivered
TV-22550,Ironbark Distribution Holdings,in_transit
TV-22551,Redgum Hardware,delivered
TV-22552,Eastlink Logistics,in_transit
TV-22553,Highfield Motors,created
TV-22554,Eastlink Motors Co,in_transit
TV-22555,Lakeside Beverages Pty Ltd,picked_up
TV-22556,Coastal Wholesale Pty Ltd,failed
TV-22557,Eastlink Beverages Co,in_transit
TV-22558,Kingsway Distribution,in_transit
TV-22559,Silverline Freight,created
TV-22560,Redgum Chemicals Group,in_transit
TV-22561,Highfield Pharma Holdings,in_transit
TV-22562,Redgum Packaging Co,created
TV-22563,Eastlink Hardware Group,created
TV-22564,Stonebridge Components,delivered
TV-22565,Golden Electronics Pty Ltd,in_transit
TV-22566,Ironbark Apparel Co,picked_up
TV-22567,Harbour Logistics,picked_up
TV-22568,Baywater Components Co,in_transit
TV-22569,Eastlink Retail Holdings,in_transit
TV-22570,Northern Retail,created
TV-22571,Parkview Beverages Co,picked_up
TV-22572,Baywater Beverages,in_transit
TV-22573,Sunrise Apparel,delivered
TV-22574,Redgum Beverages Pty Ltd,created
TV-22575,Sunrise Trading,failed
TV-22576,Coastal Logistics Co,created
TV-22577,Baywater Trading Co,picked_up
TV-22578,Summit Retail,in_transit
TV-22579,Fairwind Beverages,created
TV-22580,Parkview Beverages,in_transit
TV-22581,Golden Chemicals Co,in_transit
TV-22582,Kingsway Motors,picked_up
TV-22583,Sunrise Logistics Holdings,created
TV-22584,Parkview Foods,created
TV-22585,Westgate Beverages,picked_up
TV-22586,Parkview Electronics,picked_up
TV-22587,Lakeside Foods,picked_up
TV-22588,Northern Hardware,in_transit
TV-22589,Stonebridge Apparel Co,delivered
TV-22590,Golden Trading Co,created
TV-22591,Baywater Pharma Pty Ltd,created
TV-22592,Eastlink Industrial Co,delivered
TV-22593,Silverline Beverages,in_transit
TV-22594,Blackwood Pharma Holdings,created
TV-22595,Highfield Packaging,delivered
TV-22596,Blackwood Textiles,in_transit
TV-22597,Northern Electronics Holdings,delivered
TV-22598,Riverside Electronics Pty Ltd,picked_up
TV-22599,Coastal Grocers Group,picked_up
TV-22600,Highfield Chemicals Group,created
TV-22601,Coastal Apparel Pty Ltd,in_transit
TV-22602,Coastal Foods,in_transit
TV-22603,Lakeside Apparel Group,picked_up
TV-22604,Golden Distribution Co,in_transit
TV-22605,Harbour Wholesale,in_transit
TV-22606,Blackwood Distribution,in_transit
TV-22607,Northern Logistics,picked_up
TV-22608,Lakeside Motors Holdings,delivered
TV-22609,Silverline Hardware Co,failed
TV-22610,Fairwind Pharma Co,failed
TV-22611,Riverside Textiles,created
TV-22612,Baywater Grocers,in_transit
TV-22613,Westgate Distribution,in_transit
TV-22614,Kingsway Packaging,delivered
TV-22615,Redgum Textiles,in_transit
TV-22616,Stonebridge Trading Pty Ltd,delivered
TV-22617,Golden Trading Co,delivered
TV-22618,Lakeside Motors,created
TV-22619,Northern Electronics,picked_up
TV-22620,Parkview Supplies Co,in_transit
TV-22621,Harbour Apparel Group,delivered
TV-22622,Northern Grocers Pty Ltd,created
TV-22623,Riverside Trading Holdings,delivered
TV-22624,Highfield Chemicals Co,picked_up
TV-22625,Ironbark Industrial Group,created
TV-22626,Redgum Components,delivered
TV-22627,Stonebridge Logistics Co,delivered
TV-22628,Golden Electronics Holdings,in_transit
TV-22629,Summit Foods,delivered
TV-22630,Summit Trading,delivered
TV-22631,Harbour Hardware Holdings,picked_up
TV-22632,Redgum Chemicals,in_transit
TV-22633,Stonebridge Freight,in_transit
TV-22634,Sunrise Beverages Group,created
TV-22635,Coastal Pharma Group,created
TV-22636,Summit Electronics Co,created
TV-22637,Silverline Beverages,picked_up
TV-22638,Redgum Packaging,created
TV-22639,Golden Chemicals Co,delivered
TV-22640,Lakeside Hardware,picked_up
TV-22641,Fairwind Supplies,in_transit
TV-22642,Summit Electronics,picked_up
TV-22643,Harbour Chemicals Co,delivered
TV-22644,Sunrise Components,picked_up
TV-22645,Stonebridge Electronics Pty Ltd,picked_up
TV-22646,Blackwood Beverages,delivered
TV-22647,Golden Trading,created
TV-22648,Highfield Textiles,in_transit
TV-22649,Ironbark Supplies,delivered
TV-22650,Lakeside Logistics,in_transit
TV-22651,Summit Wholesale,delivered
TV-22652,Kingsway Chemicals,delivered
TV-22653,Blackwood Textiles,picked_up
TV-22654,Northern Electronics,delivered
TV-22655,Stonebridge Electronics Co,created
TV-22656,Silverline Chemicals Group,picked_up
TV-22657,Riverside Apparel Pty Ltd,in_transit
TV-22658,Parkview Freight Group,delivered
TV-22659,Ironbark Supplies Co,in_transit
TV-22660,Northern Retail Pty Ltd,in_transit
TV-22661,Lakeside Wholesale,created
TV-22662,Fairwind Textiles,in_transit
TV-22663,Fairwind Textiles,delivered
TV-22664,Kingsway Electronics Group,in_transit
TV-22665,Silverline Beverages Co,picked_up
TV-22666,Summit Freight,picked_up
TV-22667,Coastal Wholesale,picked_up
TV-22668,Harbour Industrial Holdings,in_transit
TV-22669,Westgate Beverages Co,delivered
TV-22670,Stonebridge Apparel Holdings,in_transit
TV-22671,Northern Wholesale,in_transit
TV-22672,Northern Chemicals Pty Ltd,in_transit
TV-22673,Sunrise Foods Group,picked_up
TV-22674,Summit Supplies,created
TV-22675,Baywater Electronics,delivered
TV-22676,Westgate Distribution Holdings,delivered
TV-22677,Summit Supplies,in_transit
TV-22678,Ironbark Supplies,in_transit
TV-22679,Stonebridge Electronics,in_transit
TV-22680,Redgum Pharma,in_transit
TV-22681,Harbour Electronics,in_transit
TV-22682,Golden Chemicals,in_transit
TV-22683,Blackwood Textiles,in_transit
TV-22684,Summit Industrial Co,created
TV-22685,Harbour Grocers,in_transit
TV-22686,Riverside Wholesale Pty Ltd,created
TV-22687,Ironbark Electronics Group,in_transit
TV-22688,Stonebridge Components Co,failed
TV-22689,Harbour Supplies,delivered
TV-22690,Golden Logistics Co,created
TV-22691,Blackwood Distribution Group,created
TV-22692,Coastal Distribution Group,picked_up
TV-22693,Blackwood Textiles Group,in_transit
TV-22694,Kingsway Pharma Co,delivered
TV-22695,Lakeside Pharma,created
TV-22696,Riverside Motors,in_transit
TV-22697,Northern Beverages Holdings,created
TV-22698,Silverline Components Pty Ltd,delivered
TV-22699,Ironbark Apparel,in_transit
TV-22700,Silverline Motors,in_transit
TV-22701,Blackwood Apparel Holdings,picked_up
TV-22702,Lakeside Electronics,delivered
TV-22703,Harbour Pharma Holdings,delivered
TV-22704,Highfield Components,created
TV-22705,Golden Packaging Group,in_transit
TV-22706,Riverside Textiles Group,picked_up
TV-22707,Highfield Industrial Holdings,created
TV-22708,Parkview Logistics Pty Ltd,in_transit
TV-22709,Lakeside Wholesale,in_transit
TV-22710,Harbour Supplies Holdings,created
TV-22711,Blackwood Distribution,picked_up
TV-22712,Coastal Hardware,in_transit
TV-22713,Ironbark Retail,in_transit
TV-22714,Baywater Electronics,in_transit
TV-22715,Redgum Grocers,in_transit
TV-22716,Blackwood Beverages,picked_up
TV-22717,Summit Hardware Co,picked_up
TV-22718,Summit Chemicals Pty Ltd,picked_up
TV-22719,Sunrise Packaging,in_transit
TV-22720,Ironbark Logistics,picked_up
TV-22721,Blackwood Chemicals Co,in_transit
TV-22722,Summit Motors Group,delivered
TV-22723,Kingsway Supplies,delivered
TV-22724,Silverline Foods Holdings,delivered
TV-22725,Northern Apparel Holdings,created
TV-22726,Silverline Packaging Pty Ltd,created
TV-22727,Parkview Components,delivered
TV-22728,Riverside Wholesale,delivered
TV-22729,Summit Grocers Co,delivered
TV-22730,Eastlink Grocers,in_transit
TV-22731,Ironbark Apparel Pty Ltd,delivered
TV-22732,Harbour Distribution Group,created
TV-22733,Riverside Industrial Group,delivered
TV-22734,Ironbark Electronics Co,created
TV-22735,Westgate Retail,delivered
TV-22736,Silverline Grocers Pty Ltd,delivered
TV-22737,Northern Pharma,failed
TV-22738,Westgate Chemicals Co,in_transit
TV-22739,Summit Freight Co,picked_up
TV-22740,Parkview Distribution,delivered
TV-22741,Redgum Motors Holdings,picked_up
TV-22742,Baywater Beverages Co,created
TV-22743,Kingsway Trading,created
TV-22744,Northern Motors,created
TV-22745,Highfield Pharma Pty Ltd,in_transit
TV-22746,Coastal Beverages Co,created
TV-22747,Fairwind Industrial Holdings,failed
TV-22748,Parkview Packaging Pty Ltd,in_transit
TV-22749,Riverside Logistics,created
TV-22750,Ironbark Pharma Co,delivered
TV-22751,Summit Industrial,delivered
TV-22752,Sunrise Beverages Group,in_transit
TV-22753,Sunrise Wholesale,picked_up
TV-22754,Redgum Apparel Pty Ltd,picked_up
TV-22755,Lakeside Motors Group,in_transit
TV-22756,Silverline Chemicals Pty Ltd,failed
TV-22757,Fairwind Retail,created
TV-22758,Ironbark Logistics Co,in_transit
TV-22759,Silverline Retail Holdings,picked_up
TV-22760,Westgate Pharma,in_transit
TV-22761,Harbour Logistics Pty Ltd,picked_up
TV-22762,Highfield Apparel Holdings,created
TV-22763,Lakeside Packaging Group,delivered
TV-22764,Redgum Wholesale Co,in_transit
TV-22765,Sunrise Textiles Co,delivered
TV-22766,Coastal Electronics Pty Ltd,delivered
TV-22767,Summit Distribution Group,delivered
TV-22768,Harbour Packaging,failed
TV-22769,Ironbark Motors Holdings,failed
TV-22770,Redgum Pharma Pty Ltd,picked_up
TV-22771,Eastlink Textiles Group,created
TV-22772,Ironbark Chemicals,created
TV-22773,Northern Freight Co,created
TV-22774,Coastal Beverages Holdings,in_transit
TV-22775,Northern Components Holdings,in_transit
TV-22776,Coastal Hardware Pty Ltd,delivered
TV-22777,Harbour Hardware Co,delivered
TV-22778,Highfield Foods Group,in_transit
TV-22779,Highfield Motors Group,picked_up
TV-22780,Northern Trading Co,delivered
TV-22781,Fairwind Freight Holdings,picked_up
TV-22782,Highfield Apparel,delivered
TV-22783,Blackwood Foods Co,created
TV-22784,Fairwind Retail Pty Ltd,in_transit
TV-22785,Harbour Retail Holdings,in_transit
TV-22786,Highfield Foods Co,created
TV-22787,Northern Foods,in_transit
TV-22788,Westgate Freight Co,picked_up
TV-22789,Silverline Textiles Pty Ltd,picked_up
TV-22790,Lakeside Motors Holdings,failed
TV-22791,Baywater Beverages,created
TV-22792,Golden Packaging Pty Ltd,in_transit
TV-22793,Highfield Grocers,delivered
TV-22794,Northern Retail,in_transit
TV-22795,Eastlink Packaging Pty Ltd,created
TV-22796,Eastlink Wholesale,created
TV-22797,Stonebridge Packaging Holdings,delivered
TV-22798,Kingsway Components,in_transit
TV-22799,Coastal Grocers,delivered
TV-22800,Fairwind Freight Holdings,in_transit
TV-22801,Baywater Textiles,picked_up
TV-22802,Coastal Components,in_transit
TV-22803,Blackwood Electronics Group,picked_up
TV-22804,Eastlink Beverages,delivered
TV-22805,Golden Chemicals Group,picked_up
TV-22806,Riverside Textiles,in_transit
TV-22807,Summit Electronics Group,delivered
TV-22808,Highfield Industrial Group,in_transit
TV-22809,Westgate Electronics Group,in_transit
TV-22810,Lakeside Grocers Pty Ltd,failed
TV-22811,Kingsway Supplies Holdings,picked_up
TV-22812,Fairwind Distribution Pty Ltd,delivered
TV-22813,Riverside Motors Pty Ltd,in_transit
TV-22814,Coastal Chemicals,failed
TV-22815,Westgate Hardware,in_transit
TV-22816,Highfield Beverages Pty Ltd,delivered
TV-22817,Fairwind Retail,delivered
TV-22818,Riverside Hardware,delivered
TV-22819,Northern Electronics,delivered
TV-22820,Redgum Chemicals,in_transit
TV-22821,Westgate Wholesale,created
TV-22822,Stonebridge Industrial,delivered
TV-22823,Coastal Supplies Holdings,created
TV-22824,Redgum Pharma,delivered
TV-22825,Northern Foods,delivered
TV-22826,Highfield Electronics Group,in_transit
TV-22827,Sunrise Chemicals,in_transit
TV-22828,Riverside Beverages,created
TV-22829,Coastal Industrial,in_transit
TV-22830,Highfield Trading Group,picked_up
TV-22831,Blackwood Industrial Holdings,picked_up
TV-22832,Ironbark Wholesale,delivered
TV-22833,Silverline Distribution Co,delivered
TV-22834,Summit Foods,delivered
TV-22835,Northern Apparel Group,delivered
TV-22836,Sunrise Packaging Co,in_transit
TV-22837,Coastal Components Group,picked_up
TV-22838,Northern Wholesale,created
TV-22839,Ironbark Trading,in_transit
TV-22840,Riverside Packaging,delivered
TV-22841,Harbour Motors,in_transit
TV-22842,Baywater Industrial Group,delivered
TV-22843,Ironbark Wholesale Co,created
TV-22844,Highfield Motors,in_transit
TV-22845,Stonebridge Chemicals,in_transit
TV-22846,Blackwood Beverages Pty Ltd,picked_up
TV-22847,Fairwind Packaging,created
TV-22848,Baywater Foods Holdings,in_transit
TV-22849,Blackwood Grocers Pty Ltd,delivered
TV-22850,Golden Hardware Co,delivered
TV-22851,Stonebridge Beverages Holdings,picked_up
TV-22852,Fairwind Logistics,failed
TV-22853,Northern Beverages,created
TV-22854,Golden Retail,created
TV-22855,Coastal Chemicals Co,delivered
TV-22856,Fairwind Components,delivered
TV-22857,Riverside Wholesale Holdings,picked_up
TV-22858,Fairwind Wholesale,delivered
TV-22859,Sunrise Apparel Co,created
TV-22860,Northern Grocers,in_transit
TV-22861,Kingsway Logistics Holdings,in_transit
TV-22862,Harbour Foods Holdings,delivered
TV-22863,Riverside Industrial Pty Ltd,in_transit
TV-22864,Highfield Hardware Group,created
TV-22865,Kingsway Chemicals,in_transit
TV-22866,Parkview Beverages,delivered
TV-22867,Harbour Pharma Group,in_transit
TV-22868,Harbour Grocers Co,delivered
TV-22869,Redgum Beverages Co,in_transit
TV-22870,Silverline Distribution,picked_up
TV-22871,Summit Components Group,created
TV-22872,Westgate Grocers Holdings,picked_up
TV-22873,Blackwood Beverages Co,in_transit
TV-22874,Highfield Components,in_transit
TV-22875,Blackwood Packaging,in_transit
TV-22876,Blackwood Supplies,delivered
TV-22877,Fairwind Electronics Group,delivered
TV-22878,Northern Supplies Group,created
TV-22879,Baywater Textiles,delivered
TV-22880,Silverline Retail,created
TV-22881,Lakeside Trading,in_transit
TV-22882,Lakeside Pharma,in_transit
TV-22883,Ironbark Grocers Co,in_transit
TV-22884,Sunrise Supplies,created
TV-22885,Silverline Motors Pty Ltd,in_transit
TV-22886,Stonebridge Packaging,created
TV-22887,Blackwood Beverages,created
TV-22888,Harbour Retail,delivered
TV-22889,Silverline Components Pty Ltd,delivered
TV-22890,Riverside Foods Holdings,delivered
TV-22891,Eastlink Chemicals,picked_up
TV-22892,Ironbark Grocers Co,failed
TV-22893,Coastal Distribution,delivered
TV-22894,Ironbark Beverages,delivered
TV-22895,Silverline Chemicals,created
TV-22896,Ironbark Foods,in_transit
TV-22897,Golden Supplies,created
TV-22898,Westgate Retail,picked_up
TV-22899,Highfield Retail,in_transit
TV-22900,Riverside Logistics Pty Ltd,in_transit
TV-22901,Highfield Beverages,picked_up
TV-22902,Kingsway Retail Co,created
TV-22903,Kingsway Beverages,created
TV-22904,Blackwood Supplies Co,picked_up
TV-22905,Eastlink Logistics,created
TV-22906,Westgate Electronics,created
TV-22907,Golden Hardware,in_transit
TV-22908,Blackwood Beverages Co,created
TV-22909,Sunrise Apparel,delivered
TV-22910,Lakeside Textiles,created
TV-22911,Blackwood Supplies,delivered
TV-22912,Stonebridge Packaging Group,delivered
TV-22913,Lakeside Industrial Holdings,in_transit
TV-22914,Eastlink Retail,created
TV-22915,Golden Textiles,delivered
TV-22916,Lakeside Industrial Holdings,in_transit
TV-22917,Ironbark Packaging Pty Ltd,in_transit
TV-22918,Northern Beverages,delivered
TV-22919,Lakeside Textiles,created
TV-22920,Coastal Packaging Holdings,in_transit
TV-22921,Harbour Freight Pty Ltd,picked_up
TV-22922,Westgate Textiles Holdings,picked_up
TV-22923,Golden Electronics Group,delivered
TV-22924,Kingsway Motors Co,created
TV-22925,Coastal Supplies Holdings,delivered
TV-22926,Kingsway Motors,created
TV-22927,Golden Supplies,delivered
TV-22928,Lakeside Trading Holdings,in_transit
TV-22929,Fairwind Motors,delivered
TV-22930,Fairwind Electronics,delivered
TV-22931,Fairwind Trading Co,in_transit
TV-22932,Summit Pharma Group,in_transit
TV-22933,Lakeside Motors Pty Ltd,picked_up
TV-22934,Northern Logistics Co,delivered
TV-22935,Westgate Industrial,in_transit
TV-22936,Fairwind Logistics Group,picked_up
TV-22937,Kingsway Motors Holdings,delivered
TV-22938,Silverline Wholesale,created
TV-22939,Northern Trading,in_transit
TV-22940,Eastlink Distribution Group,created
TV-22941,Westgate Motors,delivered
TV-22942,Parkview Logistics Holdings,in_transit
TV-22943,Ironbark Packaging,delivered
TV-22944,Harbour Distribution,delivered
TV-22945,Harbour Foods,picked_up
TV-22946,Riverside Freight,created
TV-22947,Parkview Retail,created
TV-22948,Golden Distribution,created
TV-22949,Kingsway Apparel,failed
TV-22950,Redgum Chemicals,in_transit
TV-22951,Harbour Distribution,delivered
TV-22952,Fairwind Logistics,created
TV-22953,Summit Electronics,delivered
TV-22954,Eastlink Pharma Pty Ltd,picked_up
TV-22955,Fairwind Packaging,delivered
TV-22956,Sunrise Trading Holdings,in_transit
TV-22957,Lakeside Apparel Co,created
TV-22958,Stonebridge Textiles,failed
TV-22959,Westgate Hardware,in_transit
TV-22960,Summit Apparel Holdings,picked_up
TV-22961,Fairwind Wholesale,in_transit
TV-22962,Redgum Textiles,picked_up
TV-22963,Stonebridge Hardware,delivered
TV-22964,Kingsway Retail Holdings,created
TV-22965,Highfield Wholesale Group,failed
TV-22966,Kingsway Grocers Group,delivered
TV-22967,Kingsway Beverages Holdings,in_transit
TV-22968,Parkview Industrial Co,delivered
TV-22969,Westgate Industrial Pty Ltd,delivered
TV-22970,Riverside Components,created
TV-22971,Silverline Electronics Holdings,in_transit
TV-22972,Silverline Motors,delivered
TV-22973,Coastal Wholesale Holdings,created
TV-22974,Highfield Retail,picked_up
TV-22975,Fairwind Components Co,delivered
TV-22976,Highfield Trading,delivered
TV-22977,Stonebridge Freight Group,created
TV-22978,Sunrise Logistics Pty Ltd,in_transit
TV-22979,Highfield Hardware Pty Ltd,in_transit
TV-22980,Blackwood Chemicals,in_transit
TV-22981,Harbour Distribution,in_transit
TV-22982,Lakeside Hardware Holdings,in_transit
TV-22983,Parkview Trading Co,created
TV-22984,Baywater Wholesale,delivered
TV-22985,Kingsway Trading Holdings,created
TV-22986,Riverside Logistics Holdings,delivered
TV-22987,Baywater Hardware Co,created
TV-22988,Harbour Logistics Co,in_transit
TV-22989,Highfield Logistics Co,failed
TV-22990,Coastal Wholesale Pty Ltd,picked_up
TV-22991,Northern Motors,delivered
TV-22992,Highfield Motors Holdings,picked_up
TV-22993,Ironbark Industrial,in_transit
TV-22994,Summit Beverages Co,delivered
TV-22995,Redgum Wholesale Pty Ltd,created
TV-22996,Silverline Textiles,created
TV-22997,Ironbark Packaging Pty Ltd,picked_up
TV-22998,Blackwood Hardware Co,created
TV-22999,Lakeside Components,created
TV-23000,Eastlink Packaging,delivered
TV-23001,Fairwind Grocers Group,in_transit
TV-23002,Baywater Retail,picked_up
TV-23003,Blackwood Foods,delivered
TV-23004,Coastal Hardware,in_transit
TV-23005,Kingsway Components,picked_up
TV-23006,Riverside Packaging Group,created
TV-23007,Northern Textiles,delivered
TV-23008,Baywater Wholesale Holdings,created
TV-23009,Golden Industrial,delivered
TV-23010,Redgum Beverages Co,picked_up
TV-23011,Westgate Supplies,created
TV-23012,Harbour Textiles,picked_up
TV-23013,Northern Apparel Group,in_transit
TV-23014,Sunrise Apparel Holdings,in_transit
TV-23015,Northern Hardware Co,in_transit
TV-23016,Kingsway Packaging Co,delivered
TV-23017,Silverline Foods,delivered
TV-23018,Westgate Grocers,in_transit
TV-23019,Sunrise Industrial Co,delivered
TV-23020,Eastlink Components,delivered
TV-23021,Sunrise Freight Group,delivered
TV-23022,Riverside Hardware Holdings,in_transit
TV-23023,Parkview Chemicals Group,in_transit
TV-23024,Kingsway Freight,picked_up
TV-23025,Northern Industrial Pty Ltd,picked_up
TV-23026,Harbour Beverages,delivered
TV-23027,Northern Wholesale,created
TV-23028,Eastlink Freight Co,delivered
TV-23029,Silverline Packaging Group,in_transit
TV-23030,Northern Apparel,in_transit
TV-23031,Westgate Distribution,in_transit
TV-23032,Coastal Beverages,picked_up
TV-23033,Westgate Freight,in_transit
TV-23034,Stonebridge Wholesale,created
TV-23035,Redgum Wholesale,delivered
TV-23036,Silverline Electronics,in_transit
TV-23037,Harbour Chemicals,created
TV-23038,Lakeside Electronics,in_transit
TV-23039,Redgum Trading,in_transit
TV-23040,Silverline Freight Group,created
TV-23041,Baywater Textiles,in_transit
TV-23042,Lakeside Wholesale,created
TV-23043,Westgate Packaging,in_transit
TV-23044,Ironbark Retail,delivered
TV-23045,Baywater Grocers,delivered
TV-23046,Fairwind Retail Co,created
TV-23047,Golden Freight,in_transit
TV-23048,Kingsway Trading Co,failed
TV-23049,Silverline Grocers Pty Ltd,created
TV-23050,Parkview Wholesale Group,delivered
TV-23051,Summit Grocers Pty Ltd,delivered
TV-23052,Coastal Components,in_transit
TV-23053,Sunrise Industrial,in_transit
TV-23054,Fairwind Motors Pty Ltd,picked_up
TV-23055,Parkview Electronics,in_transit
TV-23056,Lakeside Distribution Holdings,in_transit
TV-23057,Golden Hardware,failed
TV-23058,Summit Pharma Group,delivered
TV-23059,Baywater Packaging Pty Ltd,created
TV-23060,Eastlink Trading,picked_up
TV-23061,Parkview Packaging Pty Ltd,delivered
TV-23062,Highfield Trading Pty Ltd,delivered
TV-23063,Northern Beverages Co,in_transit
TV-23064,Golden Textiles Holdings,in_transit
TV-23065,Harbour Grocers,created
TV-23066,Stonebridge Wholesale Co,delivered
TV-23067,Lakeside Trading Group,created
TV-23068,Lakeside Chemicals,created
TV-23069,Golden Grocers Co,picked_up
TV-23070,Highfield Freight,created
TV-23071,Silverline Chemicals,in_transit
TV-23072,Baywater Supplies,in_transit
TV-23073,Stonebridge Hardware,created
TV-23074,Eastlink Components,in_transit
TV-23075,Redgum Retail,in_transit
TV-23076,Eastlink Hardware,delivered
TV-23077,Redgum Packaging Pty Ltd,delivered
TV-23078,Blackwood Freight,in_transit
TV-23079,Coastal Apparel,in_transit
TV-23080,Fairwind Electronics Co,delivered
TV-23081,Silverline Apparel,failed
TV-23082,Kingsway Wholesale,created
TV-23083,Coastal Apparel Group,created
TV-23084,Golden Distribution,in_transit
TV-23085,Summit Pharma Co,in_transit
TV-23086,Fairwind Trading Holdings,in_transit
TV-23087,Lakeside Freight Pty Ltd,created
TV-23088,Golden Retail,created
TV-23089,Blackwood Grocers Holdings,created
TV-23090,Eastlink Apparel Group,delivered
TV-23091,Westgate Apparel,created
TV-23092,Westgate Trading,in_transit
TV-23093,Riverside Packaging,delivered
TV-23094,Lakeside Components Co,in_transit
TV-23095,Coastal Textiles,in_transit
TV-23096,Fairwind Freight,picked_up
TV-23097,Northern Distribution Co,delivered
TV-23098,Stonebridge Grocers Co,delivered
TV-23099,Lakeside Hardware Group,created
TV-23100,Parkview Distribution Holdings,delivered
TV-23101,Kingsway Hardware Pty Ltd,failed
TV-23102,Eastlink Chemicals Group,in_transit
TV-23103,Ironbark Hardware Pty Ltd,created
TV-23104,Ironbark Electronics,picked_up
TV-23105,Highfield Packaging,delivered
TV-23106,Highfield Freight,delivered
TV-23107,Kingsway Pharma,failed
TV-23108,Silverline Motors,picked_up
TV-23109,Highfield Apparel Group,picked_up
TV-23110,Westgate Electronics Co,in_transit
TV-23111,Stonebridge Wholesale Pty Ltd,delivered
TV-23112,Blackwood Packaging,in_transit
TV-23113,Westgate Logistics,in_transit
TV-23114,Stonebridge Retail,created
TV-23115,Stonebridge Motors Co,in_transit
TV-23116,Harbour Motors,delivered
TV-23117,Highfield Foods Group,in_transit
TV-23118,Summit Textiles,in_transit
TV-23119,Ironbark Chemicals,in_transit
TV-23120,Riverside Beverages,delivered
TV-23121,Ironbark Packaging Pty Ltd,created
TV-23122,Baywater Pharma,in_transit
TV-23123,Baywater Hardware Group,delivered
TV-23124,Riverside Packaging Group,delivered
TV-23125,Kingsway Industrial Group,picked_up
TV-23126,Golden Industrial,delivered
TV-23127,Westgate Beverages,in_transit
TV-23128,Coastal Logistics Group,in_transit
TV-23129,Northern Hardware,delivered
TV-23130,Westgate Supplies Group,delivered
TV-23131,Blackwood Motors Group,delivered
TV-23132,Northern Beverages Pty Ltd,delivered
TV-23133,Northern Apparel,in_transit
TV-23134,Parkview Logistics,in_transit
TV-23135,Harbour Distribution,delivered
TV-23136,Lakeside Retail,delivered
TV-23137,Lakeside Pharma,created
TV-23138,Riverside Retail Holdings,delivered
TV-23139,Lakeside Electronics,failed
TV-23140,Lakeside Distribution,delivered
TV-23141,Ironbark Pharma Group,delivered
TV-23142,Silverline Chemicals Pty Ltd,in_transit
TV-23143,Parkview Trading Pty Ltd,picked_up
TV-23144,Redgum Packaging Group,delivered
TV-23145,Ironbark Chemicals,in_transit
TV-23146,Sunrise Electronics Holdings,created
TV-23147,Redgum Distribution,delivered
TV-23148,Northern Distribution Pty Ltd,delivered
TV-23149,Highfield Retail,in_transit
TV-23150,Westgate Packaging,created
TV-23151,Lakeside Pharma Pty Ltd,created
TV-23152,Ironbark Beverages Holdings,failed
TV-23153,Coastal Foods Holdings,delivered
TV-23154,Coastal Wholesale,in_transit
TV-23155,Baywater Motors,in_transit
TV-23156,Redgum Distribution,failed
TV-23157,Silverline Pharma,created
TV-23158,Silverline Distribution Co,failed
TV-23159,Kingsway Grocers Group,delivered
TV-23160,Riverside Beverages,delivered
TV-23161,Summit Motors,picked_up
TV-23162,Northern Trading,delivered
TV-23163,Highfield Textiles Holdings,picked_up
TV-23164,Northern Industrial,failed
TV-23165,Baywater Supplies Holdings,created
TV-23166,Coastal Pharma,delivered
TV-23167,Eastlink Logistics,delivered
TV-23168,Eastlink Pharma Pty Ltd,picked_up
TV-23169,Highfield Distribution,delivered
TV-23170,Redgum Chemicals,in_transit
TV-23171,Baywater Grocers,delivered
TV-23172,Eastlink Distribution Co,created
TV-23173,Kingsway Electronics,created
TV-23174,Highfield Chemicals,in_transit
TV-23175,Westgate Textiles Group,created
TV-23176,Coastal Supplies,picked_up
TV-23177,Golden Apparel Holdings,in_transit
TV-23178,Westgate Apparel,delivered
TV-23179,Sunrise Chemicals Group,picked_up
TV-23180,Northern Chemicals Group,delivered
TV-23181,Stonebridge Grocers,picked_up
TV-23182,Highfield Components,created
TV-23183,Blackwood Electronics Group,delivered
TV-23184,Sunrise Apparel Pty Ltd,delivered
TV-23185,Westgate Grocers,picked_up
TV-23186,Silverline Packaging,picked_up
TV-23187,Lakeside Packaging Holdings,in_transit
TV-23188,Lakeside Industrial Holdings,delivered
TV-23189,Northern Textiles,created
TV-23190,Riverside Trading,delivered
TV-23191,Kingsway Pharma,in_transit
TV-23192,Highfield Beverages Pty Ltd,picked_up
TV-23193,Redgum Foods Group,created
TV-23194,Redgum Motors Co,picked_up
TV-23195,Coastal Freight,picked_up
TV-23196,Redgum Chemicals,in_transit
TV-23197,Blackwood Chemicals,picked_up
TV-23198,Westgate Grocers Pty Ltd,delivered
TV-23199,Northern Foods,picked_up
TV-23200,Westgate Chemicals,picked_up
TV-23201,Ironbark Industrial,created
TV-23202,Stonebridge Chemicals,delivered
TV-23203,Coastal Wholesale,picked_up
TV-23204,Redgum Components,created
TV-23205,Lakeside Textiles Pty Ltd,picked_up
TV-23206,Summit Apparel,delivered
TV-23207,Northern Electronics Pty Ltd,in_transit
TV-23208,Coastal Apparel Group,picked_up
TV-23209,Fairwind Foods Group,delivered
TV-23210,Eastlink Supplies,delivered
TV-23211,Riverside Electronics Pty Ltd,in_transit
TV-23212,Eastlink Textiles,created
TV-23213,Parkview Chemicals,created
TV-23214,Sunrise Packaging,in_transit
TV-23215,Ironbark Foods,created
TV-23216,Coastal Distribution Pty Ltd,failed
TV-23217,Summit Industrial,in_transit
TV-23218,Silverline Chemicals Holdings,picked_up
TV-23219,Golden Grocers,delivered
TV-23220,Ironbark Trading Pty Ltd,created
TV-23221,Golden Logistics Pty Ltd,delivered
TV-23222,Eastlink Packaging Co,picked_up
TV-23223,Northern Textiles Co,delivered
TV-23224,Westgate Apparel,created
TV-23225,Eastlink Chemicals,in_transit
TV-23226,Ironbark Components Holdings,failed
TV-23227,Riverside Supplies Holdings,created
TV-23228,Harbour Foods Pty Ltd,delivered
TV-23229,Summit Components,in_transit
TV-23230,Stonebridge Trading,created
TV-23231,Redgum Foods,in_transit
TV-23232,Silverline Hardware,picked_up
TV-23233,Lakeside Trading,in_transit
TV-23234,Baywater Components,delivered
TV-23235,Lakeside Packaging,delivered
TV-23236,Baywater Hardware,in_transit
TV-23237,Ironbark Apparel Holdings,in_transit
TV-23238,Golden Freight,in_transit
TV-23239,Ironbark Textiles Group,in_transit
TV-23240,Lakeside Supplies,in_transit
TV-23241,Kingsway Foods Group,created
TV-23242,Summit Wholesale Group,delivered
TV-23243,Stonebridge Chemicals Co,picked_up
TV-23244,Highfield Hardware Pty Ltd,created
TV-23245,Baywater Grocers,created
TV-23246,Westgate Electronics Pty Ltd,in_transit
TV-23247,Redgum Components,delivered
TV-23248,Riverside Pharma Group,created
TV-23249,Northern Grocers Group,in_transit
TV-23250,Golden Beverages Co,in_transit
TV-23251,Ironbark Electronics,delivered
TV-23252,Baywater Packaging,failed
TV-23253,Riverside Beverages Group,picked_up
TV-23254,Westgate Logistics,picked_up
TV-23255,Riverside Packaging,picked_up
TV-23256,Redgum Apparel Pty Ltd,delivered
TV-23257,Summit Wholesale Co,delivered
TV-23258,Northern Logistics,created
TV-23259,Northern Logistics Holdings,created
TV-23260,Lakeside Components Holdings,delivered
TV-23261,Fairwind Freight Co,in_transit
TV-23262,Blackwood Pharma Pty Ltd,in_transit
TV-23263,Eastlink Pharma Pty Ltd,delivered
TV-23264,Parkview Grocers,delivered
TV-23265,Coastal Pharma Holdings,delivered
TV-23266,Coastal Apparel,in_transit
TV-23267,Eastlink Textiles,delivered
TV-23268,Highfield Trading,delivered
TV-23269,Coastal Retail Pty Ltd,in_transit
TV-23270,Lakeside Electronics Co,in_transit
TV-23271,Blackwood Distribution,failed
TV-23272,Eastlink Hardware Holdings,picked_up
TV-23273,Riverside Grocers Holdings,in_transit
TV-23274,Riverside Motors Holdings,delivered
TV-23275,Summit Wholesale Group,created
TV-23276,Parkview Apparel,created
TV-23277,Riverside Supplies,delivered
TV-23278,Northern Beverages Group,delivered
TV-23279,Eastlink Apparel Pty Ltd,in_transit
TV-23280,Harbour Supplies,created
TV-23281,Fairwind Apparel,created
TV-23282,Golden Textiles,delivered
TV-23283,Lakeside Logistics,in_transit
TV-23284,Coastal Retail,delivered
TV-23285,Silverline Motors Holdings,delivered
TV-23286,Baywater Pharma,picked_up
TV-23287,Westgate Components,delivered
TV-23288,Eastlink Packaging,delivered
TV-23289,Redgum Freight,created
TV-23290,Fairwind Hardware,delivered
TV-23291,Summit Distribution Co,in_transit
TV-23292,Coastal Trading Pty Ltd,in_transit
TV-23293,Lakeside Chemicals Holdings,in_transit
TV-23294,Baywater Logistics Co,in_transit
TV-23295,Riverside Chemicals,delivered
TV-23296,Kingsway Supplies Holdings,in_transit
TV-23297,Silverline Electronics Group,delivered
TV-23298,Riverside Distribution Group,delivered
TV-23299,Redgum Foods Holdings,picked_up
TV-23300,Fairwind Apparel,in_transit
TV-23301,Northern Trading,picked_up
TV-23302,Blackwood Textiles Co,in_transit
TV-23303,Eastlink Hardware Holdings,in_transit
TV-23304,Harbour Logistics,picked_up
TV-23305,Fairwind Textiles Pty Ltd,in_transit
TV-23306,Coastal Apparel,delivered
TV-23307,Harbour Industrial Holdings,delivered
TV-23308,Coastal Industrial Group,in_transit
TV-23309,Kingsway Packaging Co,in_transit
TV-23310,Westgate Supplies,picked_up
TV-23311,Sunrise Motors Group,delivered
TV-23312,Redgum Distribution Pty Ltd,delivered
TV-23313,Silverline Trading Co,delivered
TV-23314,Silverline Apparel,in_transit
TV-23315,Ironbark Beverages Pty Ltd,picked_up
TV-23316,Parkview Motors Co,delivered
TV-23317,Harbour Electronics,picked_up
TV-23318,Redgum Beverages,in_transit
TV-23319,Highfield Trading,delivered
TV-23320,Stonebridge Textiles,in_transit
TV-23321,Summit Freight,in_transit
TV-23322,Harbour Logistics Group,created
TV-23323,Fairwind Apparel,in_transit
TV-23324,Ironbark Components Holdings,delivered
TV-23325,Kingsway Beverages,in_transit
TV-23326,Coastal Grocers,created
TV-23327,Redgum Textiles,delivered
TV-23328,Highfield Supplies Co,delivered
TV-23329,Sunrise Grocers Holdings,picked_up
TV-23330,Lakeside Logistics,created
TV-23331,Harbour Motors Pty Ltd,failed
TV-23332,Parkview Apparel Holdings,in_transit
TV-23333,Harbour Freight,picked_up
TV-23334,Riverside Logistics,picked_up
TV-23335,Lakeside Retail,failed
TV-23336,Eastlink Pharma,delivered
TV-23337,Sunrise Freight Pty Ltd,delivered
TV-23338,Kingsway Foods Co,in_transit
TV-23339,Fairwind Electronics,delivered
TV-23340,Westgate Distribution Holdings,picked_up
TV-23341,Ironbark Electronics Co,failed
TV-23342,Stonebridge Hardware,in_transit
TV-23343,Ironbark Pharma Pty Ltd,in_transit
TV-23344,Ironbark Apparel,delivered
TV-23345,Blackwood Chemicals Co,in_transit
TV-23346,Harbour Freight,delivered
TV-23347,Redgum Retail Group,delivered
TV-23348,Highfield Wholesale Pty Ltd,in_transit
TV-23349,Sunrise Components,in_transit
TV-23350,Harbour Packaging,delivered
TV-23351,Highfield Pharma,created
TV-23352,Riverside Chemicals Group,failed
TV-23353,Stonebridge Pharma,created
TV-23354,Lakeside Supplies Holdings,failed
TV-23355,Redgum Freight,delivered
TV-23356,Fairwind Industrial,delivered
TV-23357,Fairwind Components Holdings,delivered
TV-23358,Fairwind Apparel Pty Ltd,in_transit
TV-23359,Stonebridge Distribution Co,created
TV-23360,Riverside Textiles Pty Ltd,failed
TV-23361,Fairwind Distribution,failed
TV-23362,Stonebridge Wholesale Co,delivered
TV-23363,Baywater Industrial Group,created
TV-23364,Golden Trading Group,created
TV-23365,Summit Packaging,picked_up
TV-23366,Westgate Beverages,picked_up
TV-23367,Ironbark Distribution,picked_up
TV-23368,Blackwood Logistics,in_transit
TV-23369,Blackwood Distribution,created
TV-23370,Coastal Hardware Holdings,in_transit
TV-23371,Fairwind Grocers,delivered
TV-23372,Golden Foods,picked_up
TV-23373,Lakeside Beverages,delivered
TV-23374,Golden Industrial Pty Ltd,delivered
TV-23375,Westgate Electronics Group,in_transit
TV-23376,Parkview Industrial,created
TV-23377,Stonebridge Logistics,delivered
TV-23378,Coastal Pharma Co,in_transit
TV-23379,Blackwood Textiles Co,delivered
TV-23380,Summit Distribution,created
TV-23381,Baywater Grocers,failed
TV-23382,Redgum Textiles,delivered
TV-23383,Silverline Grocers,created
TV-23384,Blackwood Apparel,picked_up
TV-23385,Coastal Hardware,delivered
TV-23386,Riverside Components,created
TV-23387,Summit Electronics Holdings,created
TV-23388,Harbour Foods,delivered
TV-23389,Riverside Trading,delivered
TV-23390,Lakeside Foods Holdings,delivered
TV-23391,Stonebridge Components Co,failed
TV-23392,Silverline Apparel,in_transit
TV-23393,Lakeside Grocers,in_transit
TV-23394,Highfield Freight Pty Ltd,delivered
TV-23395,Lakeside Grocers,picked_up
TV-23396,Harbour Distribution,in_transit
TV-23397,Sunrise Wholesale Pty Ltd,picked_up
TV-23398,Sunrise Foods Co,in_transit
TV-23399,Kingsway Retail,in_transit
TV-23400,Eastlink Apparel Holdings,delivered
TV-23401,Stonebridge Components,created
TV-23402,Westgate Logistics,picked_up
TV-23403,Northern Pharma,delivered
TV-23404,Sunrise Pharma Co,failed
TV-23405,Eastlink Foods Co,delivered
TV-23406,Stonebridge Apparel Co,delivered
TV-23407,Summit Retail Pty Ltd,delivered
TV-23408,Sunrise Packaging Co,in_transit
TV-23409,Northern Apparel,in_transit
TV-23410,Silverline Electronics,picked_up
TV-23411,Eastlink Distribution Pty Ltd,picked_up
TV-23412,Eastlink Industrial,delivered
TV-23413,Eastlink Electronics Co,in_transit
TV-23414,Harbour Trading Holdings,in_transit
TV-23415,Highfield Electronics,delivered
TV-23416,Parkview Packaging,created
TV-23417,Northern Distribution Holdings,delivered
TV-23418,Coastal Trading,picked_up
TV-23419,Kingsway Logistics Pty Ltd,in_transit
TV-23420,Golden Freight Holdings,delivered
TV-23421,Northern Trading,in_transit
TV-23422,Summit Trading Pty Ltd,created
TV-23423,Summit Pharma Pty Ltd,delivered
TV-23424,Highfield Hardware Group,created
TV-23425,Redgum Pharma Co,delivered
TV-23426,Golden Logistics,in_transit
TV-23427,Parkview Logistics,delivered
TV-23428,Redgum Industrial,picked_up
TV-23429,Parkview Industrial Group,picked_up
TV-23430,Fairwind Packaging,in_transit
TV-23431,Blackwood Distribution,delivered
TV-23432,Redgum Electronics Holdings,delivered
TV-23433,Kingsway Foods Co,in_transit
TV-23434,Northern Trading,created
TV-23435,Ironbark Beverages Group,picked_up
TV-23436,Golden Grocers,in_transit
TV-23437,Kingsway Trading Holdings,created
TV-23438,Golden Components Group,in_transit
TV-23439,Eastlink Logistics Holdings,in_transit
TV-23440,Ironbark Packaging Group,delivered
TV-23441,Blackwood Trading,in_transit
TV-23442,Fairwind Electronics Co,in_transit
TV-23443,Blackwood Supplies,created
TV-23444,Fairwind Supplies,in_transit
TV-23445,Harbour Chemicals,in_transit
TV-23446,Westgate Logistics,delivered
TV-23447,Lakeside Wholesale Holdings,picked_up
TV-23448,Kingsway Retail Group,in_transit
TV-23449,Golden Pharma,delivered
TV-23450,Sunrise Distribution Pty Ltd,failed
TV-23451,Golden Hardware,in_transit
TV-23452,Redgum Hardware,in_transit
TV-23453,Fairwind Motors Holdings,delivered
TV-23454,Golden Industrial,failed
TV-23455,Highfield Motors Holdings,created
TV-23456,Blackwood Grocers Pty Ltd,in_transit
TV-23457,Lakeside Distribution Pty Ltd,in_transit
TV-23458,Coastal Distribution,in_transit
TV-23459,Lakeside Motors Pty Ltd,picked_up
TV-23460,Blackwood Grocers,picked_up
TV-23461,Summit Textiles Group,created
TV-23462,Northern Trading,in_transit
TV-23463,Lakeside Beverages Group,created
TV-23464,Northern Motors Co,in_transit
TV-23465,Kingsway Packaging Holdings,picked_up
TV-23466,Eastlink Apparel Pty Ltd,failed
TV-23467,Summit Logistics Group,in_transit
TV-23468,Ironbark Chemicals Holdings,in_transit
TV-23469,Riverside Supplies,picked_up
TV-23470,Kingsway Packaging Holdings,delivered
TV-23471,Baywater Motors Pty Ltd,created
TV-23472,Eastlink Wholesale Holdings,created
TV-23473,Golden Wholesale,delivered
TV-23474,Eastlink Supplies,in_transit
TV-23475,Sunrise Beverages Co,in_transit
TV-23476,Redgum Chemicals,created
TV-23477,Baywater Pharma Holdings,in_transit
TV-23478,Parkview Supplies Pty Ltd,delivered
TV-23479,Parkview Electronics,in_transit
TV-23480,Parkview Industrial,delivered
TV-23481,Riverside Distribution Co,created
TV-23482,Sunrise Industrial,in_transit
TV-23483,Parkview Components Co,in_transit
TV-23484,Northern Components Pty Ltd,delivered
TV-23485,Eastlink Trading Group,picked_up
TV-23486,Stonebridge Foods,delivered
TV-23487,Northern Beverages Co,delivered
TV-23488,Stonebridge Freight Co,picked_up
TV-23489,Kingsway Pharma,delivered
TV-23490,Stonebridge Pharma Group,delivered
TV-23491,Harbour Supplies Holdings,picked_up
TV-23492,Parkview Foods Group,delivered
TV-23493,Westgate Logistics Holdings,in_transit
TV-23494,Kingsway Packaging Group,delivered
TV-23495,Harbour Beverages Pty Ltd,in_transit
TV-23496,Golden Freight,in_transit
TV-23497,Northern Packaging,delivered
TV-23498,Ironbark Pharma Holdings,delivered
TV-23499,Riverside Distribution Pty Ltd,delivered
TV-23500,Harbour Supplies Pty Ltd,in_transit
TV-23501,Golden Distribution Co,delivered
TV-23502,Fairwind Freight,picked_up
TV-23503,Fairwind Trading,created
TV-23504,Stonebridge Hardware Pty Ltd,delivered
TV-23505,Eastlink Supplies,in_transit
TV-23506,Coastal Distribution Co,delivered
TV-23507,Parkview Hardware,picked_up
TV-23508,Baywater Distribution,created
TV-23509,Baywater Logistics Co,created
TV-23510,Redgum Hardware Holdings,in_transit
TV-23511,Westgate Industrial,failed
TV-23512,Fairwind Apparel,in_transit
TV-23513,Summit Grocers Group,created
TV-23514,Parkview Motors,in_transit
TV-23515,Kingsway Hardware Group,picked_up
TV-23516,Sunrise Chemicals Group,in_transit
TV-23517,Fairwind Components Co,picked_up
TV-23518,Highfield Freight,picked_up
TV-23519,Northern Trading,delivered
TV-23520,Northern Beverages,created
TV-23521,Stonebridge Packaging Pty Ltd,in_transit
TV-23522,Westgate Chemicals Holdings,in_transit
TV-23523,Baywater Wholesale,created
TV-23524,Baywater Chemicals Pty Ltd,delivered
TV-23525,Parkview Hardware Pty Ltd,created
TV-23526,Eastlink Pharma,delivered
TV-23527,Summit Hardware,created
TV-23528,Westgate Textiles Group,in_transit
TV-23529,Westgate Textiles Holdings,created
TV-23530,Blackwood Electronics,picked_up
TV-23531,Northern Packaging Holdings,picked_up
TV-23532,Riverside Supplies Pty Ltd,delivered
TV-23533,Coastal Packaging,created
TV-23534,Blackwood Retail,in_transit
TV-23535,Sunrise Freight Group,delivered
TV-23536,Sunrise Beverages,delivered
TV-23537,Sunrise Supplies Pty Ltd,picked_up
TV-23538,Northern Chemicals,in_transit
TV-23539,Golden Freight Co,picked_up
TV-23540,Redgum Packaging Holdings,delivered
TV-23541,Ironbark Supplies,delivered
TV-23542,Northern Textiles Holdings,failed
TV-23543,Lakeside Retail,picked_up
TV-23544,Highfield Apparel Group,in_transit
TV-23545,Blackwood Motors Group,in_transit
TV-23546,Golden Apparel Holdings,delivered
TV-23547,Redgum Packaging,delivered
TV-23548,Golden Wholesale,created
TV-23549,Eastlink Pharma,picked_up
TV-23550,Kingsway Beverages,picked_up
TV-23551,Westgate Distribution,picked_up
TV-23552,Northern Distribution Holdings,delivered
TV-23553,Silverline Pharma,created
TV-23554,Silverline Freight Group,in_transit
TV-23555,Highfield Trading Group,delivered
TV-23556,Westgate Components,in_transit
TV-23557,Summit Freight Pty Ltd,created
TV-23558,Lakeside Motors,created
TV-23559,Ironbark Logistics,in_transit
TV-23560,Kingsway Textiles Holdings,created
TV-23561,Parkview Packaging,in_transit
TV-23562,Lakeside Packaging Group,delivered
TV-23563,Fairwind Distribution Holdings,failed
TV-23564,Lakeside Freight,in_transit
TV-23565,Summit Beverages,delivered
TV-23566,Harbour Motors,delivered
TV-23567,Golden Grocers,delivered
TV-23568,Westgate Distribution,in_transit
TV-23569,Stonebridge Electronics Co,in_transit
TV-23570,Baywater Industrial Holdings,in_transit
TV-23571,Coastal Hardware,in_transit
TV-23572,Ironbark Motors,delivered
TV-23573,Summit Retail,in_transit
TV-23574,Parkview Wholesale,delivered
TV-23575,Kingsway Chemicals,in_transit
TV-23576,Harbour Textiles,in_transit
TV-23577,Summit Grocers,created
TV-23578,Summit Retail Holdings,created
TV-23579,Harbour Retail,created
TV-23580,Coastal Supplies,picked_up
TV-23581,Blackwood Grocers Pty Ltd,created
TV-23582,Blackwood Trading,delivered
TV-23583,Stonebridge Textiles Pty Ltd,in_transit
TV-23584,Parkview Industrial,in_transit
TV-23585,Riverside Motors Holdings,created
TV-23586,Redgum Motors Co,in_transit
TV-23587,Parkview Packaging,created
TV-23588,Summit Hardware,in_transit
TV-23589,Lakeside Trading,created
TV-23590,Golden Components,in_transit
TV-23591,Ironbark Wholesale,created
TV-23592,Westgate Foods Pty Ltd,created
TV-23593,Baywater Wholesale Pty Ltd,delivered
TV-23594,Harbour Retail,created
TV-23595,Kingsway Logistics Group,delivered
TV-23596,Parkview Motors Group,picked_up
TV-23597,Northern Pharma,created
TV-23598,Highfield Pharma,created
TV-23599,Parkview Logistics,picked_up
TV-23600,Baywater Industrial Group,delivered
TV-23601,Golden Motors Pty Ltd,failed
TV-23602,Ironbark Industrial,delivered
TV-23603,Redgum Wholesale Pty Ltd,created
TV-23604,Eastlink Hardware,created
TV-23605,Coastal Supplies Co,delivered
TV-23606,Riverside Beverages,delivered
TV-23607,Redgum Industrial Co,created
TV-23608,Highfield Chemicals Group,in_transit
TV-23609,Blackwood Retail Group,in_transit
TV-23610,Stonebridge Textiles Co,in_transit
TV-23611,Baywater Logistics,in_transit
TV-23612,Northern Hardware,in_transit
TV-23613,Stonebridge Apparel,picked_up
TV-23614,Baywater Retail,delivered
TV-23615,Baywater Chemicals Pty Ltd,in_transit
TV-23616,Riverside Industrial Co,failed
TV-23617,Harbour Trading,delivered
TV-23618,Eastlink Chemicals Group,in_transit
TV-23619,Kingsway Wholesale Group,picked_up
TV-23620,Redgum Textiles Co,delivered
TV-23621,Silverline Freight Group,delivered
TV-23622,Highfield Chemicals,delivered
TV-23623,Kingsway Logistics Co,in_transit
TV-23624,Stonebridge Apparel Group,delivered
TV-23625,Kingsway Hardware Co,in_transit
TV-23626,Golden Trading Group,created
TV-23627,Stonebridge Trading Group,in_transit
TV-23628,Kingsway Retail Pty Ltd,created
TV-23629,Silverline Logistics Holdings,failed
TV-23630,Fairwind Components,in_transit
TV-23631,Baywater Supplies,created
TV-23632,Kingsway Motors,delivered
TV-23633,Highfield Retail,created
TV-23634,Redgum Wholesale Pty Ltd,failed
TV-23635,Stonebridge Retail,delivered
TV-23636,Fairwind Trading Pty Ltd,created
TV-23637,Northern Motors Pty Ltd,delivered
TV-23638,Lakeside Retail Holdings,created
TV-23639,Stonebridge Supplies,in_transit
TV-23640,Coastal Grocers Group,delivered
TV-23641,Highfield Grocers Co,delivered
TV-23642,Westgate Logistics,picked_up
TV-23643,Highfield Trading Group,delivered
TV-23644,Westgate Chemicals,delivered
TV-23645,Highfield Foods Co,in_transit
TV-23646,Stonebridge Foods Pty Ltd,in_transit
TV-23647,Parkview Retail Holdings,created
TV-23648,Highfield Supplies Group,delivered
TV-23649,Redgum Pharma,delivered
TV-23650,Northern Motors,in_transit
TV-23651,Redgum Beverages,failed
TV-23652,Coastal Trading,in_transit
TV-23653,Kingsway Motors,created
TV-23654,Eastlink Freight Pty Ltd,picked_up
TV-23655,Lakeside Wholesale,in_transit
TV-23656,Westgate Packaging Co,picked_up
TV-23657,Stonebridge Trading Pty Ltd,created
TV-23658,Kingsway Distribution,delivered
TV-23659,Eastlink Grocers Holdings,delivered
TV-23660,Golden Hardware,in_transit
TV-23661,Redgum Distribution Group,delivered
TV-23662,Sunrise Packaging Pty Ltd,delivered
TV-23663,Ironbark Wholesale,in_transit
TV-23664,Kingsway Wholesale Pty Ltd,created
TV-23665,Silverline Hardware,in_transit
TV-23666,Lakeside Pharma Co,picked_up
TV-23667,Harbour Trading,delivered
TV-23668,Riverside Hardware,in_transit
TV-23669,Lakeside Wholesale Holdings,in_transit
TV-23670,Summit Grocers Co,in_transit
TV-23671,Sunrise Packaging Co,in_transit
TV-23672,Silverline Packaging,delivered
TV-23673,Kingsway Components,delivered
TV-23674,Riverside Trading,in_transit
TV-23675,Highfield Distribution,in_transit
TV-23676,Stonebridge Logistics Group,in_transit
TV-23677,Northern Industrial,in_transit
TV-23678,Harbour Freight Holdings,delivered
TV-23679,Harbour Hardware Holdings,in_transit
TV-23680,Riverside Components Co,in_transit
TV-23681,Eastlink Electronics,in_transit
TV-23682,Highfield Chemicals,delivered
TV-23683,Northern Textiles,picked_up
TV-23684,Redgum Logistics,picked_up
TV-23685,Ironbark Electronics,delivered
TV-23686,Baywater Motors Holdings,in_transit
TV-23687,Stonebridge Retail Pty Ltd,delivered
TV-23688,Fairwind Apparel,delivered
TV-23689,Coastal Foods,created
TV-23690,Westgate Trading Holdings,created
TV-23691,Ironbark Distribution,in_transit
TV-23692,Fairwind Hardware Co,picked_up
TV-23693,Stonebridge Logistics Group,in_transit
TV-23694,Baywater Motors,picked_up
TV-23695,Summit Beverages,picked_up
TV-23696,Westgate Electronics,in_transit
TV-23697,Westgate Motors,picked_up
TV-23698,Golden Chemicals Group,in_transit
TV-23699,Coastal Electronics,picked_up
TV-23700,Westgate Trading Pty Ltd,delivered
TV-23701,Golden Industrial Pty Ltd,delivered
TV-23702,Lakeside Wholesale,delivered
TV-23703,Summit Logistics Pty Ltd,created
TV-23704,Northern Logistics,delivered
TV-23705,Kingsway Retail,in_transit
TV-23706,Parkview Apparel Holdings,in_transit
TV-23707,Stonebridge Supplies Pty Ltd,delivered
TV-23708,Redgum Foods Holdings,in_transit
TV-23709,Stonebridge Components Pty Ltd,delivered
TV-23710,Kingsway Chemicals Co,created
TV-23711,Coastal Packaging,created
TV-23712,Redgum Components,delivered
TV-23713,Eastlink Freight Co,created
TV-23714,Riverside Beverages Holdings,in_transit
TV-23715,Coastal Retail,delivered
TV-23716,Coastal Pharma,delivered
TV-23717,Eastlink Apparel Holdings,created
TV-23718,Stonebridge Grocers,created
TV-23719,Golden Industrial,created
TV-23720,Eastlink Foods Co,picked_up
TV-23721,Fairwind Foods,in_transit
TV-23722,Stonebridge Apparel Pty Ltd,failed
TV-23723,Summit Beverages,delivered
TV-23724,Fairwind Foods Co,created
TV-23725,Sunrise Trading Holdings,in_transit
TV-23726,Blackwood Chemicals Co,delivered
TV-23727,Fairwind Beverages Co,in_transit
TV-23728,Ironbark Chemicals,in_transit
TV-23729,Blackwood Supplies,delivered
TV-23730,Fairwind Retail Co,created
TV-23731,Ironbark Packaging Pty Ltd,created
TV-23732,Riverside Motors,in_transit
TV-23733,Sunrise Retail,delivered
TV-23734,Northern Electronics Pty Ltd,in_transit
TV-23735,Harbour Chemicals,delivered
TV-23736,Coastal Beverages,delivered
TV-23737,Stonebridge Supplies Pty Ltd,in_transit
TV-23738,Summit Freight,delivered
TV-23739,Golden Motors,in_transit
TV-23740,Highfield Freight Pty Ltd,in_transit
TV-23741,Blackwood Wholesale,in_transit
TV-23742,Summit Retail,created
TV-23743,Ironbark Logistics Group,in_transit
TV-23744,Harbour Grocers Co,in_transit
TV-23745,Highfield Pharma,created
TV-23746,Summit Grocers,picked_up
TV-23747,Silverline Motors Co,failed
TV-23748,Fairwind Motors Co,created
TV-23749,Coastal Apparel Holdings,in_transit
TV-23750,Redgum Trading Holdings,failed
TV-23751,Sunrise Pharma,created
TV-23752,Stonebridge Grocers,in_transit
TV-23753,Ironbark Pharma Co,created
TV-23754,Harbour Motors Holdings,in_transit
TV-23755,Summit Grocers Group,created
TV-23756,Ironbark Pharma Co,delivered
TV-23757,Sunrise Grocers,picked_up
TV-23758,Harbour Freight Group,delivered
TV-23759,Fairwind Hardware Holdings,in_transit
TV-23760,Coastal Retail,delivered
TV-23761,Golden Wholesale Holdings,in_transit
TV-23762,Parkview Industrial,created
TV-23763,Lakeside Freight Pty Ltd,picked_up
TV-23764,Summit Electronics,delivered
TV-23765,Sunrise Components,created
TV-23766,Redgum Beverages,in_transit
TV-23767,Ironbark Components,created
TV-23768,Parkview Foods,in_transit
TV-23769,Coastal Logistics,in_transit
TV-23770,Parkview Apparel,picked_up
TV-23771,Westgate Apparel Pty Ltd,in_transit
TV-23772,Westgate Apparel Holdings,created
TV-23773,Fairwind Retail,delivered
TV-23774,Summit Hardware,picked_up
TV-23775,Sunrise Industrial Pty Ltd,created
TV-23776,Golden Textiles Group,created
TV-23777,Lakeside Freight,delivered
TV-23778,Harbour Foods Pty Ltd,failed
TV-23779,Eastlink Electronics,created
TV-23780,Parkview Textiles,in_transit
TV-23781,Summit Textiles Holdings,in_transit
TV-23782,Westgate Industrial Holdings,in_transit
TV-23783,Fairwind Motors,in_transit
TV-23784,Harbour Textiles Co,in_transit
TV-23785,Westgate Foods Pty Ltd,delivered
TV-23786,Highfield Packaging,created
TV-23787,Stonebridge Grocers Co,delivered
TV-23788,Silverline Components,delivered
TV-23789,Redgum Pharma,in_transit
TV-23790,Harbour Industrial Group,created
TV-23791,Parkview Logistics,picked_up
TV-23792,Ironbark Retail Holdings,in_transit
TV-23793,Westgate Motors,in_transit
TV-23794,Silverline Pharma,in_transit
TV-23795,Redgum Packaging Pty Ltd,in_transit
TV-23796,Redgum Chemicals,failed
TV-23797,Blackwood Distribution Group,delivered
TV-23798,Parkview Distribution,in_transit
TV-23799,Fairwind Motors,created
TV-23800,Westgate Trading Holdings,created
TV-23801,Westgate Retail Co,created
TV-23802,Sunrise Pharma Group,in_transit
TV-23803,Ironbark Grocers Holdings,in_transit
TV-23804,Sunrise Packaging,created
TV-23805,Baywater Foods Co,in_transit
TV-23806,Silverline Freight,created
TV-23807,Parkview Retail,in_transit
TV-23808,Fairwind Components,in_transit
TV-23809,Blackwood Packaging Pty Ltd,failed
TV-23810,Parkview Trading Pty Ltd,in_transit
TV-23811,Fairwind Industrial,created
TV-23812,Parkview Industrial Co,in_transit
TV-23813,Silverline Pharma,delivered
TV-23814,Summit Apparel Co,delivered
TV-23815,Fairwind Distribution,picked_up
TV-23816,Redgum Trading,created
TV-23817,Northern Industrial,created
TV-23818,Riverside Apparel,failed
TV-23819,Silverline Freight,in_transit
TV-23820,Baywater Industrial Group,delivered
TV-23821,Golden Grocers Co,delivered
TV-23822,Baywater Supplies Holdings,delivered
TV-23823,Highfield Hardware,created
TV-23824,Coastal Motors,in_transit
TV-23825,Blackwood Supplies,delivered
TV-23826,Stonebridge Packaging,in_transit
TV-23827,Coastal Pharma Group,delivered
TV-23828,Westgate Supplies,in_transit
TV-23829,Blackwood Electronics Group,created
TV-23830,Northern Motors,delivered
TV-23831,Highfield Apparel Holdings,delivered
TV-23832,Redgum Motors Group,picked_up
TV-23833,Kingsway Hardware Co,picked_up
TV-23834,Eastlink Foods,delivered
TV-23835,Summit Wholesale,in_transit
TV-23836,Harbour Motors,in_transit
TV-23837,Ironbark Textiles Co,delivered
TV-23838,Highfield Chemicals Group,created
TV-23839,Lakeside Packaging Group,in_transit
TV-23840,Highfield Electronics,in_transit
TV-23841,Silverline Textiles Holdings,delivered
TV-23842,Westgate Freight,delivered
TV-23843,Eastlink Packaging Group,in_transit
TV-23844,Coastal Grocers,delivered
TV-23845,Harbour Grocers,delivered
TV-23846,Westgate Motors Co,created
TV-23847,Lakeside Textiles,in_transit
TV-23848,Stonebridge Packaging,delivered
TV-23849,Northern Electronics,created
TV-23850,Redgum Industrial,in_transit
TV-23851,Baywater Hardware Holdings,created
TV-23852,Summit Trading Group,in_transit
TV-23853,Eastlink Packaging Group,delivered
TV-23854,Harbour Chemicals Co,delivered
TV-23855,Summit Textiles Group,in_transit
TV-23856,Silverline Chemicals,in_transit
TV-23857,Ironbark Grocers,in_transit
TV-23858,Blackwood Hardware,created
TV-23859,Northern Textiles Holdings,failed
TV-23860,Parkview Distribution,in_transit
TV-23861,Blackwood Distribution Group,in_transit
TV-23862,Sunrise Packaging,delivered
TV-23863,Kingsway Logistics Holdings,picked_up
TV-23864,Sunrise Chemicals,delivered
TV-23865,Blackwood Textiles,in_transit
TV-23866,Lakeside Retail,picked_up
TV-23867,Highfield Electronics Pty Ltd,in_transit
TV-23868,Stonebridge Foods Pty Ltd,in_transit
TV-23869,Fairwind Foods Group,created
TV-23870,Stonebridge Hardware Group,in_transit
TV-23871,Fairwind Pharma,created
TV-23872,Fairwind Pharma Co,in_transit
TV-23873,Harbour Trading Co,in_transit
TV-23874,Lakeside Textiles Pty Ltd,created
TV-23875,Blackwood Supplies Co,in_transit
TV-23876,Highfield Electronics Pty Ltd,in_transit
TV-23877,Summit Chemicals Holdings,in_transit
TV-23878,Redgum Distribution,created
TV-23879,Redgum Retail Group,in_transit
TV-23880,Sunrise Components,created
TV-23881,Highfield Foods Pty Ltd,created
TV-23882,Ironbark Grocers,in_transit
TV-23883,Summit Chemicals Group,delivered
TV-23884,Blackwood Apparel,delivered
TV-23885,Kingsway Retail Co,created
TV-23886,Coastal Supplies,created
TV-23887,Northern Retail,delivered
TV-23888,Kingsway Electronics,created
TV-23889,Highfield Motors Holdings,in_transit
TV-23890,Fairwind Grocers,in_transit
TV-23891,Harbour Grocers Co,delivered
TV-23892,Parkview Packaging,created
TV-23893,Silverline Packaging,created
TV-23894,Riverside Motors,in_transit
TV-23895,Coastal Grocers,in_transit
TV-23896,Golden Beverages,created
TV-23897,Sunrise Logistics,in_transit
TV-23898,Northern Wholesale Group,delivered
TV-23899,Silverline Motors,created
TV-23900,Blackwood Chemicals,picked_up
TV-23901,Parkview Freight Pty Ltd,in_transit
TV-23902,Harbour Foods,failed
TV-23903,Sunrise Chemicals Group,in_transit
TV-23904,Northern Industrial,delivered
TV-23905,Ironbark Freight,failed
TV-23906,Fairwind Grocers Co,delivered
TV-23907,Riverside Industrial Pty Ltd,picked_up
TV-23908,Coastal Foods Pty Ltd,picked_up
TV-23909,Riverside Components Group,picked_up
TV-23910,Eastlink Packaging,delivered
TV-23911,Stonebridge Trading,created
TV-23912,Fairwind Pharma Co,picked_up
TV-23913,Westgate Packaging Group,in_transit
TV-23914,Riverside Industrial,picked_up
TV-23915,Stonebridge Electronics Group,failed
TV-23916,Redgum Freight Group,picked_up
TV-23917,Sunrise Beverages,picked_up
TV-23918,Baywater Pharma,in_transit
TV-23919,Riverside Hardware Co,delivered
TV-23920,Coastal Packaging,delivered
TV-23921,Golden Distribution Co,delivered
TV-23922,Redgum Supplies Co,in_transit
TV-23923,Redgum Apparel Pty Ltd,in_transit
TV-23924,Ironbark Textiles,failed
TV-23925,Eastlink Packaging,delivered
TV-23926,Ironbark Foods Group,created
TV-23927,Coastal Textiles Pty Ltd,delivered
TV-23928,Eastlink Trading,created
TV-23929,Harbour Supplies,in_transit
TV-23930,Summit Trading,created
TV-23931,Silverline Chemicals Co,in_transit
TV-23932,Kingsway Packaging Group,created
TV-23933,Northern Grocers Co,delivered
TV-23934,Harbour Motors Group,in_transit
TV-23935,Lakeside Chemicals,in_transit
TV-23936,Blackwood Freight Holdings,created
TV-23937,Coastal Beverages,failed
TV-23938,Baywater Packaging Group,in_transit
TV-23939,Highfield Supplies,in_transit
TV-23940,Blackwood Industrial,picked_up
TV-23941,Sunrise Pharma,delivered
TV-23942,Golden Industrial,picked_up
TV-23943,Harbour Textiles,in_transit
TV-23944,Coastal Components,in_transit
TV-23945,Parkview Chemicals Co,delivered
TV-23946,Kingsway Hardware,picked_up
TV-23947,Fairwind Textiles,in_transit
TV-23948,Ironbark Industrial,created
TV-23949,Summit Packaging Pty Ltd,created
TV-23950,Silverline Grocers,in_transit
TV-23951,Northern Distribution Co,created
TV-23952,Redgum Packaging Group,delivered
TV-23953,Golden Trading,picked_up
TV-23954,Baywater Pharma,in_transit
TV-23955,Blackwood Distribution Pty Ltd,in_transit
TV-23956,Silverline Trading,delivered
TV-23957,Lakeside Apparel Co,delivered
TV-23958,Highfield Industrial Co,created
TV-23959,Kingsway Industrial Pty Ltd,in_transit
TV-23960,Silverline Chemicals,created
TV-23961,Kingsway Freight Co,delivered
TV-23962,Ironbark Textiles,created
TV-23963,Kingsway Chemicals Co,created
TV-23964,Summit Textiles Pty Ltd,delivered
TV-23965,Kingsway Apparel Holdings,delivered
TV-23966,Summit Chemicals,delivered
TV-23967,Westgate Freight,picked_up
TV-23968,Blackwood Industrial Group,in_transit
TV-23969,Baywater Grocers Holdings,delivered
TV-23970,Riverside Apparel Co,picked_up
TV-23971,Westgate Hardware,created
TV-23972,Eastlink Chemicals Group,created
TV-23973,Northern Trading Group,created
TV-23974,Coastal Apparel Co,delivered
TV-23975,Eastlink Packaging Pty Ltd,in_transit
TV-23976,Harbour Beverages,in_transit
TV-23977,Kingsway Freight Pty Ltd,delivered
TV-23978,Lakeside Chemicals Holdings,created
TV-23979,Blackwood Electronics Pty Ltd,created
TV-23980,Coastal Industrial Pty Ltd,picked_up
TV-23981,Eastlink Textiles,created
TV-23982,Blackwood Pharma Pty Ltd,delivered
TV-23983,Golden Apparel,delivered
TV-23984,Blackwood Hardware,delivered
TV-23985,Silverline Hardware Holdings,in_transit
TV-23986,Northern Packaging Group,created
TV-23987,Ironbark Freight Co,delivered
TV-23988,Fairwind Apparel Pty Ltd,delivered
TV-23989,Silverline Logistics,in_transit
TV-23990,Silverline Wholesale,failed
TV-23991,Parkview Retail,delivered
TV-23992,Lakeside Pharma,created
TV-23993,Coastal Electronics Pty Ltd,created
TV-23994,Riverside Wholesale,in_transit
TV-23995,Highfield Wholesale,picked_up
TV-23996,Silverline Apparel Co,delivered
TV-23997,Parkview Freight,delivered
TV-23998,Parkview Chemicals,in_transit
TV-23999,Coastal Freight,in_transit
TV-24000,Redgum Electronics,delivered
TV-24001,Stonebridge Retail,picked_up
TV-24002,Kingsway Distribution Group,delivered
TV-24003,Parkview Apparel,created
TV-24004,Kingsway Grocers Group,created
TV-24005,Fairwind Electronics Holdings,in_transit
TV-24006,Eastlink Components,created
TV-24007,Kingsway Wholesale Pty Ltd,delivered
TV-24008,Parkview Industrial,in_transit
TV-24009,Ironbark Distribution,created
TV-24010,Sunrise Textiles,in_transit
TV-24011,Baywater Freight Pty Ltd,in_transit
TV-24012,Ironbark Freight Group,in_transit
TV-24013,Stonebridge Apparel,in_transit
TV-24014,Harbour Beverages,created
TV-24015,Harbour Components Group,in_transit
TV-24016,Eastlink Freight Co,picked_up
TV-24017,Summit Apparel,in_transit
TV-24018,Westgate Grocers Co,picked_up
TV-24019,Redgum Supplies,delivered
TV-24020,Harbour Components,created
TV-24021,Baywater Trading,picked_up
TV-24022,Eastlink Textiles Holdings,delivered
TV-24023,Sunrise Components,delivered
TV-24024,Northern Components,in_transit
TV-24025,Highfield Electronics,created
TV-24026,Summit Pharma,in_transit
TV-24027,Riverside Foods,created
TV-24028,Westgate Hardware Co,in_transit
TV-24029,Coastal Foods,delivered
TV-24030,Eastlink Foods Co,created
TV-24031,Lakeside Supplies Group,in_transit
TV-24032,Westgate Apparel,in_transit
TV-24033,Ironbark Chemicals,failed
TV-24034,Eastlink Packaging,delivered
TV-24035,Silverline Foods,picked_up
TV-24036,Northern Freight,delivered
TV-24037,Northern Distribution,created
TV-24038,Fairwind Apparel Co,created
TV-24039,Sunrise Beverages Co,in_transit
TV-24040,Northern Hardware Pty Ltd,in_transit
TV-24041,Summit Hardware Group,delivered
TV-24042,Riverside Pharma Holdings,created
TV-24043,Baywater Industrial,created
TV-24044,Harbour Logistics Holdings,delivered
TV-24045,Eastlink Electronics,delivered
TV-24046,Parkview Apparel,created
TV-24047,Eastlink Chemicals Co,in_transit
TV-24048,Sunrise Beverages Pty Ltd,picked_up
TV-24049,Kingsway Wholesale Co,delivered
TV-24050,Redgum Chemicals,in_transit
TV-24051,Northern Chemicals Pty Ltd,delivered
TV-24052,Westgate Grocers Co,in_transit
TV-24053,Kingsway Pharma Holdings,delivered
TV-24054,Golden Wholesale Pty Ltd,in_transit
TV-24055,Blackwood Pharma Holdings,created
TV-24056,Stonebridge Packaging Co,in_transit
TV-24057,Highfield Industrial Co,created
TV-24058,Stonebridge Electronics,in_transit
TV-24059,Blackwood Trading,created
TV-24060,Westgate Foods,delivered
TV-24061,Kingsway Motors,in_transit
TV-24062,Sunrise Components,in_transit
TV-24063,Blackwood Chemicals Co,delivered
TV-24064,Riverside Wholesale,delivered
TV-24065,Kingsway Wholesale Holdings,picked_up
TV-24066,Fairwind Pharma,created
TV-24067,Lakeside Trading Group,created
TV-24068,Fairwind Distribution,picked_up
TV-24069,Blackwood Textiles Holdings,delivered
TV-24070,Coastal Trading Co,created
TV-24071,Fairwind Chemicals Pty Ltd,picked_up
TV-24072,Northern Electronics,delivered
TV-24073,Blackwood Apparel,delivered
TV-24074,Lakeside Electronics,delivered
TV-24075,Parkview Beverages,delivered
TV-24076,Golden Packaging,created
TV-24077,Redgum Supplies,in_transit
TV-24078,Sunrise Pharma Holdings,delivered
TV-24079,Eastlink Packaging Pty Ltd,picked_up
TV-24080,Riverside Distribution Holdings,picked_up
TV-24081,Golden Textiles Group,created
TV-24082,Golden Foods,delivered
TV-24083,Kingsway Industrial Co,created
TV-24084,Redgum Supplies,delivered
TV-24085,Harbour Electronics,picked_up
TV-24086,Eastlink Industrial,in_transit
TV-24087,Lakeside Trading,delivered
TV-24088,Northern Supplies,in_transit
TV-24089,Golden Logistics Pty Ltd,in_transit
TV-24090,Silverline Retail Co,delivered
TV-24091,Sunrise Supplies,delivered
TV-24092,Stonebridge Supplies,in_transit
TV-24093,Lakeside Wholesale,in_transit
TV-24094,Eastlink Freight,delivered
TV-24095,Parkview Freight,picked_up
TV-24096,Westgate Grocers,created
TV-24097,Eastlink Retail Holdings,created
TV-24098,Summit Trading,created
TV-24099,Riverside Logistics Pty Ltd,in_transit
TV-24100,Northern Industrial,created
TV-24101,Baywater Wholesale,delivered
TV-24102,Baywater Foods Co,picked_up
TV-24103,Golden Chemicals,created
TV-24104,Summit Logistics,created
TV-24105,Kingsway Retail,delivered
TV-24106,Silverline Foods,failed
TV-24107,Silverline Packaging,created
TV-24108,Lakeside Trading,delivered
TV-24109,Blackwood Components,in_transit
TV-24110,Highfield Grocers Group,in_transit
TV-24111,Highfield Textiles,created
TV-24112,Silverline Packaging Group,delivered
TV-24113,Eastlink Distribution,in_transit
TV-24114,Sunrise Supplies Group,created
TV-24115,Baywater Pharma Group,in_transit
TV-24116,Lakeside Hardware,delivered
TV-24117,Westgate Foods,in_transit
TV-24118,Fairwind Motors Co,delivered
TV-24119,Riverside Beverages,delivered
TV-24120,Summit Chemicals Group,in_transit
TV-24121,Summit Beverages,delivered
TV-24122,Ironbark Logistics Co,created
TV-24123,Highfield Components,delivered
TV-24124,Stonebridge Industrial,created
TV-24125,Coastal Industrial Co,in_transit
TV-24126,Eastlink Logistics,delivered
TV-24127,Golden Apparel,in_transit
TV-24128,Eastlink Trading Holdings,delivered
TV-24129,Stonebridge Pharma,in_transit
TV-24130,Summit Electronics,created
TV-24131,Fairwind Retail,in_transit
TV-24132,Westgate Retail,picked_up
TV-24133,Silverline Electronics,in_transit
TV-24134,Eastlink Electronics,created
TV-24135,Silverline Motors,delivered
TV-24136,Fairwind Motors,in_transit
TV-24137,Fairwind Apparel,failed
TV-24138,Lakeside Motors,in_transit
TV-24139,Highfield Supplies,picked_up
TV-24140,Highfield Supplies,in_transit
TV-24141,Highfield Distribution,delivered
TV-24142,Fairwind Hardware Group,failed
TV-24143,Ironbark Chemicals,delivered
TV-24144,Coastal Pharma,delivered
TV-24145,Baywater Freight,in_transit
TV-24146,Summit Retail Group,created
TV-24147,Highfield Apparel,in_transit
TV-24148,Riverside Trading,delivered
TV-24149,Redgum Foods,delivered
TV-24150,Baywater Trading,picked_up
TV-24151,Northern Trading Co,picked_up
TV-24152,Blackwood Beverages Pty Ltd,in_transit
TV-24153,Ironbark Trading Holdings,created
TV-24154,Sunrise Supplies,in_transit
TV-24155,Harbour Wholesale Pty Ltd,picked_up
TV-24156,Stonebridge Pharma,created
TV-24157,Lakeside Wholesale Pty Ltd,created
TV-24158,Baywater Electronics,in_transit
TV-24159,Westgate Hardware Co,delivered
TV-24160,Redgum Pharma Holdings,picked_up
TV-24161,Kingsway Distribution Holdings,created
TV-24162,Silverline Electronics Co,created
TV-24163,Ironbark Supplies Co,created
TV-24164,Redgum Trading,in_transit
TV-24165,Highfield Foods Pty Ltd,in_transit
TV-24166,Coastal Grocers Group,delivered
TV-24167,Parkview Grocers Group,in_transit
TV-24168,Silverline Packaging Group,created
TV-24169,Riverside Motors Group,in_transit
TV-24170,Ironbark Retail,delivered
TV-24171,Parkview Textiles Holdings,delivered
TV-24172,Riverside Grocers Group,in_transit
TV-24173,Lakeside Chemicals,in_transit
TV-24174,Redgum Logistics,in_transit
TV-24175,Golden Components Group,delivered
TV-24176,Eastlink Retail,in_transit
TV-24177,Summit Textiles Group,picked_up
TV-24178,Blackwood Components,picked_up
TV-24179,Ironbark Trading Pty Ltd,delivered
TV-24180,Sunrise Components,in_transit
TV-24181,Baywater Distribution Group,in_transit
TV-24182,Eastlink Textiles,created
TV-24183,Eastlink Freight,created
TV-24184,Golden Components,delivered
TV-24185,Sunrise Apparel,in_transit
TV-24186,Harbour Logistics,delivered
TV-24187,Silverline Grocers Holdings,picked_up
TV-24188,Ironbark Logistics,delivered
TV-24189,Summit Trading Group,delivered
TV-24190,Northern Electronics Co,created
TV-24191,Riverside Distribution Holdings,in_transit
TV-24192,Riverside Components Holdings,created
TV-24193,Parkview Foods Co,delivered
TV-24194,Harbour Chemicals Co,failed
TV-24195,Stonebridge Retail Co,created
TV-24196,Fairwind Components Pty Ltd,in_transit
TV-24197,Sunrise Beverages Holdings,created
TV-24198,Stonebridge Distribution Group,delivered
TV-24199,Riverside Distribution Group,delivered
TV-24200,Riverside Motors,delivered
TV-24201,Highfield Trading,in_transit
TV-24202,Coastal Trading,picked_up
TV-24203,Eastlink Chemicals Co,in_transit
TV-24204,Ironbark Beverages,in_transit
TV-24205,Fairwind Grocers,delivered
TV-24206,Parkview Wholesale Group,picked_up
TV-24207,Coastal Foods Co,delivered
TV-24208,Lakeside Foods,created
TV-24209,Westgate Freight Co,delivered
TV-24210,Northern Wholesale,delivered
TV-24211,Harbour Chemicals,in_transit
TV-24212,Harbour Trading Pty Ltd,in_transit
TV-24213,Blackwood Pharma Co,created
TV-24214,Silverline Textiles Group,failed
TV-24215,Baywater Textiles Group,picked_up
TV-24216,Coastal Supplies,created
TV-24217,Redgum Beverages Co,delivered
TV-24218,Kingsway Distribution Holdings,in_transit
TV-24219,Parkview Electronics Pty Ltd,delivered
TV-24220,Northern Foods Co,in_transit
TV-24221,Sunrise Wholesale,created
TV-24222,Riverside Distribution,in_transit
TV-24223,Highfield Trading,delivered
TV-24224,Parkview Packaging,picked_up
TV-24225,Blackwood Electronics Co,created
TV-24226,Sunrise Electronics,created
TV-24227,Riverside Trading Pty Ltd,delivered
TV-24228,Kingsway Foods,delivered
TV-24229,Lakeside Electronics,in_transit
TV-24230,Baywater Chemicals Co,delivered
TV-24231,Riverside Packaging Group,in_transit
TV-24232,Eastlink Pharma,delivered
TV-24233,Summit Textiles Group,created
TV-24234,Silverline Trading Holdings,in_transit
TV-24235,Summit Apparel,created
TV-24236,Coastal Packaging Holdings,delivered
TV-24237,Harbour Electronics Group,delivered
TV-24238,Ironbark Distribution Group,in_transit
TV-24239,Redgum Components,created
TV-24240,Eastlink Freight Holdings,failed
TV-24241,Fairwind Grocers Group,created
TV-24242,Redgum Electronics,delivered
TV-24243,Stonebridge Components Co,delivered
TV-24244,Fairwind Trading,in_transit
TV-24245,Silverline Packaging,delivered
TV-24246,Harbour Logistics Group,in_transit
TV-24247,Baywater Distribution,delivered
TV-24248,Lakeside Logistics,in_transit
TV-24249,Fairwind Retail Co,in_transit
TV-24250,Blackwood Wholesale,failed
TV-24251,Eastlink Retail,failed
TV-24252,Westgate Wholesale,created
TV-24253,Baywater Distribution,delivered
TV-24254,Summit Electronics Holdings,created
TV-24255,Parkview Components,in_transit
TV-24256,Parkview Apparel,in_transit
TV-24257,Blackwood Electronics Pty Ltd,picked_up
TV-24258,Lakeside Electronics,created
TV-24259,Silverline Grocers Holdings,picked_up
TV-24260,Blackwood Retail Pty Ltd,in_transit
TV-24261,Summit Pharma,picked_up
TV-24262,Silverline Trading Co,created
TV-24263,Riverside Electronics,delivered
TV-24264,Lakeside Foods Pty Ltd,picked_up
TV-24265,Eastlink Retail,in_transit
TV-24266,Baywater Apparel Holdings,in_transit
TV-24267,Summit Logistics,created
TV-24268,Parkview Foods,in_transit
TV-24269,Silverline Logistics Pty Ltd,in_transit
TV-24270,Parkview Textiles,created
TV-24271,Coastal Hardware,delivered
TV-24272,Northern Trading,in_transit
TV-24273,Kingsway Retail,created
TV-24274,Northern Distribution Pty Ltd,created
TV-24275,Baywater Trading,delivered
TV-24276,Northern Logistics Holdings,in_transit
TV-24277,Northern Retail Group,created
TV-24278,Redgum Logistics Pty Ltd,delivered
TV-24279,Coastal Freight Co,created
TV-24280,Kingsway Packaging Pty Ltd,created
TV-24281,Highfield Pharma,in_transit
TV-24282,Summit Grocers,created
TV-24283,Northern Retail Holdings,created
TV-24284,Coastal Distribution,in_transit
TV-24285,Blackwood Retail,in_transit
TV-24286,Harbour Trading Co,picked_up
TV-24287,Parkview Electronics,picked_up
TV-24288,Highfield Wholesale,created
TV-24289,Coastal Foods,delivered
TV-24290,Highfield Trading,created
TV-24291,Fairwind Retail Holdings,created
TV-24292,Golden Hardware,in_transit
TV-24293,Eastlink Logistics,in_transit
TV-24294,Blackwood Beverages Pty Ltd,in_transit
TV-24295,Silverline Freight Group,created
TV-24296,Kingsway Textiles,delivered
TV-24297,Highfield Textiles Group,delivered
TV-24298,Northern Industrial Pty Ltd,created
TV-24299,Westgate Electronics,created
TV-24300,Golden Logistics,created
TV-24301,Stonebridge Motors,created
TV-24302,Kingsway Electronics Pty Ltd,picked_up
TV-24303,Riverside Hardware,in_transit
TV-24304,Riverside Hardware,in_transit
TV-24305,Ironbark Packaging,in_transit
TV-24306,Sunrise Industrial,delivered
TV-24307,Riverside Components,created
TV-24308,Coastal Industrial Pty Ltd,created
TV-24309,Harbour Industrial,in_transit
TV-24310,Silverline Hardware,created
TV-24311,Sunrise Wholesale,picked_up
TV-24312,Sunrise Trading,delivered
TV-24313,Baywater Textiles Co,delivered
TV-24314,Northern Beverages,delivered
TV-24315,Northern Components Holdings,created
TV-24316,Kingsway Industrial Group,delivered
TV-24317,Coastal Hardware,created
TV-24318,Eastlink Wholesale,picked_up
TV-24319,Summit Trading,in_transit
TV-24320,Riverside Freight Group,in_transit
TV-24321,Stonebridge Packaging Pty Ltd,in_transit
TV-24322,Highfield Packaging Co,delivered
TV-24323,Parkview Beverages,in_transit
TV-24324,Golden Industrial Pty Ltd,in_transit
TV-24325,Coastal Electronics,delivered
TV-24326,Northern Logistics Co,picked_up
TV-24327,Lakeside Trading,created
TV-24328,Eastlink Pharma Group,picked_up
TV-24329,Coastal Freight,delivered
TV-24330,Lakeside Supplies,picked_up
TV-24331,Eastlink Wholesale Group,picked_up
TV-24332,Summit Apparel,picked_up
TV-24333,Baywater Electronics,delivered
TV-24334,Stonebridge Grocers,picked_up
TV-24335,Ironbark Foods,in_transit
TV-24336,Stonebridge Supplies Group,in_transit
TV-24337,Northern Apparel,delivered
TV-24338,Kingsway Retail,created
TV-24339,Silverline Trading,failed
TV-24340,Harbour Foods,delivered
TV-24341,Blackwood Motors Holdings,created
TV-24342,Parkview Pharma Pty Ltd,in_transit
TV-24343,Summit Distribution Holdings,delivered
TV-24344,Coastal Pharma Group,delivered
TV-24345,Eastlink Freight,created
TV-24346,Ironbark Components Group,in_transit
TV-24347,Baywater Electronics,picked_up
TV-24348,Sunrise Wholesale Group,delivered
TV-24349,Summit Retail,failed
TV-24350,Sunrise Pharma Pty Ltd,created
TV-24351,Riverside Components Co,created
TV-24352,Ironbark Foods,failed
TV-24353,Blackwood Textiles,failed
TV-24354,Westgate Industrial Co,delivered
TV-24355,Fairwind Beverages Group,in_transit
TV-24356,Ironbark Hardware Pty Ltd,delivered
TV-24357,Silverline Beverages Co,created
TV-24358,Lakeside Logistics,created
TV-24359,Lakeside Textiles,picked_up
TV-24360,Coastal Wholesale Co,picked_up
TV-24361,Redgum Pharma Pty Ltd,picked_up
TV-24362,Riverside Pharma,delivered
TV-24363,Silverline Motors Holdings,created
TV-24364,Sunrise Foods Co,created
TV-24365,Coastal Textiles Holdings,in_transit
TV-24366,Riverside Wholesale,created
TV-24367,Fairwind Motors,created
TV-24368,Golden Supplies Pty Ltd,in_transit
TV-24369,Eastlink Trading Group,picked_up
TV-24370,Fairwind Wholesale,delivered
TV-24371,Summit Hardware Pty Ltd,created
TV-24372,Kingsway Trading,in_transit
TV-24373,Northern Packaging Co,delivered
TV-24374,Fairwind Hardware,in_transit
TV-24375,Redgum Chemicals,delivered
TV-24376,Fairwind Pharma,picked_up
TV-24377,Blackwood Grocers Group,created
TV-24378,Kingsway Logistics Group,in_transit
TV-24379,Westgate Hardware Group,picked_up
TV-24380,Redgum Electronics,picked_up
TV-24381,Coastal Motors Holdings,created
TV-24382,Baywater Logistics,in_transit
TV-24383,Blackwood Supplies Holdings,delivered
TV-24384,Westgate Industrial,in_transit
TV-24385,Harbour Components Holdings,delivered
TV-24386,Sunrise Logistics,failed
TV-24387,Kingsway Pharma Co,picked_up
TV-24388,Silverline Foods,in_transit
TV-24389,Sunrise Wholesale,picked_up
TV-24390,Baywater Supplies Holdings,created
TV-24391,Blackwood Pharma,created
TV-24392,Sunrise Foods,picked_up
TV-24393,Highfield Retail,created
TV-24394,Sunrise Logistics Holdings,created
TV-24395,Ironbark Supplies Group,created
TV-24396,Blackwood Textiles Co,failed
TV-24397,Parkview Apparel Group,in_transit
TV-24398,Highfield Distribution,delivered
TV-24399,Blackwood Components Pty Ltd,picked_up
TV-24400,Ironbark Textiles Pty Ltd,in_transit
TV-24401,Silverline Hardware,picked_up
TV-24402,Coastal Chemicals Pty Ltd,in_transit
TV-24403,Redgum Retail,delivered
TV-24404,Blackwood Foods Pty Ltd,in_transit
TV-24405,Harbour Wholesale,picked_up
TV-24406,Eastlink Logistics,picked_up
TV-24407,Silverline Industrial Holdings,delivered
TV-24408,Parkview Foods Group,delivered
TV-24409,Fairwind Hardware,created
TV-24410,Riverside Wholesale,delivered
TV-24411,Coastal Hardware,in_transit
TV-24412,Sunrise Hardware Holdings,created
TV-24413,Parkview Beverages,in_transit
TV-24414,Northern Trading,picked_up
TV-24415,Northern Foods Group,delivered
TV-24416,Sunrise Textiles,in_transit
TV-24417,Coastal Motors Holdings,created
TV-24418,Westgate Chemicals Holdings,created
TV-24419,Coastal Electronics,created
TV-24420,Kingsway Freight Group,in_transit
TV-24421,Eastlink Logistics Group,in_transit
TV-24422,Riverside Supplies Holdings,delivered
TV-24423,Westgate Textiles,created
TV-24424,Ironbark Freight,delivered
TV-24425,Westgate Retail,failed
TV-24426,Summit Apparel,created
TV-24427,Sunrise Grocers Pty Ltd,in_transit
TV-24428,Redgum Supplies,in_transit
TV-24429,Ironbark Logistics,created
TV-24430,Kingsway Retail Group,delivered
TV-24431,Westgate Chemicals,delivered
TV-24432,Highfield Electronics Pty Ltd,delivered
TV-24433,Silverline Hardware,picked_up
TV-24434,Fairwind Grocers,in_transit
TV-24435,Fairwind Apparel Holdings,picked_up
TV-24436,Coastal Packaging Pty Ltd,created
TV-24437,Stonebridge Components,picked_up
TV-24438,Highfield Freight Group,delivered
TV-24439,Lakeside Electronics,in_transit
TV-24440,Sunrise Freight Pty Ltd,created
TV-24441,Harbour Grocers,delivered
TV-24442,Eastlink Industrial,created
TV-24443,Kingsway Apparel,created
TV-24444,Harbour Components,picked_up
TV-24445,Parkview Beverages,delivered
TV-24446,Baywater Motors Holdings,created
TV-24447,Northern Retail Co,in_transit
TV-24448,Highfield Grocers,delivered
TV-24449,Highfield Wholesale Co,in_transit
TV-24450,Silverline Foods Pty Ltd,created
TV-24451,Lakeside Hardware Co,picked_up
TV-24452,Northern Apparel Holdings,in_transit
TV-24453,Riverside Electronics,created
TV-24454,Stonebridge Grocers Co,delivered
TV-24455,Harbour Textiles Pty Ltd,created
TV-24456,Coastal Textiles,delivered
TV-24457,Northern Apparel,created
TV-24458,Baywater Packaging,in_transit
TV-24459,Harbour Chemicals,created
TV-24460,Silverline Foods,picked_up
TV-24461,Blackwood Electronics,created
TV-24462,Riverside Packaging Pty Ltd,created
TV-24463,Ironbark Logistics Group,created
TV-24464,Sunrise Freight Co,delivered
TV-24465,Lakeside Distribution Group,picked_up
TV-24466,Eastlink Textiles,in_transit
TV-24467,Baywater Components Pty Ltd,in_transit
TV-24468,Ironbark Supplies,picked_up
TV-24469,Sunrise Grocers,in_transit
TV-24470,Westgate Electronics Holdings,picked_up
TV-24471,Stonebridge Motors,created
TV-24472,Highfield Trading,in_transit
TV-24473,Parkview Freight Holdings,created
TV-24474,Eastlink Pharma Pty Ltd,in_transit
TV-24475,Parkview Trading,created
TV-24476,Baywater Logistics,in_transit
TV-24477,Harbour Trading Co,created
TV-24478,Golden Packaging Group,picked_up
TV-24479,Coastal Grocers,delivered
TV-24480,Fairwind Wholesale,delivered
TV-24481,Highfield Chemicals,in_transit
TV-24482,Kingsway Grocers,delivered
TV-24483,Blackwood Supplies,in_transit
TV-24484,Lakeside Supplies,in_transit
TV-24485,Stonebridge Foods,in_transit
TV-24486,Fairwind Electronics Group,in_transit
TV-24487,Redgum Chemicals Holdings,created
TV-24488,Redgum Wholesale,created
TV-24489,Eastlink Supplies,picked_up
TV-24490,Summit Trading,in_transit
TV-24491,Coastal Components,in_transit
TV-24492,Blackwood Components Group,delivered
TV-24493,Stonebridge Components,delivered
TV-24494,Riverside Pharma Pty Ltd,picked_up
TV-24495,Baywater Wholesale Holdings,picked_up
TV-24496,Harbour Distribution Co,created
TV-24497,Harbour Distribution,created
TV-24498,Westgate Pharma Co,created
TV-24499,Parkview Apparel,picked_up
TV-24500,Highfield Trading,in_transit
TV-24501,Northern Foods,delivered
TV-24502,Stonebridge Grocers Co,in_transit
TV-24503,Northern Logistics,in_transit
TV-24504,Westgate Textiles Pty Ltd,delivered
TV-24505,Sunrise Electronics,picked_up
TV-24506,Kingsway Retail,delivered
TV-24507,Westgate Freight,in_transit
TV-24508,Parkview Retail Co,in_transit
TV-24509,Fairwind Trading Holdings,in_transit
TV-24510,Summit Logistics,created
TV-24511,Sunrise Grocers,created
TV-24512,Blackwood Industrial,in_transit
TV-24513,Summit Motors Co,created
TV-24514,Blackwood Freight Holdings,delivered
TV-24515,Blackwood Trading,delivered
TV-24516,Parkview Motors Pty Ltd,created
TV-24517,Ironbark Trading Pty Ltd,in_transit
TV-24518,Riverside Industrial Pty Ltd,delivered
TV-24519,Baywater Motors,failed
TV-24520,Coastal Industrial,in_transit
TV-24521,Parkview Motors,created
TV-24522,Eastlink Retail,in_transit
TV-24523,Harbour Textiles Holdings,created
TV-24524,Westgate Motors,in_transit
TV-24525,Sunrise Textiles Co,in_transit
TV-24526,Highfield Textiles Group,created
TV-24527,Lakeside Pharma,created
TV-24528,Westgate Supplies Holdings,delivered
TV-24529,Eastlink Trading Group,picked_up
TV-24530,Stonebridge Chemicals Pty Ltd,delivered
TV-24531,Kingsway Supplies Pty Ltd,failed
TV-24532,Baywater Distribution,delivered
TV-24533,Highfield Trading,failed
TV-24534,Redgum Trading,in_transit
TV-24535,Sunrise Supplies Pty Ltd,picked_up
TV-24536,Redgum Wholesale Group,delivered
TV-24537,Silverline Electronics,failed
TV-24538,Stonebridge Wholesale,delivered
TV-24539,Ironbark Industrial,in_transit
TV-24540,Coastal Retail,in_transit
TV-24541,Ironbark Freight,picked_up
TV-24542,Summit Logistics,delivered
TV-24543,Baywater Trading,in_transit
TV-24544,Northern Supplies,delivered
TV-24545,Blackwood Logistics Holdings,created
TV-24546,Summit Freight Group,picked_up
TV-24547,Redgum Electronics Group,picked_up
TV-24548,Golden Freight Pty Ltd,delivered
TV-24549,Harbour Apparel,delivered
TV-24550,Highfield Freight,delivered
TV-24551,Golden Textiles,in_transit
TV-24552,Kingsway Logistics Pty Ltd,delivered
TV-24553,Golden Grocers,failed
TV-24554,Riverside Apparel Co,created
TV-24555,Baywater Distribution,created
TV-24556,Kingsway Trading,in_transit
TV-24557,Westgate Wholesale Co,in_transit
TV-24558,Silverline Supplies Pty Ltd,delivered
TV-24559,Westgate Logistics Holdings,in_transit
TV-24560,Stonebridge Beverages,created
TV-24561,Fairwind Supplies,delivered
TV-24562,Sunrise Textiles Co,created
TV-24563,Lakeside Logistics Group,delivered
TV-24564,Summit Supplies Group,in_transit
TV-24565,Westgate Components,in_transit
TV-24566,Ironbark Industrial,delivered
TV-24567,Kingsway Distribution Holdings,delivered
TV-24568,Silverline Grocers,delivered
TV-24569,Silverline Apparel Co,picked_up
TV-24570,Coastal Components Co,in_transit
TV-24571,Stonebridge Chemicals Holdings,failed
TV-24572,Parkview Hardware,failed
TV-24573,Westgate Beverages Holdings,created
TV-24574,Ironbark Electronics Holdings,delivered
TV-24575,Riverside Chemicals Pty Ltd,delivered
TV-24576,Lakeside Distribution Holdings,delivered
TV-24577,Sunrise Apparel,in_transit
TV-24578,Stonebridge Foods Holdings,delivered
TV-24579,Silverline Apparel Group,created
TV-24580,Fairwind Apparel,delivered
TV-24581,Highfield Distribution,picked_up
TV-24582,Harbour Grocers,in_transit
TV-24583,Redgum Trading Co,in_transit
TV-24584,Lakeside Pharma,in_transit
TV-24585,Blackwood Motors Group,failed
TV-24586,Westgate Textiles,delivered
TV-24587,Sunrise Foods,picked_up
TV-24588,Redgum Components Holdings,delivered
TV-24589,Coastal Retail,picked_up
TV-24590,Baywater Pharma Group,delivered
TV-24591,Lakeside Industrial Pty Ltd,created
TV-24592,Highfield Textiles,created
TV-24593,Parkview Chemicals Group,created
TV-24594,Sunrise Chemicals Pty Ltd,failed
TV-24595,Ironbark Grocers,delivered
TV-24596,Kingsway Supplies,failed
TV-24597,Blackwood Grocers,in_transit
TV-24598,Riverside Logistics Holdings,in_transit
TV-24599,Baywater Beverages,created
TV-24600,Westgate Grocers Pty Ltd,in_transit
TV-24601,Westgate Foods Holdings,delivered
TV-24602,Ironbark Pharma Group,delivered
TV-24603,Eastlink Logistics,created
TV-24604,Golden Packaging,picked_up
TV-24605,Harbour Wholesale Group,in_transit
TV-24606,Stonebridge Retail Co,delivered
TV-24607,Eastlink Components Pty Ltd,delivered
TV-24608,Eastlink Chemicals Holdings,delivered
TV-24609,Eastlink Grocers Co,picked_up
TV-24610,Golden Supplies Pty Ltd,picked_up
TV-24611,Kingsway Grocers Group,created
TV-24612,Harbour Hardware,picked_up
TV-24613,Lakeside Retail,delivered
TV-24614,Sunrise Grocers,in_transit
TV-24615,Sunrise Freight,created
TV-24616,Stonebridge Foods Pty Ltd,in_transit
TV-24617,Fairwind Electronics Pty Ltd,delivered
TV-24618,Westgate Freight,in_transit
TV-24619,Fairwind Distribution,in_transit
TV-24620,Fairwind Packaging,created
TV-24621,Redgum Components Pty Ltd,delivered
TV-24622,Kingsway Industrial Co,picked_up
TV-24623,Summit Chemicals Holdings,picked_up
TV-24624,Harbour Hardware,in_transit
TV-24625,Baywater Apparel Co,failed
TV-24626,Fairwind Logistics Group,delivered
TV-24627,Coastal Trading Co,in_transit
TV-24628,Fairwind Chemicals Co,in_transit
TV-24629,Eastlink Trading Holdings,in_transit
TV-24630,Coastal Textiles Holdings,created
TV-24631,Northern Pharma Group,delivered
TV-24632,Redgum Beverages,picked_up
TV-24633,Kingsway Distribution Pty Ltd,picked_up
TV-24634,Westgate Industrial,created
TV-24635,Fairwind Chemicals Pty Ltd,in_transit
TV-24636,Golden Textiles,in_transit
TV-24637,Northern Trading,delivered
TV-24638,Ironbark Apparel Co,in_transit
TV-24639,Stonebridge Packaging,in_transit
TV-24640,Highfield Logistics Group,created
TV-24641,Baywater Apparel,in_transit
TV-24642,Summit Electronics,in_transit
TV-24643,Blackwood Distribution Group,delivered
TV-24644,Silverline Industrial Co,created
TV-24645,Harbour Industrial,in_transit
TV-24646,Ironbark Retail Pty Ltd,in_transit
TV-24647,Lakeside Pharma,picked_up
TV-24648,Coastal Wholesale,delivered
TV-24649,Sunrise Beverages,delivered
TV-24650,Coastal Logistics,delivered
TV-24651,Kingsway Electronics,delivered
TV-24652,Golden Chemicals Co,created
TV-24653,Fairwind Motors,in_transit
TV-24654,Westgate Pharma,delivered
TV-24655,Coastal Wholesale Pty Ltd,delivered
TV-24656,Northern Distribution Co,picked_up
TV-24657,Sunrise Motors,failed
TV-24658,Coastal Freight Holdings,created
TV-24659,Westgate Hardware,delivered
TV-24660,Baywater Chemicals Pty Ltd,in_transit
TV-24661,Harbour Electronics Holdings,created
TV-24662,Riverside Hardware Co,in_transit
TV-24663,Parkview Components Holdings,created
TV-24664,Kingsway Trading,created
TV-24665,Lakeside Motors Group,in_transit
TV-24666,Northern Distribution Pty Ltd,delivered
TV-24667,Fairwind Packaging,created
TV-24668,Parkview Hardware,picked_up
TV-24669,Fairwind Wholesale Group,in_transit
TV-24670,Redgum Hardware,delivered
TV-24671,Sunrise Textiles,created
TV-24672,Coastal Wholesale Group,created
TV-24673,Summit Distribution,delivered
TV-24674,Kingsway Grocers Co,in_transit
TV-24675,Coastal Chemicals,picked_up
TV-24676,Coastal Textiles,delivered
TV-24677,Kingsway Trading Co,delivered
TV-24678,Harbour Chemicals,in_transit
TV-24679,Lakeside Apparel Co,created
TV-24680,Blackwood Beverages,picked_up
TV-24681,Golden Trading Holdings,failed
TV-24682,Eastlink Apparel Pty Ltd,delivered
TV-24683,Kingsway Foods,picked_up
TV-24684,Coastal Distribution,delivered
TV-24685,Baywater Beverages Co,picked_up
TV-24686,Westgate Hardware,picked_up
TV-24687,Redgum Grocers,in_transit
TV-24688,Coastal Foods,created
TV-24689,Sunrise Trading Co,created
TV-24690,Golden Industrial Group,delivered
TV-24691,Silverline Grocers Holdings,picked_up
TV-24692,Highfield Trading,created
TV-24693,Golden Electronics Co,failed
TV-24694,Northern Pharma,delivered
TV-24695,Baywater Apparel Co,in_transit
TV-24696,Blackwood Components Group,in_transit
TV-24697,Blackwood Motors Pty Ltd,created
TV-24698,Golden Motors Pty Ltd,created
TV-24699,Harbour Components,created
TV-24700,Baywater Wholesale Group,created
TV-24701,Sunrise Beverages,delivered
TV-24702,Stonebridge Supplies Holdings,in_transit
TV-24703,Redgum Packaging Pty Ltd,delivered
TV-24704,Stonebridge Industrial Holdings,failed
TV-24705,Blackwood Logistics,delivered
TV-24706,Fairwind Components Group,in_transit
TV-24707,Sunrise Components Pty Ltd,in_transit
TV-24708,Silverline Foods,picked_up
TV-24709,Sunrise Packaging Co,delivered
TV-24710,Parkview Distribution,delivered
TV-24711,Northern Pharma Group,in_transit
TV-24712,Baywater Electronics,created
TV-24713,Riverside Hardware Holdings,created
TV-24714,Ironbark Apparel,created
TV-24715,Baywater Trading Co,in_transit
TV-24716,Redgum Components Pty Ltd,created
TV-24717,Harbour Components Co,in_transit
TV-24718,Baywater Packaging Co,in_transit
TV-24719,Sunrise Logistics Pty Ltd,created
TV-24720,Baywater Trading,created
TV-24721,Riverside Foods Co,delivered
TV-24722,Coastal Electronics Group,created
TV-24723,Riverside Retail,in_transit
TV-24724,Redgum Distribution,created
TV-24725,Westgate Components,delivered
TV-24726,Riverside Retail,in_transit
TV-24727,Fairwind Retail Holdings,created
TV-24728,Blackwood Textiles Holdings,created
TV-24729,Northern Motors Group,delivered
TV-24730,Redgum Chemicals Group,in_transit
TV-24731,Silverline Trading Group,picked_up
TV-24732,Fairwind Apparel,picked_up
TV-24733,Ironbark Logistics Pty Ltd,in_transit
TV-24734,Kingsway Electronics Co,created
TV-24735,Stonebridge Apparel,created
TV-24736,Blackwood Distribution,picked_up
TV-24737,Sunrise Chemicals Holdings,picked_up
TV-24738,Baywater Logistics Holdings,created
TV-24739,Golden Freight,in_transit
TV-24740,Blackwood Industrial Group,delivered
TV-24741,Golden Logistics,failed
TV-24742,Coastal Textiles Holdings,picked_up
TV-24743,Fairwind Pharma Group,delivered
TV-24744,Ironbark Beverages,delivered
TV-24745,Harbour Chemicals,picked_up
TV-24746,Sunrise Supplies,in_transit
TV-24747,Silverline Distribution,in_transit
TV-24748,Highfield Textiles Co,delivered
TV-24749,Stonebridge Hardware Holdings,created
TV-24750,Kingsway Foods Holdings,created
TV-24751,Silverline Beverages,delivered
TV-24752,Sunrise Foods Holdings,in_transit
TV-24753,Golden Packaging Pty Ltd,delivered
TV-24754,Redgum Distribution,in_transit
TV-24755,Summit Electronics,delivered
TV-24756,Fairwind Textiles,delivered
TV-24757,Sunrise Industrial,in_transit
TV-24758,Eastlink Pharma Holdings,picked_up
TV-24759,Parkview Trading Co,picked_up
TV-24760,Kingsway Distribution Holdings,delivered
TV-24761,Sunrise Distribution Pty Ltd,picked_up
TV-24762,Silverline Beverages Holdings,picked_up
TV-24763,Parkview Packaging Pty Ltd,created
TV-24764,Redgum Supplies,created
TV-24765,Coastal Industrial,delivered
TV-24766,Fairwind Trading,picked_up
TV-24767,Eastlink Industrial,failed
TV-24768,Riverside Freight,failed
TV-24769,Ironbark Beverages,in_transit
TV-24770,Westgate Hardware,created
TV-24771,Lakeside Trading,delivered
TV-24772,Stonebridge Freight Co,delivered
TV-24773,Sunrise Wholesale,picked_up
TV-24774,Blackwood Wholesale Holdings,created
TV-24775,Highfield Beverages Co,created
TV-24776,Riverside Freight Holdings,delivered
TV-24777,Eastlink Foods Pty Ltd,delivered
TV-24778,Fairwind Freight Holdings,created
TV-24779,Sunrise Components,delivered
TV-24780,Harbour Trading,created
TV-24781,Kingsway Beverages,delivered
TV-24782,Fairwind Chemicals,in_transit
TV-24783,Summit Beverages Holdings,in_transit
TV-24784,Riverside Supplies,in_transit
TV-24785,Fairwind Retail,picked_up
TV-24786,Ironbark Supplies,in_transit
TV-24787,Coastal Wholesale Holdings,in_transit
TV-24788,Redgum Freight Holdings,picked_up
TV-24789,Lakeside Grocers,picked_up
TV-24790,Kingsway Packaging Pty Ltd,in_transit
TV-24791,Lakeside Foods,in_transit
TV-24792,Blackwood Wholesale,delivered
TV-24793,Blackwood Distribution Group,delivered
TV-24794,Northern Textiles Pty Ltd,created
TV-24795,Parkview Supplies Holdings,delivered
TV-24796,Kingsway Textiles Pty Ltd,failed
TV-24797,Summit Foods Pty Ltd,delivered
TV-24798,Kingsway Beverages,created
TV-24799,Stonebridge Freight Group,in_transit
TV-24800,Parkview Textiles,delivered
TV-24801,Kingsway Chemicals,picked_up
TV-24802,Sunrise Motors Co,in_transit
TV-24803,Golden Industrial Co,delivered
TV-24804,Eastlink Packaging Pty Ltd,in_transit
TV-24805,Blackwood Freight,delivered
TV-24806,Blackwood Retail Pty Ltd,in_transit
TV-24807,Sunrise Textiles Group,picked_up
TV-24808,Sunrise Retail Pty Ltd,picked_up
TV-24809,Redgum Motors,delivered
TV-24810,Fairwind Freight Co,in_transit
TV-24811,Parkview Hardware Co,delivered
TV-24812,Westgate Logistics,created
TV-24813,Baywater Wholesale Holdings,delivered
TV-24814,Highfield Trading Group,in_transit
TV-24815,Ironbark Apparel,in_transit
TV-24816,Coastal Wholesale,in_transit
TV-24817,Harbour Logistics,in_transit
TV-24818,Highfield Hardware Pty Ltd,delivered
TV-24819,Redgum Grocers Co,created
TV-24820,Stonebridge Foods,delivered
TV-24821,Eastlink Hardware Group,in_transit
TV-24822,Summit Packaging Group,delivered
TV-24823,Kingsway Foods Co,picked_up
TV-24824,Eastlink Freight Holdings,delivered
TV-24825,Ironbark Industrial Group,created
TV-24826,Highfield Components,created
TV-24827,Kingsway Trading,in_transit
TV-24828,Blackwood Grocers,created
TV-24829,Northern Pharma,created
TV-24830,Blackwood Wholesale,picked_up
TV-24831,Fairwind Supplies,picked_up
TV-24832,Northern Packaging Holdings,picked_up
TV-24833,Westgate Motors Co,delivered
TV-24834,Blackwood Motors Pty Ltd,in_transit
TV-24835,Silverline Supplies Co,delivered
TV-24836,Blackwood Logistics,in_transit
TV-24837,Redgum Freight,picked_up
TV-24838,Blackwood Beverages,created
TV-24839,Fairwind Industrial Holdings,picked_up
TV-24840,Harbour Supplies Group,picked_up
TV-24841,Riverside Pharma Pty Ltd,in_transit
TV-24842,Stonebridge Trading,created
TV-24843,Stonebridge Electronics,delivered
TV-24844,Northern Supplies,created
TV-24845,Riverside Beverages,in_transit
TV-24846,Golden Packaging,delivered
TV-24847,Northern Textiles,created
TV-24848,Stonebridge Chemicals,in_transit
TV-24849,Coastal Pharma,in_transit
TV-24850,Redgum Retail,created
TV-24851,Lakeside Motors Co,failed
TV-24852,Summit Pharma Co,picked_up
TV-24853,Golden Grocers,delivered
TV-24854,Harbour Textiles,in_transit
TV-24855,Redgum Apparel,delivered
TV-24856,Blackwood Pharma Co,picked_up
TV-24857,Coastal Industrial Co,delivered
TV-24858,Silverline Electronics,picked_up
TV-24859,Golden Chemicals,in_transit
TV-24860,Sunrise Freight,in_transit
TV-24861,Baywater Distribution Co,delivered
TV-24862,Northern Trading Holdings,delivered
TV-24863,Baywater Grocers,created
TV-24864,Redgum Beverages Pty Ltd,in_transit
TV-24865,Riverside Packaging Group,in_transit
TV-24866,Northern Logistics Co,delivered
TV-24867,Stonebridge Electronics,in_transit
TV-24868,Summit Grocers Holdings,created
TV-24869,Ironbark Pharma,picked_up
TV-24870,Westgate Industrial,created
TV-24871,Harbour Apparel,in_transit
TV-24872,Silverline Foods Group,in_transit
TV-24873,Silverline Motors,created
TV-24874,Riverside Textiles,delivered
TV-24875,Parkview Motors,in_transit
TV-24876,Harbour Pharma,in_transit
TV-24877,Riverside Motors,delivered
TV-24878,Silverline Apparel Holdings,picked_up
TV-24879,Stonebridge Freight,created
TV-24880,Parkview Distribution Holdings,delivered
TV-24881,Golden Electronics Group,delivered
TV-24882,Highfield Packaging Co,in_transit
TV-24883,Blackwood Logistics,delivered
TV-24884,Coastal Beverages,picked_up
TV-24885,Riverside Freight,in_transit
TV-24886,Coastal Logistics,picked_up
TV-24887,Harbour Beverages,in_transit
TV-24888,Summit Freight Co,delivered
TV-24889,Parkview Packaging Group,in_transit
TV-24890,Harbour Packaging Group,in_transit
TV-24891,Lakeside Components,in_transit
TV-24892,Fairwind Freight Holdings,in_transit
TV-24893,Stonebridge Motors Pty Ltd,delivered
TV-24894,Lakeside Pharma Group,in_transit
TV-24895,Ironbark Hardware Co,created
TV-24896,Sunrise Wholesale Pty Ltd,in_transit
TV-24897,Summit Distribution,in_transit
TV-24898,Highfield Logistics Co,in_transit
TV-24899,Redgum Pharma Co,created
TV-24900,Baywater Foods Holdings,picked_up
TV-24901,Highfield Retail Holdings,in_transit
TV-24902,Eastlink Freight,in_transit
TV-24903,Silverline Chemicals,delivered
TV-24904,Fairwind Trading Group,picked_up
TV-24905,Eastlink Components Pty Ltd,created
TV-24906,Baywater Beverages Holdings,in_transit
TV-24907,Parkview Supplies,created
TV-24908,Redgum Chemicals Group,in_transit
TV-24909,Sunrise Supplies,in_transit
TV-24910,Parkview Chemicals,picked_up
TV-24911,Westgate Hardware,delivered
TV-24912,Kingsway Logistics,delivered
TV-24913,Eastlink Industrial,delivered
TV-24914,Riverside Supplies,failed
TV-24915,Baywater Freight,picked_up
TV-24916,Ironbark Freight,picked_up
TV-24917,Northern Logistics Pty Ltd,in_transit
TV-24918,Summit Packaging Holdings,created
TV-24919,Silverline Chemicals,created
TV-24920,Parkview Retail,created
TV-24921,Northern Packaging,created
TV-24922,Coastal Textiles Group,in_transit
TV-24923,Blackwood Retail Holdings,delivered
TV-24924,Stonebridge Grocers,in_transit
TV-24925,Parkview Distribution,picked_up
TV-24926,Highfield Beverages,failed
TV-24927,Parkview Pharma Pty Ltd,failed
TV-24928,Parkview Electronics,failed
TV-24929,Westgate Industrial Holdings,in_transit
TV-24930,Eastlink Motors Holdings,delivered
TV-24931,Fairwind Retail,in_transit
TV-24932,Ironbark Electronics Pty Ltd,created
TV-24933,Coastal Wholesale,in_transit
TV-24934,Eastlink Motors,delivered
TV-24935,Silverline Apparel,delivered
TV-24936,Lakeside Hardware Holdings,delivered
TV-24937,Eastlink Textiles,created
TV-24938,Stonebridge Electronics,delivered
TV-24939,Ironbark Packaging,picked_up
TV-24940,Eastlink Pharma,delivered
TV-24941,Ironbark Wholesale,delivered
TV-24942,Fairwind Pharma Holdings,created
TV-24943,Harbour Textiles,delivered
TV-24944,Riverside Textiles,in_transit
TV-24945,Stonebridge Beverages,delivered
TV-24946,Highfield Beverages,delivered
TV-24947,Coastal Foods,created
TV-24948,Fairwind Trading,in_transit
TV-24949,Coastal Pharma Co,picked_up
TV-24950,Westgate Electronics,picked_up
TV-24951,Eastlink Apparel,created
TV-24952,Silverline Foods,picked_up
TV-24953,Highfield Retail Group,in_transit
TV-24954,Redgum Logistics,delivered
TV-24955,Redgum Grocers Pty Ltd,delivered
TV-24956,Redgum Supplies,picked_up
TV-24957,Northern Motors Holdings,in_transit
TV-24958,Harbour Chemicals Co,delivered
TV-24959,Harbour Wholesale,delivered
TV-24960,Riverside Wholesale,created
TV-24961,Silverline Components Holdings,delivered
TV-24962,Baywater Beverages Co,created
TV-24963,Golden Components,delivered
TV-24964,Lakeside Supplies,picked_up
TV-24965,Northern Textiles,delivered
TV-24966,Northern Trading,delivered
TV-24967,Riverside Packaging Co,created
TV-24968,Lakeside Distribution Holdings,delivered
TV-24969,Westgate Components,picked_up
TV-24970,Stonebridge Pharma,delivered
TV-24971,Summit Supplies Holdings,created
TV-24972,Eastlink Supplies Group,delivered
TV-24973,Fairwind Logistics Holdings,delivered
TV-24974,Lakeside Freight,created
TV-24975,Harbour Packaging Holdings,in_transit
TV-24976,Silverline Foods Co,delivered
TV-24977,Stonebridge Pharma Holdings,picked_up
TV-24978,Redgum Distribution,in_transit
TV-24979,Parkview Motors Holdings,created
TV-24980,Eastlink Chemicals Pty Ltd,failed
TV-24981,Sunrise Distribution,delivered
TV-24982,Silverline Wholesale Group,delivered
TV-24983,Stonebridge Hardware,created
TV-24984,Parkview Components,created
TV-24985,Highfield Beverages Group,created
TV-24986,Baywater Components,created
TV-24987,Harbour Pharma,in_transit
TV-24988,Northern Hardware Co,picked_up
TV-24989,Golden Trading,in_transit
TV-24990,Highfield Logistics,delivered
TV-24991,Redgum Electronics,in_transit
TV-24992,Northern Apparel,created
TV-24993,Lakeside Logistics,picked_up
TV-24994,Ironbark Electronics,in_transit
TV-24995,Ironbark Motors,created
TV-24996,Coastal Wholesale,in_transit
TV-24997,Sunrise Packaging,delivered
TV-24998,Sunrise Industrial Co,delivered
TV-24999,Highfield Grocers,created
TV-25000,Golden Packaging,picked_up
TV-25001,Blackwood Industrial Pty Ltd,picked_up
TV-25002,Parkview Foods Pty Ltd,picked_up
TV-25003,Summit Apparel Co,created
TV-25004,Silverline Hardware Group,picked_up
TV-25005,Coastal Grocers Holdings,in_transit
TV-25006,Westgate Industrial,picked_up
TV-25007,Northern Supplies Co,picked_up
TV-25008,Lakeside Textiles Co,failed
TV-25009,Sunrise Logistics,in_transit
TV-25010,Parkview Beverages Holdings,in_transit
TV-25011,Harbour Chemicals,delivered
TV-25012,Blackwood Retail Group,in_transit
TV-25013,Westgate Hardware,created
TV-25014,Coastal Industrial,delivered
TV-25015,Northern Distribution Pty Ltd,picked_up
TV-25016,Coastal Pharma Holdings,delivered
TV-25017,Fairwind Wholesale Pty Ltd,delivered
TV-25018,Fairwind Industrial,delivered
TV-25019,Fairwind Chemicals Co,in_transit
TV-25020,Riverside Foods,picked_up
TV-25021,Eastlink Packaging,in_transit
TV-25022,Westgate Apparel,created
TV-25023,Ironbark Grocers,failed
TV-25024,Kingsway Trading,created
TV-25025,Stonebridge Supplies Holdings,in_transit
TV-25026,Sunrise Hardware Pty Ltd,in_transit
TV-25027,Riverside Trading,in_transit
TV-25028,Northern Motors,picked_up
TV-25029,Sunrise Components Co,created
TV-25030,Sunrise Grocers,in_transit
TV-25031,Eastlink Foods,delivered
TV-25032,Lakeside Distribution,created
TV-25033,Summit Components Holdings,in_transit
TV-25034,Fairwind Supplies,created
TV-25035,Westgate Hardware,picked_up
TV-25036,Kingsway Freight Holdings,delivered
TV-25037,Baywater Beverages Pty Ltd,created
TV-25038,Lakeside Packaging Pty Ltd,picked_up
TV-25039,Parkview Industrial,created
TV-25040,Sunrise Freight,delivered
TV-25041,Highfield Beverages Group,in_transit
TV-25042,Lakeside Electronics,in_transit
TV-25043,Stonebridge Trading Co,in_transit
TV-25044,Summit Electronics,created
TV-25045,Highfield Apparel,picked_up
TV-25046,Blackwood Wholesale,in_transit
TV-25047,Riverside Foods,delivered
TV-25048,Harbour Motors Holdings,in_transit
TV-25049,Redgum Packaging Holdings,in_transit
TV-25050,Highfield Foods,delivered
TV-25051,Northern Foods Co,in_transit
TV-25052,Baywater Retail Group,in_transit
TV-25053,Kingsway Logistics Co,created
TV-25054,Golden Logistics Group,created
TV-25055,Kingsway Supplies,created
TV-25056,Fairwind Wholesale Co,failed
TV-25057,Parkview Hardware Co,in_transit
TV-25058,Sunrise Distribution,created
TV-25059,Ironbark Supplies Pty Ltd,picked_up
TV-25060,Blackwood Distribution,delivered
TV-25061,Northern Beverages Holdings,in_transit
TV-25062,Parkview Wholesale,in_transit
TV-25063,Harbour Industrial,failed
TV-25064,Fairwind Hardware,delivered
TV-25065,Westgate Packaging,created
TV-25066,Golden Beverages,created
TV-25067,Westgate Hardware Co,in_transit
TV-25068,Westgate Foods,created
TV-25069,Northern Freight Holdings,in_transit
TV-25070,Eastlink Retail Co,delivered
TV-25071,Highfield Retail,in_transit
TV-25072,Northern Trading Co,created
TV-25073,Kingsway Freight Co,in_transit
TV-25074,Northern Textiles Holdings,in_transit
TV-25075,Sunrise Components,created
TV-25076,Lakeside Motors,in_transit
TV-25077,Westgate Pharma,failed
TV-25078,Riverside Motors,delivered
TV-25079,Ironbark Wholesale Holdings,picked_up
TV-25080,Lakeside Industrial Group,created
TV-25081,Eastlink Wholesale Pty Ltd,delivered
TV-25082,Ironbark Beverages,delivered
TV-25083,Northern Packaging,in_transit
TV-25084,Westgate Textiles,delivered
TV-25085,Harbour Chemicals,delivered
TV-25086,Highfield Chemicals,in_transit
TV-25087,Lakeside Electronics Co,in_transit
TV-25088,Lakeside Trading Co,in_transit
TV-25089,Blackwood Pharma Group,delivered
TV-25090,Baywater Packaging Pty Ltd,in_transit
TV-25091,Eastlink Apparel,delivered
TV-25092,Westgate Freight,picked_up
TV-25093,Redgum Apparel Group,failed
TV-25094,Summit Foods Co,created
TV-25095,Silverline Retail Holdings,in_transit
TV-25096,Sunrise Wholesale,in_transit
TV-25097,Parkview Foods,delivered
TV-25098,Redgum Chemicals,created
TV-25099,Silverline Logistics,picked_up
TV-25100,Northern Packaging,delivered
TV-25101,Summit Freight Pty Ltd,delivered
TV-25102,Westgate Motors Pty Ltd,in_transit
TV-25103,Silverline Industrial Co,created
TV-25104,Redgum Grocers Pty Ltd,delivered
TV-25105,Baywater Grocers,in_transit
TV-25106,Kingsway Logistics Co,in_transit
TV-25107,Sunrise Beverages Holdings,in_transit
TV-25108,Blackwood Grocers,delivered
TV-25109,Sunrise Hardware,in_transit
TV-25110,Riverside Chemicals,picked_up
TV-25111,Harbour Distribution Co,in_transit
TV-25112,Golden Chemicals,failed
TV-25113,Harbour Packaging,created
TV-25114,Stonebridge Industrial Pty Ltd,delivered
TV-25115,Highfield Industrial Group,delivered
TV-25116,Riverside Foods,in_transit
TV-25117,Summit Pharma Holdings,created
TV-25118,Silverline Distribution,picked_up
TV-25119,Northern Foods Co,delivered
TV-25120,Riverside Freight,created
TV-25121,Riverside Hardware,picked_up
TV-25122,Kingsway Beverages Pty Ltd,picked_up
TV-25123,Kingsway Supplies,delivered
TV-25124,Redgum Hardware,failed
TV-25125,Redgum Hardware Holdings,created
TV-25126,Silverline Freight Pty Ltd,delivered
TV-25127,Baywater Supplies Holdings,delivered
TV-25128,Baywater Distribution Pty Ltd,delivered
TV-25129,Coastal Logistics Group,delivered
TV-25130,Baywater Distribution Group,in_transit
TV-25131,Lakeside Freight Group,delivered
TV-25132,Northern Supplies,picked_up
TV-25133,Baywater Chemicals Holdings,created
TV-25134,Parkview Grocers Holdings,delivered
TV-25135,Stonebridge Industrial,delivered
TV-25136,Summit Trading,created
TV-25137,Eastlink Supplies,in_transit
TV-25138,Lakeside Trading Group,delivered
TV-25139,Riverside Logistics,created
TV-25140,Coastal Hardware Group,delivered
TV-25141,Riverside Freight Holdings,in_transit
TV-25142,Fairwind Grocers,created
TV-25143,Lakeside Electronics Holdings,created
TV-25144,Blackwood Grocers Group,created
TV-25145,Kingsway Grocers Holdings,in_transit
TV-25146,Summit Supplies Pty Ltd,delivered
TV-25147,Riverside Industrial Holdings,delivered
TV-25148,Lakeside Distribution,created
TV-25149,Silverline Motors,in_transit
TV-25150,Eastlink Retail,in_transit
TV-25151,Baywater Trading,created
TV-25152,Fairwind Foods,created
TV-25153,Eastlink Grocers Pty Ltd,picked_up
TV-25154,Northern Logistics Holdings,in_transit
TV-25155,Coastal Distribution,delivered
TV-25156,Blackwood Supplies,failed
TV-25157,Coastal Foods Co,picked_up
TV-25158,Harbour Supplies Group,failed
TV-25159,Summit Apparel,delivered
TV-25160,Summit Beverages,in_transit
TV-25161,Harbour Beverages Pty Ltd,picked_up
TV-25162,Baywater Components Co,picked_up
TV-25163,Golden Textiles,delivered
TV-25164,Redgum Pharma,delivered
TV-25165,Eastlink Chemicals,in_transit
TV-25166,Sunrise Textiles Co,picked_up
TV-25167,Northern Chemicals,picked_up
TV-25168,Parkview Distribution Group,created
TV-25169,Riverside Freight Pty Ltd,created
TV-25170,Stonebridge Packaging,created
TV-25171,Sunrise Pharma Co,picked_up
TV-25172,Kingsway Beverages,created
TV-25173,Lakeside Textiles Co,created
TV-25174,Sunrise Pharma Co,picked_up
TV-25175,Coastal Logistics Co,in_transit
TV-25176,Fairwind Pharma,picked_up
TV-25177,Riverside Foods Co,in_transit
TV-25178,Golden Textiles Co,in_transit
TV-25179,Coastal Motors,delivered
TV-25180,Blackwood Freight Group,in_transit
TV-25181,Golden Wholesale Co,delivered
TV-25182,Northern Grocers Holdings,in_transit
TV-25183,Baywater Packaging,created
TV-25184,Fairwind Motors Pty Ltd,created
TV-25185,Ironbark Wholesale,in_transit
TV-25186,Golden Motors Co,created
TV-25187,Redgum Trading,picked_up
TV-25188,Lakeside Components,in_transit
TV-25189,Coastal Packaging Pty Ltd,in_transit
TV-25190,Blackwood Wholesale,picked_up
TV-25191,Sunrise Pharma,in_transit
TV-25192,Sunrise Chemicals,delivered
TV-25193,Kingsway Pharma,in_transit
TV-25194,Westgate Packaging Co,created
TV-25195,Ironbark Grocers Holdings,delivered
TV-25196,Kingsway Grocers Holdings,in_transit
TV-25197,Highfield Retail,in_transit
TV-25198,Redgum Foods Co,in_transit
TV-25199,Northern Trading Group,delivered
TV-25200,Riverside Beverages Group,delivered
TV-25201,Lakeside Foods Co,delivered
TV-25202,Ironbark Beverages Holdings,created
TV-25203,Ironbark Chemicals,picked_up
TV-25204,Silverline Motors Holdings,in_transit
TV-25205,Golden Hardware Group,created
TV-25206,Parkview Wholesale,in_transit
TV-25207,Coastal Grocers Co,delivered
TV-25208,Kingsway Retail Co,picked_up
TV-25209,Highfield Beverages Pty Ltd,picked_up
TV-25210,Lakeside Supplies Pty Ltd,delivered
TV-25211,Harbour Foods,in_transit
TV-25212,Stonebridge Electronics,failed
TV-25213,Lakeside Packaging Pty Ltd,picked_up
TV-25214,Parkview Electronics,delivered
TV-25215,Coastal Freight Co,in_transit
TV-25216,Blackwood Foods,in_transit
TV-25217,Parkview Grocers,created
TV-25218,Westgate Components,in_transit
TV-25219,Riverside Industrial Holdings,picked_up
TV-25220,Summit Supplies Pty Ltd,in_transit
TV-25221,Eastlink Beverages Holdings,in_transit
TV-25222,Fairwind Hardware,picked_up
TV-25223,Riverside Electronics Holdings,in_transit
TV-25224,Redgum Textiles,picked_up
TV-25225,Baywater Foods,created
TV-25226,Parkview Freight,in_transit
TV-25227,Lakeside Textiles,delivered
TV-25228,Baywater Trading,picked_up
TV-25229,Summit Textiles Group,in_transit
TV-25230,Baywater Trading,in_transit
TV-25231,Fairwind Components Holdings,failed
TV-25232,Highfield Grocers Holdings,in_transit
TV-25233,Ironbark Logistics,created
TV-25234,Blackwood Logistics,in_transit
TV-25235,Stonebridge Supplies Holdings,in_transit
TV-25236,Riverside Industrial,in_transit
TV-25237,Silverline Pharma Holdings,picked_up
TV-25238,Lakeside Motors,picked_up
TV-25239,Eastlink Logistics Holdings,created
TV-25240,Kingsway Textiles,in_transit
TV-25241,Golden Retail Co,delivered
TV-25242,Silverline Components Holdings,delivered
TV-25243,Summit Pharma Co,delivered
TV-25244,Summit Grocers Pty Ltd,in_transit
TV-25245,Stonebridge Grocers Pty Ltd,in_transit
TV-25246,Westgate Logistics,created
TV-25247,Northern Freight,failed
TV-25248,Blackwood Electronics Holdings,delivered
TV-25249,Parkview Industrial,in_transit
TV-25250,Harbour Packaging,picked_up
TV-25251,Stonebridge Chemicals,failed
TV-25252,Riverside Hardware Holdings,failed
TV-25253,Ironbark Freight Pty Ltd,delivered
TV-25254,Eastlink Pharma Holdings,delivered
TV-25255,Fairwind Packaging Pty Ltd,in_transit
TV-25256,Harbour Supplies,in_transit
TV-25257,Redgum Pharma,created
TV-25258,Riverside Motors,delivered
TV-25259,Silverline Wholesale Holdings,created
TV-25260,Ironbark Industrial Pty Ltd,created
TV-25261,Highfield Distribution,delivered
TV-25262,Stonebridge Electronics,in_transit
TV-25263,Lakeside Electronics,created
TV-25264,Highfield Wholesale Pty Ltd,delivered
TV-25265,Lakeside Beverages Group,in_transit
TV-25266,Fairwind Apparel,picked_up
TV-25267,Sunrise Trading,picked_up
TV-25268,Eastlink Foods,created
TV-25269,Riverside Retail,in_transit
TV-25270,Redgum Foods Pty Ltd,delivered
TV-25271,Golden Packaging Holdings,created
TV-25272,Sunrise Textiles Holdings,created
TV-25273,Kingsway Pharma Group,picked_up
TV-25274,Sunrise Distribution,picked_up
TV-25275,Ironbark Textiles,in_transit
TV-25276,Ironbark Distribution Pty Ltd,delivered
TV-25277,Blackwood Industrial,delivered
TV-25278,Baywater Retail Co,in_transit
TV-25279,Silverline Packaging,in_transit
TV-25280,Sunrise Electronics Group,in_transit
TV-25281,Coastal Wholesale,picked_up
TV-25282,Lakeside Foods,created
TV-25283,Westgate Chemicals,delivered
TV-25284,Silverline Grocers,failed
TV-25285,Summit Beverages,picked_up
TV-25286,Eastlink Industrial,delivered
TV-25287,Sunrise Retail Pty Ltd,created
TV-25288,Eastlink Distribution,in_transit
TV-25289,Coastal Freight Group,delivered
TV-25290,Stonebridge Motors,in_transit
TV-25291,Riverside Retail Holdings,created
TV-25292,Stonebridge Packaging Pty Ltd,in_transit
TV-25293,Eastlink Wholesale Holdings,created
TV-25294,Stonebridge Freight Pty Ltd,created
TV-25295,Coastal Foods,failed
TV-25296,Parkview Supplies Group,in_transit
TV-25297,Highfield Freight,delivered
TV-25298,Redgum Pharma,in_transit
TV-25299,Baywater Supplies,picked_up
TV-25300,Kingsway Pharma,picked_up
TV-25301,Redgum Wholesale,picked_up
TV-25302,Riverside Distribution Holdings,in_transit
TV-25303,Baywater Motors,in_transit
TV-25304,Blackwood Supplies,failed
TV-25305,Redgum Motors,in_transit
TV-25306,Northern Motors Pty Ltd,in_transit
TV-25307,Redgum Hardware Holdings,delivered
TV-25308,Fairwind Apparel Group,delivered
TV-25309,Kingsway Components,delivered
TV-25310,Summit Apparel Group,in_transit
TV-25311,Baywater Foods,created
TV-25312,Summit Motors,in_transit
TV-25313,Baywater Chemicals,picked_up
TV-25314,Redgum Supplies Co,delivered
TV-25315,Baywater Industrial,delivered
TV-25316,Baywater Supplies Group,picked_up
TV-25317,Westgate Trading Co,created
TV-25318,Highfield Components,created
TV-25319,Sunrise Pharma Group,created
TV-25320,Harbour Apparel,delivered
TV-25321,Golden Trading,in_transit
TV-25322,Golden Grocers,picked_up
TV-25323,Stonebridge Supplies,created
TV-25324,Baywater Freight,picked_up
TV-25325,Coastal Beverages,in_transit
TV-25326,Golden Hardware Co,in_transit
TV-25327,Riverside Grocers,delivered
TV-25328,Stonebridge Freight Holdings,picked_up
TV-25329,Coastal Logistics,created
TV-25330,Fairwind Motors Co,delivered
TV-25331,Silverline Motors,delivered
TV-25332,Parkview Grocers Group,failed
TV-25333,Riverside Wholesale Co,in_transit
TV-25334,Eastlink Foods,delivered
TV-25335,Coastal Pharma Holdings,created
TV-25336,Sunrise Supplies Group,created
TV-25337,Sunrise Apparel,in_transit
TV-25338,Blackwood Pharma Co,in_transit
TV-25339,Blackwood Logistics Co,picked_up
TV-25340,Parkview Trading,created
TV-25341,Parkview Chemicals,picked_up
TV-25342,Westgate Hardware,in_transit
TV-25343,Riverside Wholesale Holdings,created
TV-25344,Coastal Apparel,in_transit
TV-25345,Lakeside Trading,delivered
TV-25346,Kingsway Components Pty Ltd,in_transit
TV-25347,Sunrise Retail Co,picked_up
TV-25348,Redgum Components Holdings,in_transit
TV-25349,Riverside Supplies Pty Ltd,in_transit
TV-25350,Highfield Grocers Holdings,in_transit
TV-25351,Golden Grocers Holdings,delivered
TV-25352,Ironbark Apparel Pty Ltd,created
TV-25353,Riverside Supplies,in_transit
TV-25354,Sunrise Beverages Pty Ltd,delivered
TV-25355,Stonebridge Distribution Holdings,created
TV-25356,Summit Chemicals,in_transit
TV-25357,Highfield Supplies,picked_up
TV-25358,Sunrise Apparel,in_transit
TV-25359,Stonebridge Wholesale,picked_up
TV-25360,Lakeside Logistics Pty Ltd,created
TV-25361,Northern Hardware,delivered
TV-25362,Northern Industrial,failed
TV-25363,Golden Packaging,picked_up
TV-25364,Fairwind Motors,delivered
TV-25365,Baywater Logistics Group,delivered
TV-25366,Golden Beverages Group,in_transit
TV-25367,Westgate Pharma,picked_up
TV-25368,Eastlink Pharma,in_transit
TV-25369,Northern Trading Pty Ltd,in_transit
TV-25370,Harbour Freight Group,in_transit
TV-25371,Westgate Components,picked_up
TV-25372,Sunrise Wholesale,in_transit
TV-25373,Highfield Industrial,delivered
TV-25374,Silverline Pharma Pty Ltd,failed
TV-25375,Lakeside Motors Group,created
TV-25376,Stonebridge Industrial,in_transit
TV-25377,Golden Distribution Holdings,picked_up
TV-25378,Summit Electronics Holdings,picked_up
TV-25379,Fairwind Retail Co,in_transit
TV-25380,Golden Distribution Co,delivered
TV-25381,Stonebridge Hardware Holdings,in_transit
TV-25382,Stonebridge Beverages Group,delivered
TV-25383,Coastal Components Holdings,delivered
TV-25384,Fairwind Grocers Co,delivered
TV-25385,Fairwind Packaging Group,delivered
TV-25386,Baywater Apparel,created
TV-25387,Northern Packaging Holdings,in_transit
TV-25388,Golden Grocers Pty Ltd,delivered
TV-25389,Westgate Foods Co,delivered
TV-25390,Summit Motors,delivered
TV-25391,Harbour Foods Co,created
TV-25392,Ironbark Trading,delivered
TV-25393,Stonebridge Retail Group,created
TV-25394,Coastal Beverages,created
TV-25395,Parkview Wholesale Co,in_transit
TV-25396,Riverside Trading,delivered
TV-25397,Northern Hardware,delivered
TV-25398,Ironbark Components Holdings,picked_up
TV-25399,Stonebridge Chemicals Holdings,in_transit
TV-25400,Stonebridge Grocers Co,picked_up
TV-25401,Westgate Components,in_transit
TV-25402,Baywater Chemicals,picked_up
TV-25403,Lakeside Wholesale,picked_up
TV-25404,Silverline Freight,in_transit
TV-25405,Sunrise Pharma Holdings,delivered
TV-25406,Stonebridge Apparel,delivered
TV-25407,Riverside Apparel,created
TV-25408,Kingsway Electronics Co,failed
TV-25409,Redgum Logistics Pty Ltd,created
TV-25410,Harbour Grocers Holdings,in_transit
TV-25411,Sunrise Foods Group,delivered
TV-25412,Eastlink Beverages Group,picked_up
TV-25413,Parkview Pharma Holdings,delivered
TV-25414,Baywater Components,picked_up
TV-25415,Ironbark Freight Co,created
TV-25416,Lakeside Wholesale,picked_up
TV-25417,Golden Hardware Holdings,in_transit
TV-25418,Riverside Wholesale,in_transit
TV-25419,Coastal Chemicals Group,delivered
TV-25420,Ironbark Electronics,failed
TV-25421,Baywater Wholesale,in_transit
TV-25422,Highfield Motors Co,in_transit
TV-25423,Stonebridge Electronics Group,created
TV-25424,Silverline Grocers,picked_up
TV-25425,Lakeside Freight,delivered
TV-25426,Redgum Wholesale,picked_up
TV-25427,Golden Packaging,in_transit
TV-25428,Silverline Trading Holdings,in_transit
TV-25429,Redgum Apparel,delivered
TV-25430,Kingsway Apparel,delivered
TV-25431,Ironbark Foods,delivered
TV-25432,Coastal Trading Group,in_transit
TV-25433,Silverline Logistics,delivered
TV-25434,Baywater Retail Pty Ltd,created
TV-25435,Stonebridge Grocers Pty Ltd,in_transit
TV-25436,Baywater Apparel Pty Ltd,delivered
TV-25437,Redgum Textiles Holdings,created
TV-25438,Northern Components,delivered
TV-25439,Parkview Logistics Group,created
TV-25440,Sunrise Supplies Group,in_transit
TV-25441,Golden Pharma Group,created
TV-25442,Northern Distribution Holdings,delivered
TV-25443,Kingsway Beverages Pty Ltd,in_transit
TV-25444,Golden Chemicals Co,in_transit
TV-25445,Parkview Electronics Co,picked_up
TV-25446,Highfield Foods,in_transit
TV-25447,Kingsway Packaging,picked_up
TV-25448,Coastal Industrial,delivered
TV-25449,Highfield Foods Co,created
TV-25450,Silverline Foods,in_transit
TV-25451,Northern Logistics,created
TV-25452,Parkview Pharma Group,created
TV-25453,Lakeside Supplies,created
TV-25454,Summit Hardware Pty Ltd,picked_up
TV-25455,Northern Packaging Pty Ltd,delivered
TV-25456,Redgum Packaging,failed
TV-25457,Summit Freight,created
TV-25458,Highfield Distribution,created
TV-25459,Coastal Apparel,in_transit
TV-25460,Northern Components Group,in_transit
TV-25461,Northern Supplies Group,created
TV-25462,Eastlink Retail Holdings,in_transit
TV-25463,Riverside Freight,created
TV-25464,Silverline Freight,picked_up
TV-25465,Silverline Foods,in_transit
TV-25466,Baywater Foods,delivered
TV-25467,Blackwood Foods Pty Ltd,in_transit
TV-25468,Sunrise Wholesale Co,delivered
TV-25469,Eastlink Textiles,created
TV-25470,Stonebridge Motors Co,delivered
TV-25471,Blackwood Retail Group,created
TV-25472,Sunrise Distribution,in_transit
TV-25473,Sunrise Electronics Pty Ltd,delivered
TV-25474,Ironbark Distribution Pty Ltd,in_transit
TV-25475,Northern Hardware,delivered
TV-25476,Blackwood Pharma Group,picked_up
TV-25477,Harbour Components,created
TV-25478,Redgum Hardware,created
TV-25479,Harbour Hardware Pty Ltd,picked_up
TV-25480,Westgate Freight,created
TV-25481,Redgum Industrial Holdings,delivered
TV-25482,Northern Hardware Pty Ltd,delivered
TV-25483,Sunrise Apparel,created
TV-25484,Baywater Distribution,in_transit
TV-25485,Lakeside Distribution Holdings,created
TV-25486,Sunrise Pharma,picked_up
TV-25487,Sunrise Apparel,picked_up
TV-25488,Golden Industrial Group,failed
TV-25489,Kingsway Pharma Co,in_transit
TV-25490,Golden Logistics,picked_up
TV-25491,Redgum Retail Co,in_transit
TV-25492,Redgum Components,picked_up
TV-25493,Riverside Apparel Group,in_transit
TV-25494,Baywater Beverages,created
TV-25495,Parkview Retail Holdings,in_transit
TV-25496,Fairwind Distribution,failed
TV-25497,Redgum Wholesale Co,created
TV-25498,Highfield Pharma,created
TV-25499,Westgate Components Co,delivered
TV-25500,Silverline Textiles Group,delivered
TV-25501,Parkview Distribution,delivered
TV-25502,Fairwind Packaging Pty Ltd,picked_up
TV-25503,Fairwind Beverages Co,delivered
TV-25504,Westgate Components,in_transit
TV-25505,Blackwood Textiles Pty Ltd,picked_up
TV-25506,Silverline Logistics Pty Ltd,in_transit
TV-25507,Golden Components,picked_up
TV-25508,Ironbark Electronics,delivered
TV-25509,Baywater Industrial Co,delivered
TV-25510,Harbour Electronics Group,created
TV-25511,Westgate Chemicals Pty Ltd,created
TV-25512,Fairwind Electronics,in_transit
TV-25513,Parkview Foods Pty Ltd,delivered
TV-25514,Stonebridge Components,in_transit
TV-25515,Golden Logistics,in_transit
TV-25516,Harbour Retail,created
TV-25517,Kingsway Wholesale,picked_up
TV-25518,Kingsway Motors,in_transit
TV-25519,Northern Wholesale,in_transit
TV-25520,Parkview Logistics Group,created
TV-25521,Golden Beverages,delivered
TV-25522,Lakeside Supplies,delivered
TV-25523,Redgum Grocers,failed
TV-25524,Golden Logistics,created
TV-25525,Westgate Retail,in_transit
TV-25526,Golden Grocers,in_transit
TV-25527,Highfield Distribution,in_transit
TV-25528,Blackwood Foods,created
TV-25529,Fairwind Logistics,picked_up
TV-25530,Stonebridge Electronics,picked_up
TV-25531,Lakeside Supplies,in_transit
TV-25532,Kingsway Supplies,delivered
TV-25533,Ironbark Trading,delivered
TV-25534,Ironbark Hardware Co,delivered
TV-25535,Riverside Apparel,in_transit
TV-25536,Coastal Trading Pty Ltd,in_transit
TV-25537,Blackwood Hardware Holdings,picked_up
TV-25538,Summit Freight Holdings,created
TV-25539,Coastal Industrial Co,delivered
TV-25540,Westgate Chemicals,in_transit
TV-25541,Baywater Apparel,created
TV-25542,Summit Motors,picked_up
TV-25543,Silverline Foods,picked_up
TV-25544,Riverside Pharma Pty Ltd,delivered
TV-25545,Lakeside Pharma,delivered
TV-25546,Summit Electronics,created
TV-25547,Coastal Distribution Co,in_transit
TV-25548,Kingsway Electronics Holdings,delivered
TV-25549,Golden Trading,delivered
TV-25550,Northern Grocers Co,in_transit
TV-25551,Baywater Textiles,picked_up
TV-25552,Kingsway Pharma Pty Ltd,created
TV-25553,Highfield Foods Pty Ltd,in_transit
TV-25554,Summit Components Co,in_transit
TV-25555,Northern Apparel,in_transit
TV-25556,Blackwood Retail,delivered
TV-25557,Kingsway Industrial Holdings,in_transit
TV-25558,Riverside Beverages,delivered
TV-25559,Northern Hardware Pty Ltd,created
TV-25560,Fairwind Apparel,in_transit
TV-25561,Kingsway Apparel,created
TV-25562,Fairwind Beverages,picked_up
TV-25563,Eastlink Beverages Pty Ltd,in_transit
TV-25564,Blackwood Pharma Co,in_transit
TV-25565,Harbour Packaging Group,delivered
TV-25566,Golden Packaging Group,picked_up
TV-25567,Silverline Packaging Pty Ltd,delivered
TV-25568,Golden Trading Co,in_transit
TV-25569,Kingsway Supplies Holdings,created
TV-25570,Fairwind Electronics,picked_up
TV-25571,Redgum Components,picked_up
TV-25572,Coastal Hardware Holdings,in_transit
TV-25573,Eastlink Packaging,created
TV-25574,Golden Beverages Co,delivered
TV-25575,Sunrise Hardware Holdings,in_transit
TV-25576,Summit Beverages Co,created
TV-25577,Eastlink Beverages,in_transit
TV-25578,Lakeside Hardware Holdings,failed
TV-25579,Sunrise Beverages,picked_up
TV-25580,Blackwood Foods Group,in_transit
TV-25581,Highfield Freight Co,picked_up
TV-25582,Northern Packaging Pty Ltd,in_transit
TV-25583,Parkview Logistics Pty Ltd,created
TV-25584,Sunrise Chemicals,in_transit
TV-25585,Parkview Freight,picked_up
TV-25586,Eastlink Apparel Holdings,created
TV-25587,Stonebridge Grocers Group,delivered
TV-25588,Summit Grocers Holdings,failed
TV-25589,Westgate Industrial,created
TV-25590,Blackwood Textiles,created
TV-25591,Baywater Textiles Pty Ltd,in_transit
TV-25592,Coastal Grocers Group,delivered
TV-25593,Ironbark Trading Group,delivered
TV-25594,Sunrise Packaging,in_transit
TV-25595,Fairwind Supplies Holdings,picked_up
TV-25596,Coastal Components,delivered
TV-25597,Sunrise Chemicals,delivered
TV-25598,Baywater Wholesale,picked_up
TV-25599,Ironbark Wholesale,failed
TV-25600,Ironbark Electronics,in_transit
TV-25601,Sunrise Hardware Co,in_transit
TV-25602,Parkview Hardware,delivered
TV-25603,Ironbark Components,in_transit
TV-25604,Parkview Distribution Pty Ltd,created
TV-25605,Coastal Motors,created
TV-25606,Lakeside Electronics Co,in_transit
TV-25607,Fairwind Pharma,failed
TV-25608,Lakeside Industrial Group,failed
TV-25609,Eastlink Distribution Group,created
TV-25610,Westgate Industrial Pty Ltd,in_transit
TV-25611,Summit Retail Holdings,delivered
TV-25612,Lakeside Chemicals,created
TV-25613,Coastal Foods Co,picked_up
TV-25614,Lakeside Beverages Co,picked_up
TV-25615,Parkview Wholesale,picked_up
TV-25616,Harbour Grocers,in_transit
TV-25617,Blackwood Pharma Pty Ltd,picked_up
TV-25618,Blackwood Motors Pty Ltd,in_transit
TV-25619,Northern Foods Pty Ltd,created
TV-25620,Summit Beverages Co,delivered
TV-25621,Golden Logistics Group,delivered
TV-25622,Silverline Industrial Holdings,in_transit
TV-25623,Golden Industrial Pty Ltd,created
TV-25624,Summit Chemicals,picked_up
TV-25625,Golden Hardware Holdings,created
TV-25626,Stonebridge Trading Group,delivered
TV-25627,Summit Retail,in_transit
TV-25628,Fairwind Grocers,in_transit
TV-25629,Stonebridge Retail Co,delivered
TV-25630,Fairwind Chemicals Co,in_transit
TV-25631,Ironbark Grocers Holdings,in_transit
TV-25632,Ironbark Components Pty Ltd,delivered
TV-25633,Highfield Pharma,delivered
TV-25634,Harbour Industrial,in_transit
TV-25635,Redgum Apparel,created
TV-25636,Kingsway Trading,picked_up
TV-25637,Summit Textiles Holdings,in_transit
TV-25638,Kingsway Components,in_transit
TV-25639,Baywater Foods Group,delivered
TV-25640,Eastlink Motors Holdings,picked_up
TV-25641,Highfield Chemicals,delivered
TV-25642,Highfield Apparel,delivered
TV-25643,Eastlink Industrial Pty Ltd,in_transit
TV-25644,Westgate Beverages,in_transit
TV-25645,Ironbark Industrial Pty Ltd,created
TV-25646,Westgate Motors,delivered
TV-25647,Ironbark Pharma,delivered
TV-25648,Fairwind Freight Holdings,failed
TV-25649,Silverline Chemicals Pty Ltd,created
TV-25650,Eastlink Chemicals,created
TV-25651,Sunrise Distribution,in_transit
TV-25652,Summit Retail,in_transit
TV-25653,Riverside Freight,delivered
TV-25654,Parkview Wholesale Group,failed
TV-25655,Golden Chemicals,created
TV-25656,Riverside Retail,picked_up
TV-25657,Parkview Grocers Pty Ltd,picked_up
TV-25658,Kingsway Textiles,delivered
TV-25659,Northern Supplies Group,delivered
TV-25660,Eastlink Distribution Pty Ltd,created
TV-25661,Silverline Freight Holdings,picked_up
TV-25662,Blackwood Wholesale,in_transit
TV-25663,Parkview Textiles,in_transit
TV-25664,Parkview Chemicals,in_transit
TV-25665,Parkview Freight Pty Ltd,in_transit
TV-25666,Northern Chemicals Holdings,in_transit
TV-25667,Westgate Beverages,delivered
TV-25668,Fairwind Chemicals Holdings,in_transit
TV-25669,Westgate Logistics Holdings,created
TV-25670,Eastlink Industrial Co,delivered
TV-25671,Summit Hardware,in_transit
TV-25672,Golden Foods,delivered
TV-25673,Westgate Packaging Group,picked_up
TV-25674,Redgum Foods Pty Ltd,delivered
TV-25675,Fairwind Foods Holdings,delivered
TV-25676,Parkview Chemicals Pty Ltd,in_transit
TV-25677,Summit Beverages,in_transit
TV-25678,Riverside Trading,created
TV-25679,Fairwind Logistics Group,delivered
TV-25680,Highfield Packaging Holdings,in_transit
TV-25681,Eastlink Packaging,delivered
TV-25682,Redgum Freight Holdings,delivered
TV-25683,Eastlink Textiles Pty Ltd,created
TV-25684,Coastal Wholesale Pty Ltd,delivered
TV-25685,Stonebridge Packaging Co,delivered
TV-25686,Riverside Components,in_transit
TV-25687,Lakeside Logistics,failed
TV-25688,Baywater Wholesale Co,delivered
TV-25689,Harbour Freight,in_transit
TV-25690,Redgum Hardware,in_transit
TV-25691,Ironbark Logistics,picked_up
TV-25692,Harbour Components,created
TV-25693,Summit Electronics Group,delivered
TV-25694,Golden Motors,delivered
TV-25695,Silverline Grocers,in_transit
TV-25696,Westgate Logistics Group,delivered
TV-25697,Golden Beverages Co,delivered
TV-25698,Kingsway Electronics,in_transit
TV-25699,Golden Hardware,delivered
TV-25700,Eastlink Electronics Co,in_transit
TV-25701,Fairwind Beverages Pty Ltd,delivered
TV-25702,Westgate Components,delivered
TV-25703,Coastal Freight,created
TV-25704,Baywater Freight,delivered
TV-25705,Silverline Trading,in_transit
TV-25706,Northern Beverages,picked_up
TV-25707,Westgate Apparel Group,delivered
TV-25708,Ironbark Industrial Co,created
TV-25709,Stonebridge Motors,failed
TV-25710,Coastal Foods Group,picked_up
TV-25711,Ironbark Foods,picked_up
TV-25712,Kingsway Electronics Group,delivered
TV-25713,Eastlink Industrial Pty Ltd,delivered
TV-25714,Northern Wholesale,in_transit
TV-25715,Lakeside Logistics Group,created
TV-25716,Eastlink Chemicals Holdings,failed
TV-25717,Eastlink Trading,failed
TV-25718,Highfield Freight,delivered
TV-25719,Eastlink Retail,in_transit
TV-25720,Summit Textiles Pty Ltd,delivered
TV-25721,Eastlink Components,created
TV-25722,Northern Grocers,delivered
TV-25723,Parkview Grocers Group,picked_up
TV-25724,Parkview Textiles,created
TV-25725,Parkview Motors Pty Ltd,delivered
TV-25726,Redgum Foods Co,delivered
TV-25727,Blackwood Chemicals,created
TV-25728,Ironbark Retail Group,delivered
TV-25729,Westgate Retail,created
TV-25730,Blackwood Chemicals Holdings,delivered
TV-25731,Ironbark Components Pty Ltd,delivered
TV-25732,Blackwood Grocers Group,delivered
TV-25733,Ironbark Freight,delivered
TV-25734,Harbour Beverages Group,created
TV-25735,Summit Retail,in_transit
TV-25736,Westgate Electronics Group,delivered
TV-25737,Fairwind Electronics,delivered
TV-25738,Highfield Industrial Co,in_transit
TV-25739,Stonebridge Trading,created
TV-25740,Harbour Distribution,delivered
TV-25741,Riverside Logistics,delivered
TV-25742,Kingsway Distribution,picked_up
TV-25743,Riverside Electronics,created
TV-25744,Harbour Electronics Holdings,created
TV-25745,Riverside Textiles Co,delivered
TV-25746,Sunrise Pharma,in_transit
TV-25747,Fairwind Logistics,in_transit
TV-25748,Kingsway Textiles Pty Ltd,picked_up
TV-25749,Blackwood Hardware Co,created
TV-25750,Ironbark Hardware,created
TV-25751,Lakeside Textiles,picked_up
TV-25752,Parkview Beverages,picked_up
TV-25753,Northern Textiles,in_transit
TV-25754,Riverside Hardware,created
TV-25755,Kingsway Hardware Holdings,delivered
TV-25756,Lakeside Foods,in_transit
TV-25757,Northern Textiles Co,delivered
TV-25758,Highfield Chemicals Holdings,in_transit
TV-25759,Parkview Logistics Co,picked_up
TV-25760,Baywater Freight Co,picked_up
TV-25761,Fairwind Logistics Co,created
TV-25762,Golden Grocers,created
TV-25763,Highfield Components Pty Ltd,in_transit
TV-25764,Westgate Apparel Pty Ltd,in_transit
TV-25765,Northern Logistics Pty Ltd,in_transit
TV-25766,Ironbark Supplies Co,delivered
TV-25767,Ironbark Apparel,delivered
TV-25768,Redgum Pharma Co,created
TV-25769,Highfield Packaging Holdings,in_transit
TV-25770,Harbour Electronics Group,in_transit
TV-25771,Ironbark Distribution,created
TV-25772,Stonebridge Logistics Group,in_transit
TV-25773,Parkview Components Pty Ltd,in_transit
TV-25774,Northern Components,in_transit
TV-25775,Kingsway Chemicals Holdings,picked_up
TV-25776,Parkview Electronics Holdings,delivered
TV-25777,Redgum Packaging Co,created
TV-25778,Summit Trading Holdings,created
TV-25779,Silverline Motors,delivered
TV-25780,Summit Pharma,created
TV-25781,Ironbark Industrial,in_transit
TV-25782,Fairwind Chemicals Holdings,delivered
TV-25783,Ironbark Grocers,in_transit
TV-25784,Blackwood Textiles,delivered
TV-25785,Redgum Grocers Holdings,in_transit
TV-25786,Redgum Trading,delivered
TV-25787,Harbour Logistics Pty Ltd,delivered
TV-25788,Lakeside Freight,delivered
TV-25789,Sunrise Distribution,failed
TV-25790,Sunrise Wholesale Group,picked_up
TV-25791,Baywater Industrial,delivered
TV-25792,Harbour Components Pty Ltd,in_transit
TV-25793,Golden Foods,delivered
TV-25794,Harbour Motors Co,in_transit
TV-25795,Silverline Hardware,created
TV-25796,Sunrise Industrial Co,created
TV-25797,Lakeside Freight,delivered
TV-25798,Redgum Motors,delivered
TV-25799,Eastlink Retail,delivered
TV-25800,Riverside Hardware Holdings,delivered
TV-25801,Highfield Industrial,created
TV-25802,Riverside Electronics Holdings,delivered
TV-25803,Sunrise Chemicals,delivered
TV-25804,Stonebridge Wholesale,created
TV-25805,Summit Wholesale,picked_up
TV-25806,Redgum Components,created
TV-25807,Coastal Logistics,picked_up
TV-25808,Northern Industrial,created
TV-25809,Harbour Motors,picked_up
TV-25810,Redgum Textiles Co,delivered
TV-25811,Summit Pharma Pty Ltd,in_transit
TV-25812,Redgum Industrial Co,picked_up
TV-25813,Lakeside Industrial,picked_up
TV-25814,Stonebridge Apparel,in_transit
TV-25815,Ironbark Freight Group,delivered
TV-25816,Redgum Industrial,in_transit
TV-25817,Parkview Foods,created
TV-25818,Highfield Foods,delivered
TV-25819,Parkview Components,created
TV-25820,Parkview Supplies,in_transit
TV-25821,Golden Beverages,delivered
TV-25822,Coastal Chemicals,in_transit
TV-25823,Harbour Trading,in_transit
TV-25824,Riverside Grocers Group,delivered
TV-25825,Highfield Industrial,created
TV-25826,Riverside Logistics Co,picked_up
TV-25827,Summit Grocers,in_transit
TV-25828,Parkview Packaging,created
TV-25829,Redgum Pharma,failed
TV-25830,Riverside Grocers Pty Ltd,delivered
TV-25831,Redgum Grocers,picked_up
TV-25832,Westgate Packaging Group,delivered
TV-25833,Sunrise Packaging,created
TV-25834,Westgate Foods Pty Ltd,picked_up
TV-25835,Fairwind Trading Group,failed
TV-25836,Lakeside Logistics Group,in_transit
TV-25837,Riverside Foods Holdings,delivered
TV-25838,Westgate Retail Group,in_transit
TV-25839,Harbour Logistics Holdings,created
TV-25840,Stonebridge Wholesale Pty Ltd,delivered
TV-25841,Blackwood Supplies,failed
TV-25842,Golden Components Group,delivered
TV-25843,Westgate Wholesale,delivered
TV-25844,Harbour Chemicals,delivered
TV-25845,Ironbark Hardware Pty Ltd,created
TV-25846,Blackwood Packaging,in_transit
TV-25847,Westgate Packaging,in_transit
TV-25848,Parkview Wholesale,delivered
TV-25849,Stonebridge Pharma Co,delivered
TV-25850,Baywater Components Pty Ltd,created
TV-25851,Ironbark Distribution Pty Ltd,created
TV-25852,Stonebridge Motors Holdings,in_transit
TV-25853,Northern Industrial,in_transit
TV-25854,Golden Apparel,in_transit
TV-25855,Redgum Pharma,picked_up
TV-25856,Highfield Logistics Co,delivered
TV-25857,Parkview Distribution Co,created
TV-25858,Eastlink Grocers,in_transit
TV-25859,Lakeside Packaging Group,created
TV-25860,Parkview Apparel,delivered
TV-25861,Riverside Electronics,created
TV-25862,Harbour Grocers,in_transit
TV-25863,Eastlink Wholesale Holdings,delivered
TV-25864,Baywater Motors,picked_up
TV-25865,Ironbark Retail Holdings,picked_up
TV-25866,Baywater Distribution Holdings,in_transit
TV-25867,Westgate Logistics,in_transit
TV-25868,Westgate Supplies Group,created
TV-25869,Parkview Trading,in_transit
TV-25870,Northern Apparel,created
TV-25871,Northern Retail,in_transit
TV-25872,Ironbark Supplies Holdings,failed
TV-25873,Lakeside Freight,delivered
TV-25874,Riverside Packaging,in_transit
TV-25875,Parkview Electronics Group,delivered
TV-25876,Westgate Freight,picked_up
TV-25877,Stonebridge Textiles,in_transit
TV-25878,Fairwind Foods Pty Ltd,delivered
TV-25879,Redgum Components Group,picked_up
TV-25880,Blackwood Trading,delivered
TV-25881,Westgate Retail,delivered
TV-25882,Lakeside Industrial Pty Ltd,in_transit
TV-25883,Blackwood Textiles,created
TV-25884,Sunrise Supplies,in_transit
TV-25885,Harbour Distribution,delivered
TV-25886,Fairwind Pharma Group,delivered
TV-25887,Fairwind Components,delivered
TV-25888,Kingsway Packaging Pty Ltd,picked_up
TV-25889,Northern Hardware,delivered
TV-25890,Parkview Supplies Holdings,in_transit
TV-25891,Eastlink Hardware,delivered
TV-25892,Sunrise Wholesale Group,delivered
TV-25893,Harbour Grocers,delivered
TV-25894,Silverline Apparel,picked_up
TV-25895,Golden Logistics Pty Ltd,delivered
TV-25896,Lakeside Industrial Co,created
TV-25897,Harbour Industrial,picked_up
TV-25898,Lakeside Motors Holdings,delivered
TV-25899,Sunrise Beverages Pty Ltd,in_transit
TV-25900,Silverline Apparel,delivered
TV-25901,Westgate Apparel,delivered
TV-25902,Westgate Foods,in_transit
TV-25903,Kingsway Hardware,created
TV-25904,Parkview Industrial,delivered
TV-25905,Coastal Hardware,picked_up
TV-25906,Fairwind Hardware,created
TV-25907,Kingsway Motors,created
TV-25908,Northern Apparel Group,picked_up
TV-25909,Parkview Freight,created
TV-25910,Silverline Logistics Pty Ltd,created
TV-25911,Blackwood Hardware Co,in_transit
TV-25912,Baywater Beverages Co,delivered
TV-25913,Ironbark Logistics,picked_up
TV-25914,Parkview Hardware Co,in_transit
TV-25915,Stonebridge Electronics Pty Ltd,picked_up
TV-25916,Baywater Components Group,delivered
TV-25917,Ironbark Pharma Holdings,delivered
TV-25918,Coastal Supplies Holdings,created
TV-25919,Summit Apparel,picked_up
TV-25920,Parkview Hardware Group,in_transit
TV-25921,Redgum Chemicals,failed
TV-25922,Parkview Trading,delivered
TV-25923,Blackwood Hardware,picked_up
TV-25924,Harbour Foods,created
TV-25925,Eastlink Chemicals Group,picked_up
TV-25926,Kingsway Components,picked_up
TV-25927,Lakeside Wholesale,picked_up
TV-25928,Redgum Grocers Group,delivered
TV-25929,Fairwind Distribution Pty Ltd,in_transit
TV-25930,Sunrise Supplies Co,in_transit
TV-25931,Lakeside Electronics Holdings,in_transit
TV-25932,Riverside Packaging Pty Ltd,in_transit
TV-25933,Highfield Packaging Pty Ltd,delivered
TV-25934,Ironbark Packaging,delivered
TV-25935,Kingsway Pharma,created
TV-25936,Baywater Freight Group,created
TV-25937,Silverline Textiles Group,created
TV-25938,Redgum Pharma Holdings,picked_up
TV-25939,Silverline Grocers,picked_up
TV-25940,Blackwood Packaging,in_transit
TV-25941,Silverline Motors Group,in_transit
TV-25942,Fairwind Apparel Pty Ltd,created
TV-25943,Fairwind Freight,picked_up
TV-25944,Kingsway Retail,delivered
TV-25945,Redgum Chemicals Co,in_transit
TV-25946,Redgum Wholesale,in_transit
TV-25947,Westgate Textiles Pty Ltd,in_transit
TV-25948,Golden Chemicals,picked_up
TV-25949,Fairwind Foods,delivered
TV-25950,Lakeside Apparel,in_transit
TV-25951,Stonebridge Industrial,delivered
TV-25952,Summit Components Holdings,created
TV-25953,Baywater Retail,created
TV-25954,Kingsway Grocers,in_transit
TV-25955,Harbour Pharma,created
TV-25956,Harbour Retail,picked_up
TV-25957,Coastal Trading,delivered
TV-25958,Ironbark Industrial,in_transit
TV-25959,Parkview Packaging,in_transit
TV-25960,Blackwood Logistics,created
TV-25961,Golden Chemicals Co,delivered
TV-25962,Stonebridge Retail,delivered
TV-25963,Blackwood Grocers Holdings,picked_up
TV-25964,Lakeside Retail Holdings,picked_up
TV-25965,Ironbark Foods,delivered
TV-25966,Eastlink Grocers Pty Ltd,failed
TV-25967,Golden Distribution,created
TV-25968,Northern Foods Co,in_transit
TV-25969,Coastal Motors,picked_up
TV-25970,Summit Foods,created
TV-25971,Ironbark Hardware,created
TV-25972,Baywater Retail Co,delivered
TV-25973,Kingsway Textiles,in_transit
TV-25974,Golden Pharma,picked_up
TV-25975,Summit Logistics,in_transit
TV-25976,Kingsway Hardware,in_transit
TV-25977,Golden Freight Pty Ltd,in_transit
TV-25978,Ironbark Electronics Holdings,created
TV-25979,Westgate Logistics Holdings,failed
TV-25980,Riverside Textiles Group,picked_up
TV-25981,Summit Retail Co,in_transit
TV-25982,Westgate Retail Holdings,picked_up
TV-25983,Golden Components Pty Ltd,in_transit
TV-25984,Silverline Distribution,delivered
TV-25985,Westgate Trading Pty Ltd,in_transit
TV-25986,Coastal Distribution Pty Ltd,in_transit
TV-25987,Riverside Textiles,in_transit
TV-25988,Baywater Packaging,in_transit
TV-25989,Kingsway Hardware Pty Ltd,delivered
TV-25990,Lakeside Industrial,in_transit
TV-25991,Northern Pharma,in_transit
TV-25992,Northern Foods,in_transit
TV-25993,Baywater Retail Group,delivered
TV-25994,Westgate Hardware Holdings,delivered
TV-25995,Blackwood Packaging,picked_up
TV-25996,Golden Industrial,picked_up
TV-25997,Silverline Components Pty Ltd,in_transit
TV-25998,Silverline Freight Co,picked_up
TV-25999,Lakeside Beverages Group,delivered
TV-26000,Summit Textiles Holdings,in_transit
TV-26001,Eastlink Components Group,in_transit
TV-26002,Northern Retail,in_transit
TV-26003,Highfield Hardware Group,in_transit
TV-26004,Ironbark Components Holdings,picked_up
TV-26005,Riverside Wholesale Co,created
TV-26006,Harbour Components Group,delivered
TV-26007,Lakeside Freight,delivered
TV-26008,Westgate Beverages Holdings,delivered
TV-26009,Eastlink Distribution,in_transit
TV-26010,Ironbark Pharma Co,delivered
TV-26011,Stonebridge Components,in_transit
TV-26012,Highfield Motors Holdings,created
TV-26013,Redgum Pharma,in_transit
TV-26014,Baywater Pharma,created
TV-26015,Highfield Retail,in_transit
TV-26016,Northern Industrial Pty Ltd,delivered
TV-26017,Westgate Electronics,delivered
TV-26018,Baywater Foods Pty Ltd,in_transit
TV-26019,Summit Industrial Co,created
TV-26020,Eastlink Electronics Co,in_transit
TV-26021,Riverside Retail Co,created
TV-26022,Redgum Freight,created
TV-26023,Northern Components,picked_up
TV-26024,Fairwind Hardware Pty Ltd,in_transit
TV-26025,Blackwood Components Pty Ltd,in_transit
TV-26026,Ironbark Apparel,delivered
TV-26027,Riverside Logistics,created
TV-26028,Fairwind Components Pty Ltd,created
TV-26029,Lakeside Foods Pty Ltd,failed
TV-26030,Redgum Industrial Holdings,created
TV-26031,Highfield Industrial Pty Ltd,in_transit
TV-26032,Golden Industrial,created
TV-26033,Fairwind Motors Co,delivered
TV-26034,Parkview Textiles Pty Ltd,delivered
TV-26035,Sunrise Motors Group,in_transit
TV-26036,Ironbark Logistics,picked_up
TV-26037,Redgum Retail Holdings,picked_up
TV-26038,Westgate Retail,failed
TV-26039,Harbour Wholesale,picked_up
TV-26040,Northern Textiles Group,delivered
TV-26041,Highfield Beverages,in_transit
TV-26042,Silverline Chemicals,delivered
TV-26043,Fairwind Pharma,delivered
TV-26044,Northern Retail,in_transit
TV-26045,Coastal Logistics,delivered
TV-26046,Harbour Hardware Group,created
TV-26047,Kingsway Distribution Co,delivered
TV-26048,Fairwind Hardware Pty Ltd,in_transit
TV-26049,Baywater Components Group,in_transit
TV-26050,Coastal Textiles,delivered
TV-26051,Summit Beverages Pty Ltd,delivered
TV-26052,Fairwind Freight,in_transit
TV-26053,Silverline Textiles,delivered
TV-26054,Coastal Supplies Holdings,in_transit
TV-26055,Silverline Beverages,in_transit
TV-26056,Blackwood Motors,delivered
TV-26057,Blackwood Beverages Holdings,failed
TV-26058,Northern Retail,delivered
TV-26059,Golden Pharma Co,in_transit
TV-26060,Northern Trading,in_transit
TV-26061,Harbour Distribution,created
TV-26062,Westgate Packaging,in_transit
TV-26063,Stonebridge Industrial Co,created
TV-26064,Redgum Electronics Co,delivered
TV-26065,Northern Industrial Co,in_transit
TV-26066,Kingsway Electronics Holdings,failed
TV-26067,Northern Textiles,delivered
TV-26068,Northern Trading,in_transit
TV-26069,Fairwind Supplies Co,in_transit
TV-26070,Eastlink Components Co,in_transit
TV-26071,Summit Textiles Holdings,delivered
TV-26072,Lakeside Logistics,in_transit
TV-26073,Ironbark Foods,in_transit
TV-26074,Highfield Chemicals Holdings,in_transit
TV-26075,Parkview Beverages Holdings,picked_up
TV-26076,Fairwind Hardware,delivered
TV-26077,Kingsway Hardware,in_transit
TV-26078,Baywater Motors,picked_up
TV-26079,Parkview Freight,delivered
TV-26080,Westgate Supplies,picked_up
TV-26081,Kingsway Industrial,created
TV-26082,Redgum Textiles,delivered
TV-26083,Westgate Textiles Group,delivered
TV-26084,Lakeside Beverages Group,in_transit
TV-26085,Highfield Industrial,failed
TV-26086,Summit Freight Pty Ltd,created
TV-26087,Redgum Textiles,in_transit
TV-26088,Baywater Freight,in_transit
TV-26089,Fairwind Grocers,delivered
TV-26090,Lakeside Components,in_transit
TV-26091,Harbour Distribution,created
TV-26092,Parkview Hardware Pty Ltd,created
TV-26093,Baywater Chemicals,in_transit
TV-26094,Golden Retail,delivered
TV-26095,Westgate Packaging Group,in_transit
TV-26096,Northern Logistics Pty Ltd,delivered
TV-26097,Summit Distribution Group,in_transit
TV-26098,Ironbark Packaging Holdings,in_transit
TV-26099,Lakeside Trading,delivered
TV-26100,Northern Beverages Pty Ltd,picked_up
TV-26101,Harbour Apparel Holdings,picked_up
TV-26102,Eastlink Foods,picked_up
TV-26103,Fairwind Apparel,in_transit
TV-26104,Riverside Supplies Group,created
TV-26105,Northern Freight Pty Ltd,failed
TV-26106,Blackwood Industrial,delivered
TV-26107,Golden Hardware,delivered
TV-26108,Kingsway Textiles Group,failed
TV-26109,Summit Components,delivered
TV-26110,Fairwind Trading,delivered
TV-26111,Golden Chemicals,in_transit
TV-26112,Blackwood Hardware Holdings,created
TV-26113,Silverline Wholesale,created
TV-26114,Silverline Beverages Holdings,delivered
TV-26115,Silverline Apparel,delivered
TV-26116,Sunrise Industrial Co,in_transit
TV-26117,Highfield Industrial,created
TV-26118,Highfield Textiles Group,failed
TV-26119,Coastal Beverages,in_transit
TV-26120,Highfield Industrial Co,created
TV-26121,Harbour Electronics Group,picked_up
TV-26122,Highfield Textiles,picked_up
TV-26123,Fairwind Motors,in_transit
TV-26124,Ironbark Electronics,created
TV-26125,Ironbark Grocers,failed
TV-26126,Redgum Motors Co,delivered
TV-26127,Summit Pharma,created
TV-26128,Sunrise Distribution,in_transit
TV-26129,Summit Pharma Holdings,delivered
TV-26130,Coastal Textiles,in_transit
TV-26131,Summit Retail Pty Ltd,delivered
TV-26132,Sunrise Retail,delivered
TV-26133,Westgate Trading,created
TV-26134,Westgate Freight Pty Ltd,picked_up
TV-26135,Kingsway Supplies Holdings,created
TV-26136,Lakeside Retail Holdings,created
TV-26137,Harbour Freight,created
TV-26138,Fairwind Foods,delivered
TV-26139,Baywater Packaging,delivered
TV-26140,Parkview Wholesale Pty Ltd,in_transit
TV-26141,Lakeside Freight,failed
TV-26142,Redgum Packaging Holdings,created
TV-26143,Ironbark Components,created
TV-26144,Coastal Retail,delivered
TV-26145,Harbour Packaging,picked_up
TV-26146,Coastal Pharma,delivered
TV-26147,Parkview Components,in_transit
TV-26148,Blackwood Components,in_transit
TV-26149,Fairwind Supplies,created
TV-26150,Baywater Trading,delivered
TV-26151,Golden Chemicals,in_transit
TV-26152,Kingsway Pharma,in_transit
TV-26153,Silverline Industrial Pty Ltd,picked_up
TV-26154,Northern Freight Group,in_transit
TV-26155,Ironbark Textiles Co,in_transit
TV-26156,Fairwind Trading,delivered
TV-26157,Summit Motors Group,picked_up
TV-26158,Northern Pharma Group,created
TV-26159,Silverline Logistics,created
TV-26160,Parkview Beverages Holdings,delivered
TV-26161,Northern Beverages,delivered
TV-26162,Stonebridge Trading,delivered
TV-26163,Summit Hardware,picked_up
TV-26164,Northern Freight Co,delivered
TV-26165,Stonebridge Textiles,in_transit
TV-26166,Eastlink Electronics Co,delivered
TV-26167,Summit Chemicals Co,picked_up
TV-26168,Highfield Freight Pty Ltd,in_transit
TV-26169,Fairwind Packaging Group,created
TV-26170,Stonebridge Retail Co,in_transit
TV-26171,Ironbark Industrial Holdings,created
TV-26172,Summit Industrial Group,in_transit
TV-26173,Highfield Packaging,in_transit
TV-26174,Harbour Trading,created
TV-26175,Parkview Chemicals,in_transit
TV-26176,Eastlink Pharma Group,in_transit
TV-26177,Summit Components,in_transit
TV-26178,Parkview Beverages Holdings,in_transit
TV-26179,Sunrise Components,failed
TV-26180,Golden Apparel,delivered
TV-26181,Redgum Logistics Co,picked_up
TV-26182,Parkview Apparel Co,delivered
TV-26183,Silverline Foods Holdings,delivered
TV-26184,Redgum Supplies,picked_up
TV-26185,Redgum Hardware,created
TV-26186,Harbour Components,delivered
TV-26187,Westgate Components,picked_up
TV-26188,Riverside Industrial Co,delivered
TV-26189,Silverline Components,delivered
TV-26190,Harbour Grocers,in_transit
TV-26191,Westgate Trading,in_transit
TV-26192,Lakeside Retail Co,in_transit
TV-26193,Eastlink Trading Holdings,in_transit
TV-26194,Blackwood Apparel Co,delivered
TV-26195,Sunrise Retail Group,created
TV-26196,Northern Packaging Group,delivered
TV-26197,Parkview Trading,in_transit
TV-26198,Riverside Textiles,in_transit
TV-26199,Stonebridge Components,in_transit
TV-26200,Kingsway Hardware,delivered
TV-26201,Summit Textiles Holdings,created
TV-26202,Fairwind Chemicals Co,created
TV-26203,Ironbark Trading,created
TV-26204,Highfield Distribution,created
TV-26205,Eastlink Components Group,in_transit
TV-26206,Summit Industrial,delivered
TV-26207,Golden Foods Co,in_transit
TV-26208,Kingsway Logistics Co,created
TV-26209,Parkview Pharma Co,delivered
TV-26210,Westgate Grocers,delivered
TV-26211,Eastlink Apparel Holdings,delivered
TV-26212,Golden Textiles,in_transit
TV-26213,Coastal Components Group,delivered
TV-26214,Northern Supplies Pty Ltd,in_transit
TV-26215,Ironbark Wholesale Pty Ltd,delivered
TV-26216,Redgum Hardware,delivered
TV-26217,Kingsway Trading Holdings,in_transit
TV-26218,Silverline Wholesale,picked_up
TV-26219,Ironbark Hardware,picked_up
TV-26220,Harbour Chemicals,in_transit
TV-26221,Harbour Supplies Holdings,created
TV-26222,Blackwood Components Group,delivered
TV-26223,Ironbark Packaging,created
TV-26224,Stonebridge Trading,in_transit
TV-26225,Eastlink Industrial Holdings,created
TV-26226,Lakeside Packaging,picked_up
TV-26227,Harbour Grocers Co,created
TV-26228,Fairwind Freight,in_transit
TV-26229,Silverline Industrial,delivered
TV-26230,Silverline Electronics Holdings,failed
TV-26231,Sunrise Retail Holdings,in_transit
TV-26232,Coastal Motors Holdings,created
TV-26233,Summit Trading,delivered
TV-26234,Coastal Foods Pty Ltd,created
TV-26235,Ironbark Chemicals,picked_up
TV-26236,Golden Beverages,created
TV-26237,Blackwood Grocers Holdings,in_transit
TV-26238,Westgate Supplies Co,created
TV-26239,Coastal Freight Holdings,picked_up
TV-26240,Summit Pharma Group,created
TV-26241,Baywater Retail Group,delivered
TV-26242,Harbour Logistics Group,created
TV-26243,Golden Trading Pty Ltd,delivered
TV-26244,Summit Pharma Holdings,delivered
TV-26245,Summit Chemicals,delivered
TV-26246,Redgum Supplies,delivered
TV-26247,Riverside Components,in_transit
TV-26248,Northern Retail,picked_up
TV-26249,Baywater Freight,picked_up
TV-26250,Parkview Hardware,delivered
TV-26251,Northern Retail Pty Ltd,picked_up
TV-26252,Sunrise Packaging,delivered
TV-26253,Ironbark Beverages,delivered
TV-26254,Silverline Distribution Group,failed
TV-26255,Northern Packaging,delivered
TV-26256,Fairwind Motors Holdings,picked_up
TV-26257,Stonebridge Grocers Pty Ltd,delivered
TV-26258,Northern Grocers,delivered
TV-26259,Riverside Hardware Group,created
TV-26260,Kingsway Packaging,in_transit
TV-26261,Blackwood Logistics,picked_up
TV-26262,Harbour Freight,delivered
TV-26263,Blackwood Pharma,in_transit
TV-26264,Summit Hardware Pty Ltd,delivered
TV-26265,Fairwind Chemicals Group,delivered
TV-26266,Sunrise Grocers Group,delivered
TV-26267,Lakeside Packaging,picked_up
TV-26268,Baywater Trading,in_transit
TV-26269,Golden Chemicals,in_transit
TV-26270,Silverline Hardware Pty Ltd,created
TV-26271,Westgate Wholesale,picked_up
TV-26272,Golden Hardware,failed
TV-26273,Fairwind Components,delivered
TV-26274,Kingsway Supplies,in_transit
TV-26275,Sunrise Beverages Group,delivered
TV-26276,Eastlink Retail,in_transit
TV-26277,Summit Grocers,picked_up
TV-26278,Summit Electronics Holdings,in_transit
TV-26279,Kingsway Distribution Pty Ltd,in_transit
TV-26280,Golden Supplies Pty Ltd,delivered
TV-26281,Stonebridge Pharma,picked_up
TV-26282,Baywater Supplies,in_transit
TV-26283,Ironbark Grocers,created
TV-26284,Baywater Freight Pty Ltd,delivered
TV-26285,Coastal Industrial Group,created
TV-26286,Coastal Electronics,in_transit
TV-26287,Northern Beverages Pty Ltd,delivered
TV-26288,Stonebridge Freight Co,failed
TV-26289,Parkview Hardware,picked_up
TV-26290,Golden Logistics Group,picked_up
TV-26291,Redgum Beverages,delivered
TV-26292,Ironbark Components,delivered
TV-26293,Ironbark Freight Pty Ltd,in_transit
TV-26294,Silverline Logistics,delivered
TV-26295,Coastal Beverages Pty Ltd,delivered
TV-26296,Golden Hardware Co,created
TV-26297,Redgum Supplies Co,failed
TV-26298,Sunrise Components,failed
TV-26299,Parkview Electronics,created
TV-26300,Sunrise Textiles,delivered
TV-26301,Lakeside Components Group,picked_up
TV-26302,Summit Beverages,created
TV-26303,Northern Packaging Pty Ltd,delivered
TV-26304,Silverline Supplies,in_transit
TV-26305,Northern Textiles Group,failed
TV-26306,Redgum Supplies Pty Ltd,created
TV-26307,Baywater Hardware Holdings,created
TV-26308,Riverside Packaging,created
TV-26309,Parkview Freight,delivered
TV-26310,Riverside Foods,in_transit
TV-26311,Blackwood Chemicals,picked_up
TV-26312,Baywater Pharma Holdings,created
TV-26313,Highfield Apparel,in_transit
TV-26314,Silverline Wholesale,picked_up
TV-26315,Summit Components Co,delivered
TV-26316,Summit Hardware,in_transit
TV-26317,Northern Wholesale Group,delivered
TV-26318,Harbour Freight,delivered
TV-26319,Baywater Distribution Pty Ltd,delivered
TV-26320,Harbour Foods Co,delivered
TV-26321,Redgum Wholesale,in_transit
TV-26322,Stonebridge Wholesale Holdings,failed
TV-26323,Lakeside Grocers Pty Ltd,delivered
TV-26324,Highfield Components Group,picked_up
TV-26325,Lakeside Logistics,created
TV-26326,Parkview Components Co,in_transit
TV-26327,Blackwood Logistics Holdings,created
TV-26328,Silverline Motors Pty Ltd,in_transit
TV-26329,Coastal Textiles,delivered
TV-26330,Summit Textiles Holdings,in_transit
TV-26331,Harbour Electronics Holdings,in_transit
TV-26332,Lakeside Grocers,picked_up
TV-26333,Stonebridge Motors,delivered
TV-26334,Silverline Grocers,failed
TV-26335,Stonebridge Beverages Holdings,in_transit
TV-26336,Westgate Distribution Group,in_transit
TV-26337,Highfield Logistics,created
TV-26338,Eastlink Industrial Group,in_transit
TV-26339,Redgum Grocers,in_transit
TV-26340,Golden Logistics Holdings,created
TV-26341,Silverline Pharma,in_transit
TV-26342,Riverside Distribution Holdings,created
TV-26343,Ironbark Motors Co,created
TV-26344,Ironbark Components,created
TV-26345,Summit Trading Pty Ltd,delivered
TV-26346,Redgum Apparel Pty Ltd,delivered
TV-26347,Harbour Apparel,created
TV-26348,Ironbark Retail,picked_up
TV-26349,Ironbark Motors,in_transit
TV-26350,Fairwind Chemicals,delivered
TV-26351,Riverside Textiles,created
TV-26352,Highfield Foods Holdings,in_transit
TV-26353,Riverside Electronics Pty Ltd,in_transit
TV-26354,Westgate Components,created
TV-26355,Silverline Packaging Pty Ltd,failed
TV-26356,Harbour Beverages,picked_up
TV-26357,Eastlink Apparel Holdings,created
TV-26358,Stonebridge Pharma Holdings,delivered
TV-26359,Harbour Industrial,delivered
TV-26360,Blackwood Components Pty Ltd,created
TV-26361,Northern Trading,created
TV-26362,Northern Textiles Pty Ltd,in_transit
TV-26363,Fairwind Retail,created
TV-26364,Riverside Chemicals,delivered
TV-26365,Eastlink Textiles Co,created
TV-26366,Parkview Beverages,delivered
TV-26367,Redgum Electronics Holdings,in_transit
TV-26368,Eastlink Industrial Pty Ltd,delivered
TV-26369,Golden Textiles Holdings,created
TV-26370,Blackwood Textiles,created
TV-26371,Westgate Retail,delivered
TV-26372,Fairwind Pharma Holdings,created
TV-26373,Lakeside Textiles Co,picked_up
TV-26374,Sunrise Packaging,delivered
TV-26375,Fairwind Freight Pty Ltd,in_transit
TV-26376,Coastal Hardware Co,delivered
TV-26377,Eastlink Retail Pty Ltd,created
TV-26378,Westgate Packaging Group,in_transit
TV-26379,Eastlink Logistics Group,created
TV-26380,Blackwood Motors,in_transit
TV-26381,Ironbark Motors,picked_up
TV-26382,Coastal Grocers,created
TV-26383,Kingsway Logistics Co,delivered
TV-26384,Redgum Logistics,in_transit
TV-26385,Sunrise Retail Pty Ltd,in_transit
TV-26386,Ironbark Textiles,picked_up
TV-26387,Blackwood Supplies,delivered
TV-26388,Golden Distribution,in_transit
TV-26389,Harbour Grocers Co,in_transit
TV-26390,Ironbark Distribution Group,in_transit
TV-26391,Redgum Wholesale,created
TV-26392,Coastal Motors,in_transit
TV-26393,Blackwood Logistics,created
TV-26394,Kingsway Electronics,delivered
TV-26395,Silverline Retail,delivered
TV-26396,Fairwind Retail Holdings,delivered
TV-26397,Summit Chemicals,in_transit
TV-26398,Harbour Grocers,delivered
TV-26399,Baywater Chemicals,created
TV-26400,Coastal Components Holdings,created
TV-26401,Ironbark Grocers,created
TV-26402,Fairwind Beverages Co,delivered
TV-26403,Eastlink Pharma,in_transit
TV-26404,Baywater Textiles Co,delivered
TV-26405,Stonebridge Textiles Pty Ltd,created
TV-26406,Stonebridge Chemicals Group,in_transit
TV-26407,Redgum Components Pty Ltd,delivered
TV-26408,Westgate Logistics Pty Ltd,created
TV-26409,Fairwind Freight,in_transit
TV-26410,Blackwood Retail Co,in_transit
TV-26411,Kingsway Foods Group,in_transit
TV-26412,Westgate Trading,picked_up
TV-26413,Westgate Supplies,delivered
TV-26414,Ironbark Wholesale Pty Ltd,in_transit
TV-26415,Redgum Trading,delivered
TV-26416,Redgum Pharma Co,picked_up
TV-26417,Lakeside Industrial Holdings,picked_up
TV-26418,Riverside Foods Pty Ltd,delivered
TV-26419,Eastlink Trading,created
TV-26420,Redgum Motors Group,picked_up
TV-26421,Eastlink Industrial,created
TV-26422,Fairwind Grocers Pty Ltd,delivered
TV-26423,Blackwood Supplies,created
TV-26424,Summit Packaging,delivered
TV-26425,Riverside Distribution Holdings,delivered
TV-26426,Baywater Electronics,in_transit
TV-26427,Westgate Electronics,in_transit
TV-26428,Baywater Components,delivered
TV-26429,Stonebridge Trading Group,delivered
TV-26430,Stonebridge Grocers Co,in_transit
TV-26431,Lakeside Foods Co,picked_up
TV-26432,Westgate Freight Group,created
TV-26433,Sunrise Trading,created
TV-26434,Stonebridge Distribution,created
TV-26435,Fairwind Foods Holdings,delivered
TV-26436,Kingsway Pharma,created
TV-26437,Riverside Industrial Holdings,delivered
TV-26438,Summit Freight,in_transit
TV-26439,Harbour Distribution Co,delivered
TV-26440,Lakeside Packaging Co,in_transit
TV-26441,Redgum Textiles,delivered
TV-26442,Sunrise Pharma Group,delivered
TV-26443,Blackwood Industrial,in_transit
TV-26444,Ironbark Distribution,created
TV-26445,Ironbark Freight Group,delivered
TV-26446,Baywater Apparel Holdings,created
TV-26447,Lakeside Beverages,picked_up
TV-26448,Sunrise Retail Group,delivered
TV-26449,Silverline Grocers Group,in_transit
TV-26450,Baywater Beverages Holdings,picked_up
TV-26451,Baywater Components Pty Ltd,in_transit
TV-26452,Riverside Trading Group,created
TV-26453,Blackwood Freight,delivered
TV-26454,Westgate Trading Group,created
TV-26455,Kingsway Apparel,delivered
TV-26456,Fairwind Components Pty Ltd,delivered
TV-26457,Baywater Distribution Holdings,in_transit
TV-26458,Blackwood Logistics Group,in_transit
TV-26459,Silverline Industrial Pty Ltd,delivered
TV-26460,Coastal Foods Group,in_transit
TV-26461,Silverline Beverages Co,in_transit
TV-26462,Fairwind Logistics,created
TV-26463,Westgate Motors Holdings,delivered
TV-26464,Fairwind Freight Pty Ltd,picked_up
TV-26465,Stonebridge Textiles Pty Ltd,in_transit
TV-26466,Highfield Motors Pty Ltd,delivered
TV-26467,Sunrise Motors Holdings,in_transit
TV-26468,Parkview Logistics Pty Ltd,delivered
TV-26469,Baywater Freight Holdings,created
TV-26470,Redgum Trading Co,in_transit
TV-26471,Westgate Hardware,in_transit
TV-26472,Riverside Wholesale Co,picked_up
TV-26473,Parkview Freight,created
TV-26474,Westgate Apparel,delivered
TV-26475,Silverline Retail,delivered
TV-26476,Golden Grocers Co,in_transit
TV-26477,Highfield Textiles Holdings,picked_up
TV-26478,Blackwood Distribution,picked_up
TV-26479,Kingsway Foods,delivered
TV-26480,Sunrise Retail Group,in_transit
TV-26481,Redgum Foods,failed
TV-26482,Ironbark Industrial Pty Ltd,in_transit
TV-26483,Eastlink Logistics Co,in_transit
TV-26484,Highfield Distribution,picked_up
TV-26485,Parkview Electronics Group,failed
TV-26486,Coastal Motors Holdings,in_transit
TV-26487,Blackwood Chemicals,in_transit
TV-26488,Northern Distribution Group,in_transit
TV-26489,Eastlink Hardware,picked_up
TV-26490,Sunrise Distribution Holdings,picked_up
TV-26491,Summit Distribution,picked_up
TV-26492,Ironbark Chemicals Co,delivered
TV-26493,Sunrise Trading,delivered
TV-26494,Stonebridge Electronics Group,created
TV-26495,Highfield Apparel,in_transit
TV-26496,Highfield Freight Pty Ltd,delivered
TV-26497,Parkview Logistics,created
TV-26498,Kingsway Packaging,in_transit
TV-26499,Sunrise Logistics Group,failed
TV-26500,Parkview Foods Pty Ltd,failed
TV-26501,Ironbark Freight Holdings,created
TV-26502,Westgate Grocers,picked_up
TV-26503,Fairwind Freight,delivered
TV-26504,Fairwind Beverages,delivered
TV-26505,Lakeside Supplies,in_transit
TV-26506,Highfield Textiles,delivered
TV-26507,Redgum Electronics,in_transit
TV-26508,Riverside Electronics,delivered
TV-26509,Baywater Trading,failed
TV-26510,Golden Industrial Co,created
TV-26511,Blackwood Freight,delivered
TV-26512,Eastlink Freight,picked_up
TV-26513,Highfield Wholesale,created
TV-26514,Stonebridge Textiles Holdings,delivered
TV-26515,Riverside Packaging,delivered
TV-26516,Northern Wholesale Holdings,picked_up
TV-26517,Baywater Supplies Holdings,in_transit
TV-26518,Golden Freight,created
TV-26519,Highfield Electronics Holdings,in_transit
TV-26520,Fairwind Textiles,delivered
TV-26521,Blackwood Pharma Holdings,created
TV-26522,Fairwind Electronics,in_transit
TV-26523,Coastal Beverages Pty Ltd,picked_up
TV-26524,Summit Wholesale Holdings,created
TV-26525,Ironbark Wholesale Group,in_transit
TV-26526,Redgum Textiles,in_transit
TV-26527,Stonebridge Packaging,created
TV-26528,Ironbark Chemicals,delivered
TV-26529,Summit Electronics,delivered
TV-26530,Sunrise Wholesale,in_transit
TV-26531,Silverline Logistics Pty Ltd,in_transit
TV-26532,Ironbark Electronics Co,in_transit
TV-26533,Northern Industrial,created
TV-26534,Harbour Chemicals Pty Ltd,picked_up
TV-26535,Blackwood Electronics Co,delivered
TV-26536,Redgum Foods Pty Ltd,created
TV-26537,Golden Components Pty Ltd,created
TV-26538,Coastal Apparel,delivered
TV-26539,Fairwind Electronics Pty Ltd,delivered
TV-26540,Summit Trading Group,failed
TV-26541,Ironbark Beverages,created
TV-26542,Coastal Logistics Holdings,created
TV-26543,Kingsway Pharma,delivered
TV-26544,Highfield Textiles,in_transit
TV-26545,Riverside Components Holdings,in_transit
TV-26546,Stonebridge Supplies,delivered
TV-26547,Silverline Pharma Co,in_transit
TV-26548,Golden Electronics,in_transit
TV-26549,Coastal Beverages,failed
TV-26550,Northern Apparel Holdings,delivered
TV-26551,Ironbark Distribution Holdings,in_transit
TV-26552,Kingsway Beverages Co,picked_up
TV-26553,Eastlink Packaging Group,delivered
TV-26554,Kingsway Packaging Holdings,picked_up
TV-26555,Eastlink Logistics Group,in_transit
TV-26556,Stonebridge Grocers,failed
TV-26557,Blackwood Logistics Pty Ltd,delivered
TV-26558,Parkview Grocers,delivered
TV-26559,Eastlink Hardware,in_transit
TV-26560,Ironbark Wholesale Pty Ltd,in_transit
TV-26561,Kingsway Freight,picked_up
TV-26562,Fairwind Logistics Pty Ltd,picked_up
TV-26563,Blackwood Retail Holdings,delivered
TV-26564,Parkview Wholesale,created
TV-26565,Highfield Electronics,in_transit
TV-26566,Sunrise Freight Co,delivered
TV-26567,Summit Hardware Group,created
TV-26568,Westgate Electronics Pty Ltd,in_transit
TV-26569,Coastal Freight,in_transit
TV-26570,Golden Packaging Pty Ltd,created
TV-26571,Redgum Textiles Holdings,picked_up
TV-26572,Fairwind Textiles,in_transit
TV-26573,Redgum Retail Co,created
TV-26574,Highfield Distribution Co,created
TV-26575,Kingsway Packaging Pty Ltd,created
TV-26576,Riverside Retail Co,created
TV-26577,Sunrise Apparel Pty Ltd,in_transit
TV-26578,Parkview Supplies,created
TV-26579,Lakeside Foods Holdings,created
TV-26580,Blackwood Foods,delivered
TV-26581,Lakeside Hardware,delivered
TV-26582,Ironbark Wholesale,failed
TV-26583,Silverline Textiles Pty Ltd,in_transit
TV-26584,Silverline Wholesale,picked_up
TV-26585,Summit Trading Group,picked_up
TV-26586,Golden Trading Holdings,in_transit
TV-26587,Silverline Textiles,delivered
TV-26588,Fairwind Pharma,picked_up
TV-26589,Summit Freight Group,picked_up
TV-26590,Highfield Industrial Co,delivered
TV-26591,Ironbark Packaging Pty Ltd,delivered
TV-26592,Northern Trading,created
TV-26593,Redgum Trading,in_transit
TV-26594,Redgum Wholesale,in_transit
TV-26595,Lakeside Apparel,created
TV-26596,Northern Motors Pty Ltd,in_transit
TV-26597,Fairwind Distribution,created
TV-26598,Kingsway Motors,in_transit
TV-26599,Ironbark Motors Co,delivered
TV-26600,Golden Hardware Co,delivered
TV-26601,Coastal Chemicals Holdings,delivered
TV-26602,Silverline Wholesale Holdings,picked_up
TV-26603,Summit Grocers Co,delivered
TV-26604,Coastal Foods,in_transit
TV-26605,Sunrise Electronics Holdings,in_transit
TV-26606,Golden Components Co,delivered
TV-26607,Silverline Logistics,delivered
TV-26608,Fairwind Distribution,in_transit
TV-26609,Northern Pharma Group,in_transit
TV-26610,Parkview Trading Holdings,in_transit
TV-26611,Summit Hardware,delivered
TV-26612,Fairwind Wholesale,in_transit
TV-26613,Lakeside Beverages,failed
TV-26614,Stonebridge Retail Co,in_transit
TV-26615,Stonebridge Distribution,picked_up
TV-26616,Fairwind Grocers,delivered
TV-26617,Parkview Supplies,delivered
TV-26618,Baywater Chemicals Pty Ltd,created
TV-26619,Eastlink Hardware,in_transit
TV-26620,Fairwind Motors,created
TV-26621,Kingsway Foods,delivered
TV-26622,Baywater Foods,delivered
TV-26623,Golden Grocers Pty Ltd,created
TV-26624,Redgum Apparel,created
TV-26625,Fairwind Packaging,delivered
TV-26626,Eastlink Textiles Pty Ltd,in_transit
TV-26627,Redgum Hardware,delivered
TV-26628,Lakeside Supplies,in_transit
TV-26629,Fairwind Industrial,delivered
TV-26630,Blackwood Freight Pty Ltd,delivered
TV-26631,Baywater Pharma,in_transit
TV-26632,Silverline Beverages,delivered
TV-26633,Coastal Logistics,in_transit
TV-26634,Lakeside Motors Pty Ltd,in_transit
TV-26635,Highfield Logistics Co,picked_up
TV-26636,Northern Logistics,in_transit
TV-26637,Westgate Motors,delivered
TV-26638,Blackwood Trading Group,picked_up
TV-26639,Silverline Packaging Group,created
TV-26640,Lakeside Retail Holdings,created
TV-26641,Summit Textiles,in_transit
TV-26642,Parkview Electronics Group,created
TV-26643,Parkview Chemicals Group,in_transit
TV-26644,Riverside Apparel,delivered
TV-26645,Harbour Pharma,delivered
TV-26646,Kingsway Industrial Group,in_transit
TV-26647,Golden Trading,created
TV-26648,Eastlink Distribution,created
TV-26649,Baywater Industrial Group,delivered
TV-26650,Golden Chemicals,delivered
TV-26651,Parkview Beverages Co,created
TV-26652,Sunrise Wholesale,created
TV-26653,Baywater Electronics,delivered
TV-26654,Redgum Hardware,in_transit
TV-26655,Kingsway Retail Co,created
TV-26656,Parkview Supplies,picked_up
TV-26657,Redgum Hardware Co,in_transit
TV-26658,Parkview Foods,created
TV-26659,Baywater Pharma,created
TV-26660,Redgum Packaging,in_transit
TV-26661,Stonebridge Motors Pty Ltd,in_transit
TV-26662,Westgate Industrial,in_transit
TV-26663,Lakeside Chemicals,delivered
TV-26664,Silverline Beverages Holdings,delivered
TV-26665,Ironbark Industrial,created
TV-26666,Lakeside Packaging,delivered
TV-26667,Westgate Freight,in_transit
TV-26668,Stonebridge Supplies,delivered
TV-26669,Golden Logistics,created
TV-26670,Summit Pharma,delivered
TV-26671,Redgum Packaging,delivered
TV-26672,Parkview Motors,in_transit
TV-26673,Golden Textiles Co,delivered
TV-26674,Kingsway Retail,delivered
TV-26675,Harbour Logistics,picked_up
TV-26676,Blackwood Retail Co,delivered
TV-26677,Westgate Hardware,in_transit
TV-26678,Westgate Wholesale Holdings,delivered
TV-26679,Sunrise Beverages Co,failed
TV-26680,Summit Supplies,created
TV-26681,Stonebridge Supplies Co,created
TV-26682,Northern Beverages,picked_up
TV-26683,Baywater Hardware Group,in_transit
TV-26684,Parkview Packaging Holdings,delivered
TV-26685,Harbour Apparel Co,in_transit
TV-26686,Fairwind Distribution,in_transit
TV-26687,Parkview Motors Group,created
TV-26688,Silverline Packaging Group,delivered
TV-26689,Ironbark Electronics Co,created
TV-26690,Parkview Packaging Pty Ltd,picked_up
TV-26691,Golden Wholesale,created
TV-26692,Kingsway Textiles Pty Ltd,created
TV-26693,Sunrise Supplies Pty Ltd,delivered
TV-26694,Northern Textiles Holdings,picked_up
TV-26695,Baywater Packaging,created
TV-26696,Westgate Motors,delivered
TV-26697,Harbour Retail Holdings,in_transit
TV-26698,Kingsway Distribution,picked_up
TV-26699,Fairwind Foods,in_transit
TV-26700,Redgum Retail Co,created
TV-26701,Lakeside Chemicals,created
TV-26702,Harbour Industrial,picked_up
TV-26703,Eastlink Electronics,failed
TV-26704,Lakeside Motors,delivered
TV-26705,Highfield Textiles Group,delivered
TV-26706,Redgum Retail Holdings,picked_up
TV-26707,Summit Chemicals,created
TV-26708,Silverline Wholesale,delivered
TV-26709,Coastal Textiles Holdings,delivered
TV-26710,Lakeside Grocers Group,delivered
TV-26711,Summit Logistics Holdings,in_transit
TV-26712,Ironbark Packaging,picked_up
TV-26713,Ironbark Pharma,delivered
TV-26714,Westgate Logistics,in_transit
TV-26715,Eastlink Beverages Holdings,delivered
TV-26716,Ironbark Apparel Pty Ltd,in_transit
TV-26717,Northern Chemicals,picked_up
TV-26718,Golden Distribution Co,picked_up
TV-26719,Silverline Retail Co,picked_up
TV-26720,Ironbark Freight,in_transit
TV-26721,Harbour Beverages Holdings,delivered
TV-26722,Parkview Industrial,created
TV-26723,Golden Grocers,created
TV-26724,Stonebridge Logistics Holdings,in_transit
TV-26725,Sunrise Grocers Holdings,delivered
TV-26726,Fairwind Foods,in_transit
TV-26727,Silverline Freight,picked_up
TV-26728,Kingsway Distribution Group,delivered
TV-26729,Fairwind Supplies Pty Ltd,picked_up
TV-26730,Blackwood Trading Holdings,created
TV-26731,Silverline Supplies Co,delivered
TV-26732,Summit Apparel,created
TV-26733,Silverline Trading Pty Ltd,in_transit
TV-26734,Lakeside Distribution,picked_up
TV-26735,Riverside Beverages Pty Ltd,failed
TV-26736,Harbour Industrial,delivered
TV-26737,Eastlink Logistics,delivered
TV-26738,Summit Textiles Group,delivered
TV-26739,Kingsway Distribution,created
TV-26740,Harbour Apparel Co,in_transit
TV-26741,Ironbark Trading Pty Ltd,created
TV-26742,Coastal Motors,created
TV-26743,Silverline Freight Pty Ltd,delivered
TV-26744,Blackwood Textiles,in_transit
TV-26745,Kingsway Distribution,delivered
TV-26746,Baywater Pharma Holdings,in_transit
TV-26747,Summit Motors Pty Ltd,delivered
TV-26748,Coastal Logistics,in_transit
TV-26749,Sunrise Chemicals Co,in_transit
TV-26750,Harbour Electronics Co,in_transit
TV-26751,Silverline Motors Co,created
TV-26752,Redgum Retail Pty Ltd,delivered
TV-26753,Ironbark Trading Co,created
TV-26754,Fairwind Hardware Group,in_transit
TV-26755,Summit Retail,in_transit
TV-26756,Harbour Textiles,created
TV-26757,Highfield Textiles,picked_up
TV-26758,Redgum Industrial,in_transit
TV-26759,Redgum Textiles,in_transit
TV-26760,Fairwind Logistics Group,in_transit
TV-26761,Westgate Trading,created
TV-26762,Harbour Textiles Group,delivered
TV-26763,Ironbark Supplies Holdings,in_transit
TV-26764,Riverside Foods,in_transit
TV-26765,Fairwind Logistics,delivered
TV-26766,Northern Grocers,created
TV-26767,Riverside Textiles Holdings,created
TV-26768,Northern Electronics Co,in_transit
TV-26769,Redgum Packaging,in_transit
TV-26770,Sunrise Supplies,in_transit
TV-26771,Coastal Textiles,delivered
TV-26772,Sunrise Beverages,delivered
TV-26773,Fairwind Grocers,created
TV-26774,Baywater Logistics Group,created
TV-26775,Harbour Chemicals,delivered
TV-26776,Lakeside Foods,in_transit
TV-26777,Golden Beverages,in_transit
TV-26778,Riverside Distribution,delivered
TV-26779,Sunrise Logistics,in_transit
TV-26780,Parkview Pharma,created
TV-26781,Lakeside Grocers Group,delivered
TV-26782,Golden Industrial Group,in_transit
TV-26783,Lakeside Grocers,created
TV-26784,Silverline Textiles,created
TV-26785,Coastal Trading Co,delivered
TV-26786,Kingsway Freight Group,delivered
TV-26787,Fairwind Chemicals,in_transit
TV-26788,Parkview Grocers,created
TV-26789,Fairwind Electronics Group,created
TV-26790,Parkview Wholesale,delivered
TV-26791,Silverline Pharma Group,picked_up
TV-26792,Highfield Supplies Co,picked_up
TV-26793,Northern Grocers,delivered
TV-26794,Kingsway Electronics Pty Ltd,delivered
TV-26795,Northern Distribution Co,picked_up
TV-26796,Eastlink Motors,picked_up
TV-26797,Golden Distribution,created
TV-26798,Silverline Packaging,delivered
TV-26799,Summit Hardware,created
TV-26800,Harbour Beverages Group,delivered
TV-26801,Northern Logistics,picked_up
TV-26802,Riverside Wholesale,delivered
TV-26803,Northern Foods,created
TV-26804,Lakeside Distribution,failed
TV-26805,Highfield Electronics,delivered
TV-26806,Lakeside Trading,delivered
TV-26807,Westgate Distribution Holdings,created
TV-26808,Harbour Logistics,picked_up
TV-26809,Baywater Retail,delivered
TV-26810,Baywater Grocers,in_transit
TV-26811,Blackwood Pharma,picked_up
TV-26812,Ironbark Hardware Co,in_transit
TV-26813,Parkview Beverages Co,in_transit
TV-26814,Harbour Packaging Holdings,in_transit
TV-26815,Sunrise Retail,created
TV-26816,Baywater Components,picked_up
TV-26817,Highfield Electronics Group,delivered
TV-26818,Ironbark Motors,in_transit
TV-26819,Coastal Chemicals Holdings,delivered
TV-26820,Redgum Foods Holdings,created
TV-26821,Parkview Packaging Pty Ltd,created
TV-26822,Riverside Motors,failed
TV-26823,Summit Textiles Group,delivered
TV-26824,Westgate Apparel,delivered
TV-26825,Westgate Pharma Pty Ltd,picked_up
TV-26826,Silverline Electronics,created
TV-26827,Northern Electronics Group,delivered
TV-26828,Baywater Chemicals,delivered
TV-26829,Harbour Supplies Pty Ltd,delivered
TV-26830,Baywater Retail,in_transit
TV-26831,Ironbark Retail,in_transit
TV-26832,Riverside Components,picked_up
TV-26833,Golden Grocers Co,created
TV-26834,Baywater Electronics Holdings,in_transit
TV-26835,Ironbark Pharma Holdings,picked_up
TV-26836,Silverline Trading Co,in_transit
TV-26837,Silverline Wholesale,in_transit
TV-26838,Summit Components Pty Ltd,delivered
TV-26839,Redgum Foods,picked_up
TV-26840,Fairwind Distribution Pty Ltd,delivered
TV-26841,Blackwood Trading,in_transit
TV-26842,Eastlink Retail,delivered
TV-26843,Riverside Freight,in_transit
TV-26844,Sunrise Hardware,created
TV-26845,Summit Supplies Group,in_transit
TV-26846,Fairwind Distribution Group,created
TV-26847,Silverline Wholesale Group,in_transit
TV-26848,Lakeside Packaging,created
TV-26849,Riverside Apparel Co,in_transit
TV-26850,Lakeside Components Co,created
TV-26851,Summit Motors Group,delivered
TV-26852,Northern Freight Co,created
TV-26853,Baywater Supplies,in_transit
TV-26854,Summit Apparel,created
TV-26855,Silverline Textiles Holdings,created
TV-26856,Eastlink Chemicals,created
TV-26857,Westgate Retail Co,created
TV-26858,Riverside Apparel Holdings,delivered
TV-26859,Parkview Freight Pty Ltd,in_transit
TV-26860,Stonebridge Trading,created
TV-26861,Golden Components Group,created
TV-26862,Ironbark Logistics,delivered
TV-26863,Summit Apparel,created
TV-26864,Silverline Trading Pty Ltd,delivered
TV-26865,Riverside Electronics Co,created
TV-26866,Coastal Wholesale Co,delivered
TV-26867,Harbour Freight,picked_up
TV-26868,Kingsway Freight Pty Ltd,picked_up
TV-26869,Stonebridge Components,in_transit
TV-26870,Riverside Foods Holdings,created
TV-26871,Westgate Distribution Group,in_transit
TV-26872,Stonebridge Textiles,created
TV-26873,Stonebridge Hardware,delivered
TV-26874,Northern Chemicals Group,failed
TV-26875,Northern Logistics Pty Ltd,delivered
TV-26876,Highfield Textiles Co,picked_up
TV-26877,Golden Electronics Pty Ltd,created
TV-26878,Harbour Freight Group,delivered
TV-26879,Kingsway Distribution,delivered
TV-26880,Ironbark Motors Co,in_transit
TV-26881,Parkview Electronics Holdings,picked_up
TV-26882,Highfield Grocers Group,created
TV-26883,Ironbark Logistics,in_transit
TV-26884,Summit Electronics Holdings,created
TV-26885,Silverline Retail Co,delivered
TV-26886,Lakeside Components Pty Ltd,in_transit
TV-26887,Ironbark Components,picked_up
TV-26888,Highfield Components Co,created
TV-26889,Stonebridge Distribution,in_transit
TV-26890,Baywater Motors Holdings,created
TV-26891,Kingsway Apparel,created
TV-26892,Sunrise Freight,in_transit
TV-26893,Riverside Electronics Pty Ltd,picked_up
TV-26894,Silverline Foods,in_transit
TV-26895,Eastlink Distribution,created
TV-26896,Silverline Grocers Pty Ltd,in_transit
TV-26897,Westgate Hardware,picked_up
TV-26898,Baywater Beverages,picked_up
TV-26899,Golden Supplies,picked_up
TV-26900,Fairwind Motors,in_transit
TV-26901,Golden Foods,in_transit
TV-26902,Northern Pharma Holdings,delivered
TV-26903,Summit Hardware,created
TV-26904,Fairwind Pharma,picked_up
TV-26905,Lakeside Logistics Group,delivered
TV-26906,Eastlink Freight,delivered
TV-26907,Riverside Beverages,failed
TV-26908,Ironbark Foods Pty Ltd,in_transit
TV-26909,Fairwind Apparel,in_transit
TV-26910,Fairwind Pharma,created
TV-26911,Highfield Electronics,created
TV-26912,Eastlink Wholesale,delivered
TV-26913,Fairwind Textiles,in_transit
TV-26914,Summit Beverages Holdings,created
TV-26915,Riverside Beverages Pty Ltd,picked_up
TV-26916,Lakeside Electronics Pty Ltd,delivered
TV-26917,Highfield Apparel Holdings,in_transit
TV-26918,Fairwind Foods,failed
TV-26919,Eastlink Wholesale Group,picked_up
TV-26920,Coastal Grocers,delivered
TV-26921,Riverside Foods,in_transit
TV-26922,Summit Components Holdings,created
TV-26923,Blackwood Chemicals,delivered
TV-26924,Westgate Freight,delivered
TV-26925,Westgate Motors Holdings,picked_up
TV-26926,Eastlink Hardware,failed
TV-26927,Westgate Packaging Pty Ltd,in_transit
TV-26928,Northern Hardware,delivered
TV-26929,Golden Retail Pty Ltd,created
TV-26930,Highfield Motors,delivered
TV-26931,Kingsway Logistics,in_transit
TV-26932,Highfield Packaging,failed
TV-26933,Golden Trading,in_transit
TV-26934,Redgum Supplies,picked_up
TV-26935,Highfield Chemicals Holdings,delivered
TV-26936,Stonebridge Apparel Group,delivered
TV-26937,Eastlink Electronics,in_transit
TV-26938,Kingsway Distribution,picked_up
TV-26939,Summit Textiles Pty Ltd,in_transit
TV-26940,Westgate Motors,in_transit
TV-26941,Blackwood Retail Co,delivered
TV-26942,Highfield Foods,in_transit
TV-26943,Parkview Trading,picked_up
TV-26944,Golden Hardware,in_transit
TV-26945,Summit Freight Pty Ltd,in_transit
TV-26946,Parkview Electronics,in_transit
TV-26947,Silverline Beverages,created
TV-26948,Baywater Supplies,in_transit
TV-26949,Redgum Chemicals Holdings,in_transit
TV-26950,Riverside Industrial,in_transit
TV-26951,Westgate Hardware Holdings,in_transit
TV-26952,Highfield Retail,picked_up
TV-26953,Northern Industrial,delivered
TV-26954,Fairwind Industrial Group,in_transit
TV-26955,Stonebridge Wholesale Holdings,delivered
TV-26956,Redgum Apparel Group,created
TV-26957,Lakeside Distribution Co,in_transit
TV-26958,Silverline Grocers Co,delivered
TV-26959,Northern Motors,delivered
TV-26960,Silverline Components,delivered
TV-26961,Parkview Motors Holdings,created
TV-26962,Summit Wholesale,picked_up
TV-26963,Silverline Apparel,delivered
TV-26964,Fairwind Supplies Pty Ltd,delivered
TV-26965,Summit Foods,created
TV-26966,Stonebridge Supplies,created
TV-26967,Parkview Trading,created
TV-26968,Westgate Textiles Holdings,picked_up
TV-26969,Redgum Supplies Pty Ltd,created
TV-26970,Summit Industrial,in_transit
TV-26971,Harbour Beverages Co,in_transit
TV-26972,Northern Hardware,in_transit
TV-26973,Eastlink Apparel,created
TV-26974,Highfield Supplies Co,delivered
TV-26975,Eastlink Wholesale,in_transit
TV-26976,Kingsway Industrial Pty Ltd,in_transit
TV-26977,Harbour Beverages Holdings,failed
TV-26978,Redgum Textiles Pty Ltd,created
TV-26979,Blackwood Packaging,delivered
TV-26980,Fairwind Trading Pty Ltd,created
TV-26981,Golden Textiles Pty Ltd,created
TV-26982,Blackwood Chemicals,picked_up
TV-26983,Parkview Electronics Holdings,in_transit
TV-26984,Harbour Industrial,delivered
TV-26985,Summit Motors,in_transit
TV-26986,Coastal Logistics,failed
TV-26987,Silverline Supplies,picked_up
TV-26988,Ironbark Apparel Pty Ltd,delivered
TV-26989,Sunrise Electronics,in_transit
TV-26990,Riverside Packaging,delivered
TV-26991,Northern Chemicals Group,created
TV-26992,Sunrise Foods,delivered
TV-26993,Westgate Wholesale Pty Ltd,failed
TV-26994,Eastlink Hardware,delivered
TV-26995,Parkview Industrial Pty Ltd,delivered
TV-26996,Baywater Supplies,in_transit
TV-26997,Eastlink Supplies,picked_up
TV-26998,Silverline Pharma,picked_up
TV-26999,Riverside Foods Pty Ltd,picked_up
TV-27000,Coastal Apparel,in_transit
TV-27001,Sunrise Electronics,in_transit
TV-27002,Golden Distribution Holdings,created
TV-27003,Northern Pharma,in_transit
TV-27004,Sunrise Components,delivered
TV-27005,Parkview Industrial,picked_up
TV-27006,Parkview Apparel Pty Ltd,picked_up
TV-27007,Blackwood Textiles Holdings,in_transit
TV-27008,Northern Foods Holdings,created
TV-27009,Silverline Trading Pty Ltd,delivered
TV-27010,Ironbark Electronics,created
TV-27011,Westgate Freight Holdings,in_transit
TV-27012,Sunrise Distribution Co,picked_up
TV-27013,Lakeside Supplies,in_transit
TV-27014,Parkview Distribution,delivered
TV-27015,Silverline Wholesale,created
TV-27016,Summit Beverages Holdings,delivered
TV-27017,Redgum Hardware,delivered
TV-27018,Ironbark Motors,picked_up
TV-27019,Summit Chemicals,delivered
TV-27020,Riverside Foods,failed
TV-27021,Summit Wholesale Pty Ltd,delivered
TV-27022,Ironbark Textiles,picked_up
TV-27023,Eastlink Retail,in_transit
TV-27024,Harbour Distribution,in_transit
TV-27025,Highfield Wholesale,delivered
TV-27026,Golden Supplies,delivered
TV-27027,Stonebridge Supplies,created
TV-27028,Eastlink Packaging,in_transit
TV-27029,Northern Retail,created
TV-27030,Silverline Distribution Co,created
TV-27031,Sunrise Freight Group,picked_up
TV-27032,Harbour Grocers Pty Ltd,delivered
TV-27033,Fairwind Textiles Co,created
TV-27034,Baywater Grocers Holdings,created
TV-27035,Summit Motors Co,failed
TV-27036,Sunrise Chemicals,failed
TV-27037,Redgum Wholesale,in_transit
TV-27038,Coastal Retail,created
TV-27039,Parkview Supplies Co,failed
TV-27040,Highfield Chemicals Co,in_transit
TV-27041,Kingsway Logistics,created
TV-27042,Stonebridge Wholesale Co,delivered
TV-27043,Eastlink Wholesale Co,delivered
TV-27044,Westgate Motors,delivered
TV-27045,Lakeside Distribution,in_transit
TV-27046,Highfield Logistics Group,in_transit
TV-27047,Riverside Retail Holdings,in_transit
TV-27048,Westgate Logistics,created
TV-27049,Silverline Trading,created
TV-27050,Silverline Packaging Group,delivered
TV-27051,Golden Apparel Co,in_transit
TV-27052,Ironbark Textiles,in_transit
TV-27053,Coastal Wholesale,in_transit
TV-27054,Silverline Wholesale,delivered
TV-27055,Redgum Electronics,created
TV-27056,Westgate Chemicals,delivered
TV-27057,Baywater Logistics,created
TV-27058,Ironbark Components,in_transit
TV-27059,Parkview Textiles,delivered
TV-27060,Stonebridge Industrial,delivered
TV-27061,Summit Freight Group,picked_up
TV-27062,Lakeside Industrial,delivered
TV-27063,Eastlink Foods,in_transit
TV-27064,Ironbark Beverages,created
TV-27065,Highfield Wholesale Co,created
TV-27066,Eastlink Pharma Co,created
TV-27067,Silverline Retail Pty Ltd,in_transit
TV-27068,Baywater Electronics Co,created
TV-27069,Silverline Trading,created
TV-27070,Baywater Foods,in_transit
TV-27071,Highfield Trading Holdings,delivered
TV-27072,Ironbark Distribution Pty Ltd,in_transit
TV-27073,Baywater Freight,created
TV-27074,Silverline Electronics,in_transit
TV-27075,Redgum Foods Holdings,delivered
TV-27076,Ironbark Pharma,created
TV-27077,Lakeside Components Group,picked_up
TV-27078,Westgate Apparel,delivered
TV-27079,Redgum Components,created
TV-27080,Redgum Beverages Co,delivered
TV-27081,Harbour Electronics Group,picked_up
TV-27082,Harbour Retail Pty Ltd,delivered
TV-27083,Lakeside Grocers Pty Ltd,in_transit
TV-27084,Stonebridge Pharma,delivered
TV-27085,Harbour Components Group,delivered
TV-27086,Northern Industrial Holdings,created
TV-27087,Harbour Pharma Group,created
TV-27088,Sunrise Wholesale Group,in_transit
TV-27089,Northern Components Holdings,failed
TV-27090,Westgate Foods Holdings,created
TV-27091,Coastal Apparel Co,in_transit
TV-27092,Lakeside Freight Holdings,failed
TV-27093,Fairwind Electronics Co,in_transit
TV-27094,Parkview Logistics Co,in_transit
TV-27095,Blackwood Textiles Pty Ltd,delivered
TV-27096,Northern Foods Pty Ltd,in_transit
TV-27097,Lakeside Chemicals Holdings,picked_up
TV-27098,Eastlink Motors,in_transit
TV-27099,Coastal Freight,in_transit
TV-27100,Silverline Distribution Holdings,in_transit
TV-27101,Harbour Retail,delivered
TV-27102,Parkview Packaging Pty Ltd,created
TV-27103,Summit Industrial Co,in_transit
TV-27104,Westgate Retail Group,created
TV-27105,Summit Apparel,failed
TV-27106,Stonebridge Wholesale Co,created
TV-27107,Ironbark Electronics Pty Ltd,failed
TV-27108,Westgate Pharma Pty Ltd,created
TV-27109,Lakeside Logistics,delivered
TV-27110,Summit Foods Co,created
TV-27111,Sunrise Logistics,delivered
TV-27112,Kingsway Beverages Holdings,delivered
TV-27113,Kingsway Chemicals Pty Ltd,in_transit
TV-27114,Eastlink Packaging Holdings,delivered
TV-27115,Riverside Industrial Pty Ltd,created
TV-27116,Summit Industrial,created
TV-27117,Golden Grocers,in_transit
TV-27118,Summit Supplies,delivered
TV-27119,Summit Trading,in_transit
TV-27120,Golden Packaging,created
TV-27121,Summit Beverages,delivered
TV-27122,Silverline Textiles,delivered
TV-27123,Riverside Motors,created
TV-27124,Riverside Supplies Co,in_transit
TV-27125,Lakeside Industrial Co,created
TV-27126,Coastal Industrial Pty Ltd,in_transit
TV-27127,Ironbark Distribution Group,created
TV-27128,Riverside Pharma,delivered
TV-27129,Parkview Chemicals,picked_up
TV-27130,Baywater Hardware Co,created
TV-27131,Eastlink Motors,in_transit
TV-27132,Coastal Apparel,created
TV-27133,Coastal Chemicals Group,failed
TV-27134,Ironbark Freight,created
TV-27135,Harbour Hardware Co,delivered
TV-27136,Highfield Hardware Group,created
TV-27137,Coastal Pharma,delivered
TV-27138,Parkview Foods Pty Ltd,picked_up
TV-27139,Ironbark Electronics Pty Ltd,picked_up
TV-27140,Riverside Grocers,in_transit
TV-27141,Golden Pharma Holdings,delivered
TV-27142,Redgum Packaging Holdings,created
TV-27143,Harbour Pharma Holdings,created
TV-27144,Silverline Retail Co,in_transit
TV-27145,Westgate Electronics,in_transit
TV-27146,Harbour Grocers Pty Ltd,picked_up
TV-27147,Silverline Chemicals,created
TV-27148,Northern Industrial Pty Ltd,picked_up
TV-27149,Riverside Foods,picked_up
TV-27150,Sunrise Retail,in_transit
TV-27151,Ironbark Hardware Holdings,in_transit
TV-27152,Stonebridge Hardware,in_transit
TV-27153,Stonebridge Beverages,in_transit
TV-27154,Kingsway Motors Group,created
TV-27155,Blackwood Freight,created
TV-27156,Sunrise Wholesale,picked_up
TV-27157,Redgum Distribution Pty Ltd,created
TV-27158,Sunrise Textiles,created
TV-27159,Summit Packaging,delivered
TV-27160,Kingsway Apparel Holdings,delivered
TV-27161,Coastal Trading Co,delivered
TV-27162,Sunrise Distribution,in_transit
TV-27163,Golden Industrial,picked_up
TV-27164,Stonebridge Motors,in_transit
TV-27165,Eastlink Beverages,delivered
TV-27166,Kingsway Foods,delivered
TV-27167,Ironbark Logistics,created
TV-27168,Ironbark Motors Co,delivered
TV-27169,Northern Trading,in_transit
TV-27170,Kingsway Trading Pty Ltd,in_transit
TV-27171,Redgum Grocers Pty Ltd,picked_up
TV-27172,Silverline Pharma,in_transit
TV-27173,Silverline Freight,delivered
TV-27174,Kingsway Wholesale,in_transit
TV-27175,Blackwood Electronics,delivered
TV-27176,Sunrise Distribution Pty Ltd,in_transit
TV-27177,Summit Industrial,picked_up
TV-27178,Golden Logistics,delivered
TV-27179,Harbour Pharma Group,picked_up
TV-27180,Riverside Industrial,created
TV-27181,Lakeside Beverages Holdings,picked_up
TV-27182,Sunrise Supplies,in_transit
TV-27183,Kingsway Foods,in_transit
TV-27184,Fairwind Trading Co,in_transit
TV-27185,Summit Grocers Holdings,picked_up
TV-27186,Eastlink Chemicals Co,delivered
TV-27187,Kingsway Electronics,picked_up
TV-27188,Baywater Wholesale Holdings,in_transit
TV-27189,Golden Motors Co,delivered
TV-27190,Coastal Grocers,picked_up
TV-27191,Coastal Freight,created
TV-27192,Parkview Hardware Co,in_transit
TV-27193,Lakeside Wholesale Holdings,in_transit
TV-27194,Eastlink Pharma,picked_up
TV-27195,Blackwood Wholesale Co,in_transit
TV-27196,Riverside Trading Holdings,delivered
TV-27197,Stonebridge Electronics,delivered
TV-27198,Eastlink Chemicals,delivered
TV-27199,Baywater Trading Holdings,picked_up
TV-27200,Parkview Components Group,in_transit
TV-27201,Silverline Logistics,in_transit
TV-27202,Eastlink Electronics,created
TV-27203,Fairwind Motors Pty Ltd,delivered
TV-27204,Baywater Components,delivered
TV-27205,Baywater Packaging Group,created
TV-27206,Ironbark Foods,in_transit
TV-27207,Redgum Retail,delivered
TV-27208,Harbour Grocers Co,in_transit
TV-27209,Summit Hardware,delivered
TV-27210,Coastal Hardware,in_transit
TV-27211,Highfield Wholesale,delivered
TV-27212,Eastlink Wholesale,delivered
TV-27213,Golden Beverages Group,in_transit
TV-27214,Lakeside Retail,created
TV-27215,Riverside Trading,delivered
TV-27216,Westgate Retail Co,in_transit
TV-27217,Blackwood Logistics Holdings,created
TV-27218,Ironbark Foods Co,in_transit
TV-27219,Lakeside Freight,picked_up
TV-27220,Lakeside Beverages,created
TV-27221,Fairwind Grocers,delivered
TV-27222,Silverline Beverages Pty Ltd,failed
TV-27223,Lakeside Hardware,in_transit
TV-27224,Riverside Beverages Co,in_transit
TV-27225,Ironbark Chemicals Co,created
TV-27226,Kingsway Distribution Group,delivered
TV-27227,Stonebridge Wholesale,picked_up
TV-27228,Redgum Foods Co,delivered
TV-27229,Baywater Packaging,picked_up
TV-27230,Harbour Distribution Pty Ltd,in_transit
TV-27231,Riverside Pharma,picked_up
TV-27232,Sunrise Trading,in_transit
TV-27233,Summit Logistics Pty Ltd,delivered
TV-27234,Fairwind Textiles,failed
TV-27235,Parkview Industrial,in_transit
TV-27236,Baywater Foods Pty Ltd,picked_up
TV-27237,Highfield Supplies Group,failed
TV-27238,Summit Distribution Pty Ltd,created
TV-27239,Northern Industrial Co,created
TV-27240,Silverline Pharma,delivered
TV-27241,Silverline Freight Co,delivered
TV-27242,Eastlink Chemicals,created
TV-27243,Riverside Wholesale,picked_up
TV-27244,Lakeside Retail,created
TV-27245,Redgum Freight Group,in_transit
TV-27246,Eastlink Beverages Group,created
TV-27247,Ironbark Supplies,in_transit
TV-27248,Golden Packaging,delivered
TV-27249,Kingsway Textiles,in_transit
TV-27250,Parkview Electronics,in_transit
TV-27251,Redgum Chemicals Holdings,picked_up
TV-27252,Baywater Industrial,failed
TV-27253,Harbour Packaging Holdings,delivered
TV-27254,Silverline Motors,delivered
TV-27255,Harbour Apparel,failed
TV-27256,Eastlink Logistics Group,picked_up
TV-27257,Summit Apparel,in_transit
TV-27258,Baywater Packaging Co,delivered
TV-27259,Blackwood Distribution Co,in_transit
TV-27260,Blackwood Grocers,in_transit
TV-27261,Eastlink Trading,failed
TV-27262,Riverside Chemicals,failed
TV-27263,Northern Textiles,created
TV-27264,Harbour Pharma,in_transit
TV-27265,Westgate Electronics Co,delivered
TV-27266,Eastlink Motors,picked_up
TV-27267,Eastlink Packaging,in_transit
TV-27268,Lakeside Freight,delivered
TV-27269,Highfield Supplies,in_transit
TV-27270,Summit Apparel,delivered
TV-27271,Ironbark Apparel Group,created
TV-27272,Ironbark Motors Co,in_transit
TV-27273,Silverline Supplies Group,failed
TV-27274,Fairwind Freight Co,created
TV-27275,Blackwood Supplies,created
TV-27276,Highfield Industrial Co,delivered
TV-27277,Riverside Packaging,picked_up
TV-27278,Coastal Retail Holdings,in_transit
TV-27279,Baywater Apparel Pty Ltd,delivered
TV-27280,Fairwind Motors,delivered
TV-27281,Riverside Motors Holdings,failed
TV-27282,Summit Retail,in_transit
TV-27283,Parkview Distribution,delivered
TV-27284,Silverline Grocers Group,delivered
TV-27285,Parkview Chemicals,in_transit
TV-27286,Ironbark Logistics,delivered
TV-27287,Coastal Supplies Holdings,picked_up
TV-27288,Blackwood Supplies,in_transit
TV-27289,Summit Beverages,picked_up
TV-27290,Stonebridge Textiles,picked_up
TV-27291,Harbour Textiles Pty Ltd,created
TV-27292,Highfield Components Holdings,in_transit
TV-27293,Baywater Distribution Pty Ltd,delivered
TV-27294,Blackwood Chemicals,in_transit
TV-27295,Eastlink Freight,created
TV-27296,Summit Retail,delivered
TV-27297,Fairwind Hardware Group,delivered
TV-27298,Coastal Supplies,delivered
TV-27299,Golden Foods,in_transit
TV-27300,Kingsway Components,delivered
TV-27301,Redgum Electronics Pty Ltd,created
TV-27302,Ironbark Electronics,picked_up
TV-27303,Harbour Distribution,created
TV-27304,Summit Retail,in_transit
TV-27305,Eastlink Packaging Pty Ltd,in_transit
TV-27306,Blackwood Wholesale,picked_up
TV-27307,Eastlink Logistics Group,delivered
TV-27308,Fairwind Industrial,created
TV-27309,Harbour Beverages,picked_up
TV-27310,Parkview Industrial,created
TV-27311,Silverline Packaging Group,failed
TV-27312,Parkview Industrial,delivered
TV-27313,Westgate Retail,created
TV-27314,Westgate Grocers Co,in_transit
TV-27315,Riverside Trading Holdings,failed
TV-27316,Kingsway Supplies,in_transit
TV-27317,Summit Foods Holdings,delivered
TV-27318,Sunrise Logistics,delivered
TV-27319,Westgate Chemicals,delivered
TV-27320,Westgate Chemicals Pty Ltd,picked_up
TV-27321,Fairwind Grocers,delivered
TV-27322,Northern Chemicals Group,in_transit
TV-27323,Lakeside Electronics Holdings,failed
TV-27324,Highfield Textiles,delivered
TV-27325,Redgum Trading,created
TV-27326,Lakeside Apparel,created
TV-27327,Lakeside Motors Holdings,delivered
TV-27328,Kingsway Industrial Group,created
TV-27329,Northern Wholesale Group,in_transit
TV-27330,Riverside Motors,failed
TV-27331,Lakeside Freight,in_transit
TV-27332,Silverline Hardware,delivered
TV-27333,Blackwood Motors,picked_up
TV-27334,Ironbark Logistics,delivered
TV-27335,Parkview Logistics Group,in_transit
TV-27336,Highfield Electronics,picked_up
TV-27337,Kingsway Logistics,in_transit
TV-27338,Baywater Wholesale,in_transit
TV-27339,Harbour Industrial,in_transit
TV-27340,Golden Motors Pty Ltd,in_transit
TV-27341,Riverside Trading,in_transit
TV-27342,Coastal Motors Group,created
TV-27343,Fairwind Trading,delivered
TV-27344,Coastal Freight Group,failed
TV-27345,Westgate Beverages Co,in_transit
TV-27346,Lakeside Grocers,in_transit
TV-27347,Highfield Motors Group,in_transit
TV-27348,Baywater Freight Pty Ltd,created
TV-27349,Kingsway Grocers Co,failed
TV-27350,Eastlink Beverages Co,in_transit
TV-27351,Stonebridge Grocers Holdings,in_transit
TV-27352,Parkview Chemicals,in_transit
TV-27353,Stonebridge Trading,picked_up
TV-27354,Sunrise Hardware,delivered
TV-27355,Blackwood Pharma Holdings,created
TV-27356,Lakeside Pharma,created
TV-27357,Harbour Logistics Holdings,picked_up
TV-27358,Sunrise Grocers,delivered
TV-27359,Kingsway Grocers,picked_up
TV-27360,Lakeside Foods,in_transit
TV-27361,Highfield Trading,in_transit
TV-27362,Golden Components,in_transit
TV-27363,Silverline Foods,delivered
TV-27364,Lakeside Freight Holdings,delivered
TV-27365,Blackwood Logistics,in_transit
TV-27366,Fairwind Industrial Co,created
TV-27367,Silverline Packaging Pty Ltd,created
TV-27368,Coastal Hardware Pty Ltd,in_transit
TV-27369,Ironbark Chemicals Holdings,in_transit
TV-27370,Redgum Chemicals,delivered
TV-27371,Stonebridge Textiles,delivered
TV-27372,Kingsway Logistics,failed
TV-27373,Parkview Components,picked_up
TV-27374,Summit Packaging,delivered
TV-27375,Fairwind Freight Group,delivered
TV-27376,Highfield Distribution Co,delivered
TV-27377,Kingsway Trading,delivered
TV-27378,Highfield Distribution,delivered
TV-27379,Riverside Retail,delivered
TV-27380,Silverline Motors,delivered
TV-27381,Coastal Logistics Co,in_transit
TV-27382,Sunrise Distribution,created
TV-27383,Sunrise Industrial Co,in_transit
TV-27384,Harbour Chemicals Group,in_transit
TV-27385,Kingsway Pharma Holdings,failed
TV-27386,Blackwood Motors,delivered
TV-27387,Coastal Electronics Group,picked_up
TV-27388,Baywater Distribution Group,delivered
TV-27389,Northern Beverages,delivered
TV-27390,Coastal Packaging Pty Ltd,delivered
TV-27391,Stonebridge Wholesale Pty Ltd,created
TV-27392,Eastlink Retail Pty Ltd,failed
TV-27393,Kingsway Grocers Pty Ltd,picked_up
TV-27394,Northern Pharma,created
TV-27395,Parkview Apparel Co,created
TV-27396,Lakeside Retail Pty Ltd,in_transit
TV-27397,Baywater Motors Co,delivered
TV-27398,Sunrise Motors,picked_up
TV-27399,Highfield Grocers Holdings,picked_up
TV-27400,Lakeside Supplies,picked_up
TV-27401,Baywater Beverages Group,in_transit
TV-27402,Highfield Logistics,created
TV-27403,Riverside Packaging Holdings,in_transit
TV-27404,Harbour Foods Group,picked_up
TV-27405,Baywater Packaging,created
TV-27406,Redgum Motors Pty Ltd,delivered
TV-27407,Stonebridge Logistics,in_transit
TV-27408,Ironbark Components Holdings,created
TV-27409,Fairwind Hardware,created
TV-27410,Kingsway Textiles Pty Ltd,in_transit
TV-27411,Eastlink Textiles,picked_up
TV-27412,Parkview Logistics Holdings,delivered
TV-27413,Summit Electronics Pty Ltd,delivered
TV-27414,Kingsway Foods Holdings,delivered
TV-27415,Westgate Supplies Co,picked_up
TV-27416,Kingsway Components,picked_up
TV-27417,Baywater Foods Group,picked_up
TV-27418,Kingsway Electronics Pty Ltd,in_transit
TV-27419,Redgum Hardware Co,picked_up
TV-27420,Summit Logistics,failed
TV-27421,Eastlink Beverages,in_transit
TV-27422,Harbour Textiles,delivered
TV-27423,Riverside Industrial Pty Ltd,delivered
TV-27424,Highfield Trading,created
TV-27425,Baywater Supplies Pty Ltd,delivered
TV-27426,Kingsway Electronics Group,delivered
TV-27427,Lakeside Motors,delivered
TV-27428,Highfield Distribution,picked_up
TV-27429,Baywater Chemicals Group,delivered
TV-27430,Northern Beverages,created
TV-27431,Baywater Supplies Co,created
TV-27432,Parkview Grocers Co,picked_up
TV-27433,Westgate Hardware,delivered
TV-27434,Blackwood Distribution,in_transit
TV-27435,Kingsway Textiles,in_transit
TV-27436,Kingsway Textiles Pty Ltd,picked_up
TV-27437,Highfield Electronics Holdings,created
TV-27438,Redgum Trading,in_transit
TV-27439,Riverside Foods Co,picked_up
TV-27440,Sunrise Motors Pty Ltd,delivered
TV-27441,Lakeside Industrial,picked_up
TV-27442,Harbour Logistics,created
TV-27443,Kingsway Grocers,in_transit
TV-27444,Harbour Packaging Holdings,delivered
TV-27445,Parkview Distribution Pty Ltd,picked_up
TV-27446,Eastlink Logistics,delivered
TV-27447,Highfield Motors Group,failed
TV-27448,Summit Retail,in_transit
TV-27449,Blackwood Beverages Holdings,in_transit
TV-27450,Silverline Pharma Holdings,delivered
TV-27451,Silverline Textiles,delivered
TV-27452,Baywater Apparel Group,failed
TV-27453,Blackwood Textiles,in_transit
TV-27454,Stonebridge Pharma Holdings,delivered
TV-27455,Stonebridge Industrial Holdings,in_transit
TV-27456,Blackwood Hardware,in_transit
TV-27457,Golden Trading Holdings,delivered
TV-27458,Blackwood Hardware Group,picked_up
TV-27459,Ironbark Pharma Co,delivered
TV-27460,Blackwood Textiles Holdings,created
TV-27461,Harbour Beverages Pty Ltd,delivered
TV-27462,Blackwood Logistics Co,in_transit
TV-27463,Redgum Textiles,failed
TV-27464,Blackwood Packaging Group,failed
TV-27465,Westgate Distribution,delivered
TV-27466,Blackwood Logistics,in_transit
TV-27467,Harbour Supplies Pty Ltd,in_transit
TV-27468,Stonebridge Apparel,delivered
TV-27469,Redgum Logistics Pty Ltd,created
TV-27470,Kingsway Electronics,delivered
TV-27471,Coastal Packaging Co,picked_up
TV-27472,Coastal Textiles,delivered
TV-27473,Ironbark Distribution,picked_up
TV-27474,Eastlink Supplies Group,in_transit
TV-27475,Golden Chemicals,failed
TV-27476,Lakeside Beverages Holdings,delivered
TV-27477,Coastal Freight,created
TV-27478,Coastal Pharma,picked_up
TV-27479,Kingsway Pharma Group,in_transit
TV-27480,Coastal Distribution Holdings,in_transit
TV-27481,Sunrise Foods Holdings,in_transit
TV-27482,Highfield Chemicals Group,delivered
TV-27483,Fairwind Apparel,created
TV-27484,Golden Packaging Co,in_transit
TV-27485,Parkview Beverages,delivered
TV-27486,Kingsway Grocers,in_transit
TV-27487,Eastlink Electronics Group,picked_up
TV-27488,Baywater Packaging,in_transit
TV-27489,Harbour Wholesale Pty Ltd,delivered
TV-27490,Riverside Grocers,created
TV-27491,Eastlink Wholesale Group,failed
TV-27492,Redgum Apparel Holdings,picked_up
TV-27493,Silverline Chemicals Group,picked_up
TV-27494,Blackwood Freight,in_transit
TV-27495,Lakeside Trading Pty Ltd,in_transit
TV-27496,Coastal Textiles Pty Ltd,created
TV-27497,Redgum Electronics Holdings,created
TV-27498,Riverside Supplies,created
TV-27499,Fairwind Chemicals Holdings,delivered
TV-27500,Harbour Foods,delivered
TV-27501,Golden Beverages,in_transit
TV-27502,Lakeside Components,picked_up
TV-27503,Silverline Chemicals,picked_up
TV-27504,Highfield Logistics,delivered
TV-27505,Lakeside Apparel,failed
TV-27506,Coastal Electronics,failed
TV-27507,Stonebridge Hardware,created
TV-27508,Northern Wholesale,delivered
TV-27509,Silverline Apparel Co,picked_up
TV-27510,Golden Packaging,in_transit
TV-27511,Silverline Textiles Co,created
TV-27512,Harbour Retail Co,in_transit
TV-27513,Highfield Industrial Group,created
TV-27514,Golden Grocers,in_transit
TV-27515,Stonebridge Beverages,in_transit
TV-27516,Fairwind Motors,in_transit
TV-27517,Northern Motors Co,failed
TV-27518,Northern Supplies,delivered
TV-27519,Summit Logistics,created
TV-27520,Fairwind Distribution Co,delivered
TV-27521,Blackwood Wholesale Pty Ltd,in_transit
TV-27522,Westgate Textiles,in_transit
TV-27523,Fairwind Grocers Pty Ltd,delivered
TV-27524,Northern Apparel Holdings,in_transit
TV-27525,Golden Logistics Pty Ltd,created
TV-27526,Kingsway Foods,in_transit
TV-27527,Highfield Retail,in_transit
TV-27528,Fairwind Logistics Co,delivered
TV-27529,Blackwood Freight,failed
TV-27530,Parkview Industrial Holdings,in_transit
TV-27531,Eastlink Foods,delivered
TV-27532,Northern Distribution Holdings,in_transit
TV-27533,Sunrise Beverages Holdings,failed
TV-27534,Coastal Industrial Co,in_transit
TV-27535,Harbour Chemicals Pty Ltd,delivered
TV-27536,Westgate Distribution,created
TV-27537,Parkview Motors Holdings,in_transit
TV-27538,Redgum Retail Group,created
TV-27539,Kingsway Wholesale,created
TV-27540,Highfield Chemicals,in_transit
TV-27541,Baywater Wholesale,failed
TV-27542,Golden Textiles Pty Ltd,in_transit
TV-27543,Eastlink Components Holdings,delivered
TV-27544,Kingsway Packaging,delivered
TV-27545,Ironbark Industrial,in_transit
TV-27546,Northern Grocers,in_transit
TV-27547,Stonebridge Packaging Holdings,in_transit
TV-27548,Lakeside Electronics Group,picked_up
TV-27549,Harbour Packaging,created
TV-27550,Redgum Textiles Group,failed
TV-27551,Golden Pharma,created
TV-27552,Riverside Logistics,created
TV-27553,Westgate Chemicals Group,delivered
TV-27554,Lakeside Components Group,delivered
TV-27555,Coastal Industrial Holdings,picked_up
TV-27556,Lakeside Beverages,created
TV-27557,Eastlink Beverages Co,in_transit
TV-27558,Redgum Wholesale Co,in_transit
TV-27559,Blackwood Trading Group,in_transit
TV-27560,Northern Freight Holdings,picked_up
TV-27561,Silverline Distribution,delivered
TV-27562,Baywater Trading,in_transit
TV-27563,Highfield Components,picked_up
TV-27564,Northern Wholesale,created
TV-27565,Highfield Motors,picked_up
TV-27566,Fairwind Distribution,picked_up
TV-27567,Baywater Logistics Group,delivered
TV-27568,Redgum Industrial Group,picked_up
TV-27569,Blackwood Textiles Holdings,picked_up
TV-27570,Redgum Pharma Pty Ltd,picked_up
TV-27571,Golden Chemicals Co,in_transit
TV-27572,Riverside Textiles,in_transit
TV-27573,Silverline Foods,delivered
TV-27574,Fairwind Hardware,in_transit
TV-27575,Parkview Textiles,picked_up
TV-27576,Lakeside Distribution,delivered
TV-27577,Eastlink Retail Co,in_transit
TV-27578,Baywater Retail,in_transit
TV-27579,Stonebridge Chemicals,in_transit
TV-27580,Summit Industrial,in_transit
TV-27581,Sunrise Packaging,failed
TV-27582,Baywater Grocers,delivered
TV-27583,Fairwind Trading,delivered
TV-27584,Summit Wholesale Holdings,in_transit
TV-27585,Redgum Supplies Holdings,in_transit
TV-27586,Coastal Apparel Group,in_transit
TV-27587,Silverline Textiles Pty Ltd,picked_up
TV-27588,Summit Electronics,in_transit
TV-27589,Westgate Electronics,picked_up
TV-27590,Blackwood Beverages Holdings,delivered
TV-27591,Westgate Components,in_transit
TV-27592,Ironbark Chemicals,picked_up
TV-27593,Ironbark Logistics,in_transit
TV-27594,Lakeside Hardware Co,in_transit
TV-27595,Redgum Trading Pty Ltd,delivered
TV-27596,Westgate Packaging Co,picked_up
TV-27597,Westgate Pharma Pty Ltd,in_transit
TV-27598,Baywater Distribution Group,picked_up
TV-27599,Lakeside Foods Group,picked_up
TV-27600,Riverside Hardware,delivered
TV-27601,Stonebridge Supplies,picked_up
TV-27602,Sunrise Distribution,in_transit
TV-27603,Stonebridge Beverages Co,in_transit
TV-27604,Northern Apparel,picked_up
TV-27605,Parkview Apparel Holdings,delivered
TV-27606,Parkview Hardware,in_transit
TV-27607,Northern Motors,in_transit
TV-27608,Sunrise Supplies,picked_up
TV-27609,Fairwind Apparel,created
TV-27610,Eastlink Pharma Co,in_transit
TV-27611,Kingsway Foods Holdings,delivered
TV-27612,Stonebridge Chemicals Group,in_transit
TV-27613,Silverline Components Holdings,in_transit
TV-27614,Redgum Grocers,created
TV-27615,Sunrise Hardware,in_transit
TV-27616,Parkview Components Group,picked_up
TV-27617,Redgum Foods Group,picked_up
TV-27618,Baywater Grocers Group,in_transit
TV-27619,Golden Grocers Holdings,created
TV-27620,Baywater Electronics Co,created
TV-27621,Parkview Chemicals,in_transit
TV-27622,Ironbark Distribution Co,failed
TV-27623,Westgate Freight,created
TV-27624,Harbour Trading,picked_up
TV-27625,Sunrise Apparel,in_transit
TV-27626,Harbour Supplies,created
TV-27627,Parkview Trading Holdings,picked_up
TV-27628,Golden Chemicals Co,delivered
TV-27629,Silverline Textiles,in_transit
TV-27630,Coastal Chemicals Group,picked_up
TV-27631,Sunrise Motors,created
TV-27632,Stonebridge Hardware,created
TV-27633,Golden Beverages Group,in_transit
TV-27634,Westgate Wholesale Holdings,in_transit
TV-27635,Parkview Industrial Holdings,delivered
TV-27636,Summit Retail Co,created
TV-27637,Fairwind Distribution,delivered
TV-27638,Eastlink Hardware Group,created
TV-27639,Kingsway Foods Group,created
TV-27640,Harbour Motors Group,in_transit
TV-27641,Riverside Grocers,created
TV-27642,Fairwind Packaging,created
TV-27643,Northern Logistics Pty Ltd,failed
TV-27644,Coastal Textiles Pty Ltd,delivered
TV-27645,Sunrise Wholesale,created
TV-27646,Lakeside Logistics Pty Ltd,in_transit
TV-27647,Ironbark Wholesale Pty Ltd,delivered
TV-27648,Westgate Hardware,failed
TV-27649,Coastal Hardware,in_transit
TV-27650,Stonebridge Distribution,created
TV-27651,Eastlink Retail Pty Ltd,delivered
TV-27652,Harbour Hardware Co,failed
TV-27653,Baywater Chemicals,delivered
TV-27654,Redgum Apparel,created
TV-27655,Parkview Distribution,picked_up
TV-27656,Sunrise Beverages,delivered
TV-27657,Baywater Electronics Group,created
TV-27658,Coastal Grocers Pty Ltd,in_transit
TV-27659,Kingsway Beverages Pty Ltd,delivered
TV-27660,Blackwood Foods,delivered
TV-27661,Silverline Textiles,delivered
TV-27662,Sunrise Trading,delivered
TV-27663,Parkview Freight,delivered
TV-27664,Highfield Foods,delivered
TV-27665,Westgate Beverages,delivered
TV-27666,Kingsway Retail Co,delivered
TV-27667,Sunrise Freight,delivered
TV-27668,Silverline Electronics,failed
TV-27669,Eastlink Grocers Group,picked_up
TV-27670,Lakeside Logistics Group,failed
TV-27671,Baywater Electronics,created
TV-27672,Blackwood Chemicals,in_transit
TV-27673,Harbour Logistics,delivered
TV-27674,Northern Beverages Pty Ltd,delivered
TV-27675,Harbour Wholesale,delivered
TV-27676,Parkview Freight,created
TV-27677,Kingsway Trading Co,in_transit
TV-27678,Fairwind Industrial,in_transit
TV-27679,Kingsway Pharma Co,delivered
TV-27680,Parkview Supplies,in_transit
TV-27681,Riverside Beverages Holdings,delivered
TV-27682,Golden Electronics,delivered
TV-27683,Eastlink Industrial Co,created
TV-27684,Riverside Retail Co,picked_up
TV-27685,Summit Hardware Pty Ltd,picked_up
TV-27686,Stonebridge Components Co,delivered
TV-27687,Sunrise Grocers,delivered
TV-27688,Harbour Apparel,in_transit
TV-27689,Parkview Hardware,picked_up
TV-27690,Summit Electronics,delivered
TV-27691,Redgum Grocers,created
TV-27692,Fairwind Grocers Co,picked_up
TV-27693,Golden Trading,created
TV-27694,Eastlink Foods Pty Ltd,created
TV-27695,Coastal Pharma Group,created
TV-27696,Parkview Industrial,delivered
TV-27697,Silverline Industrial Pty Ltd,created
TV-27698,Westgate Motors Group,in_transit
TV-27699,Harbour Industrial Pty Ltd,delivered
TV-27700,Fairwind Motors,in_transit
TV-27701,Westgate Electronics,created
TV-27702,Parkview Pharma,in_transit
TV-27703,Golden Freight Group,delivered
TV-27704,Eastlink Hardware Pty Ltd,in_transit
TV-27705,Baywater Apparel,in_transit
TV-27706,Silverline Foods Group,delivered
TV-27707,Eastlink Components Holdings,created
TV-27708,Westgate Trading Group,delivered
TV-27709,Silverline Beverages Pty Ltd,delivered
TV-27710,Baywater Supplies Group,delivered
TV-27711,Ironbark Electronics,delivered
TV-27712,Northern Apparel Group,failed
TV-27713,Northern Foods Co,picked_up
TV-27714,Harbour Packaging Co,created
TV-27715,Northern Components,in_transit
TV-27716,Coastal Freight,delivered
TV-27717,Blackwood Components Holdings,failed
TV-27718,Parkview Components,delivered
TV-27719,Lakeside Supplies Holdings,delivered
TV-27720,Lakeside Distribution,created
TV-27721,Sunrise Supplies,delivered
TV-27722,Northern Pharma Holdings,created
TV-27723,Fairwind Components Holdings,delivered
TV-27724,Baywater Retail Group,picked_up
TV-27725,Sunrise Electronics Group,delivered
TV-27726,Riverside Wholesale,created
TV-27727,Harbour Textiles Co,in_transit
TV-27728,Parkview Retail,delivered
TV-27729,Highfield Foods Group,delivered
TV-27730,Harbour Electronics,failed
TV-27731,Sunrise Freight Group,delivered
TV-27732,Riverside Components,picked_up
TV-27733,Westgate Components Group,in_transit
TV-27734,Silverline Retail,in_transit
TV-27735,Parkview Foods,created
TV-27736,Highfield Wholesale,in_transit
TV-27737,Eastlink Logistics,in_transit
TV-27738,Ironbark Components Holdings,created
TV-27739,Highfield Logistics Group,delivered
TV-27740,Sunrise Retail,created
TV-27741,Ironbark Beverages,delivered
TV-27742,Parkview Chemicals Holdings,failed
TV-27743,Sunrise Freight Group,created
TV-27744,Golden Freight,picked_up
TV-27745,Northern Components,delivered
TV-27746,Coastal Textiles,picked_up
TV-27747,Baywater Components Holdings,created
TV-27748,Lakeside Electronics,delivered
TV-27749,Eastlink Freight Co,created
TV-27750,Golden Pharma,in_transit
TV-27751,Blackwood Supplies Group,created
TV-27752,Parkview Retail Group,created
TV-27753,Baywater Supplies Group,picked_up
TV-27754,Sunrise Components Pty Ltd,delivered
TV-27755,Fairwind Apparel Holdings,failed
TV-27756,Parkview Packaging Co,delivered
TV-27757,Fairwind Components Co,in_transit
TV-27758,Eastlink Industrial Holdings,failed
TV-27759,Baywater Foods Holdings,delivered
TV-27760,Coastal Packaging,in_transit
TV-27761,Blackwood Freight Pty Ltd,created
TV-27762,Lakeside Textiles Holdings,created
TV-27763,Baywater Electronics,in_transit
TV-27764,Harbour Hardware Pty Ltd,created
TV-27765,Fairwind Distribution Group,picked_up
TV-27766,Fairwind Chemicals,delivered
TV-27767,Eastlink Freight Co,delivered
TV-27768,Westgate Grocers Pty Ltd,delivered
TV-27769,Golden Grocers,delivered
TV-27770,Fairwind Retail Group,created
TV-27771,Ironbark Packaging Co,delivered
TV-27772,Baywater Electronics Group,created
TV-27773,Baywater Chemicals Pty Ltd,delivered
TV-27774,Fairwind Chemicals,delivered
TV-27775,Silverline Industrial Pty Ltd,picked_up
TV-27776,Summit Textiles,in_transit
TV-27777,Stonebridge Components Pty Ltd,picked_up
TV-27778,Coastal Chemicals,failed
TV-27779,Eastlink Electronics,created
TV-27780,Sunrise Supplies,in_transit
TV-27781,Ironbark Foods,picked_up
TV-27782,Kingsway Grocers Pty Ltd,created
TV-27783,Lakeside Trading Group,in_transit
TV-27784,Fairwind Pharma Co,in_transit
TV-27785,Fairwind Packaging,delivered
TV-27786,Blackwood Supplies Holdings,picked_up
TV-27787,Lakeside Logistics Pty Ltd,delivered
TV-27788,Lakeside Hardware,delivered
TV-27789,Baywater Logistics Group,picked_up
TV-27790,Blackwood Pharma Pty Ltd,picked_up
TV-27791,Silverline Electronics,delivered
TV-27792,Riverside Motors Pty Ltd,failed
TV-27793,Eastlink Chemicals Group,picked_up
TV-27794,Riverside Freight,in_transit
TV-27795,Westgate Logistics,picked_up
TV-27796,Northern Freight,delivered
TV-27797,Highfield Distribution,delivered
TV-27798,Fairwind Logistics Holdings,delivered
TV-27799,Redgum Components Group,created
TV-27800,Sunrise Packaging,in_transit
TV-27801,Lakeside Trading,created
TV-27802,Riverside Motors Co,created
TV-27803,Redgum Logistics Co,picked_up
TV-27804,Silverline Foods Group,in_transit
TV-27805,Redgum Packaging,in_transit
TV-27806,Summit Retail,delivered
TV-27807,Summit Supplies Pty Ltd,created
TV-27808,Eastlink Freight Pty Ltd,delivered
TV-27809,Coastal Electronics,delivered
TV-27810,Golden Electronics,in_transit
TV-27811,Summit Apparel,created
TV-27812,Lakeside Freight Group,picked_up
TV-27813,Eastlink Pharma Group,in_transit
TV-27814,Westgate Grocers,created
TV-27815,Eastlink Pharma,delivered
TV-27816,Summit Wholesale Co,in_transit
TV-27817,Golden Packaging Holdings,created
TV-27818,Fairwind Apparel Group,delivered
TV-27819,Parkview Hardware Holdings,in_transit
TV-27820,Coastal Trading,delivered
TV-27821,Kingsway Packaging,created
TV-27822,Highfield Textiles Group,in_transit
TV-27823,Lakeside Packaging,created
TV-27824,Baywater Beverages,picked_up
TV-27825,Silverline Components Pty Ltd,picked_up
TV-27826,Coastal Industrial,created
TV-27827,Baywater Trading Pty Ltd,delivered
TV-27828,Northern Freight Co,picked_up
TV-27829,Blackwood Components,created
TV-27830,Redgum Grocers,picked_up
TV-27831,Westgate Trading Pty Ltd,in_transit
TV-27832,Lakeside Textiles,delivered
TV-27833,Highfield Distribution Pty Ltd,picked_up
TV-27834,Coastal Distribution,delivered
TV-27835,Blackwood Apparel,in_transit
TV-27836,Coastal Logistics Holdings,delivered
TV-27837,Riverside Textiles Co,delivered
TV-27838,Fairwind Distribution,delivered
TV-27839,Blackwood Beverages Co,in_transit
TV-27840,Parkview Retail Co,in_transit
TV-27841,Ironbark Logistics,failed
TV-27842,Golden Industrial,in_transit
TV-27843,Riverside Apparel Holdings,in_transit
TV-27844,Sunrise Packaging,delivered
TV-27845,Lakeside Industrial,picked_up
TV-27846,Baywater Wholesale Group,delivered
TV-27847,Eastlink Electronics,picked_up
TV-27848,Lakeside Electronics Pty Ltd,created
TV-27849,Highfield Wholesale,created
TV-27850,Highfield Pharma,created
TV-27851,Sunrise Logistics Group,in_transit
TV-27852,Ironbark Industrial Holdings,picked_up
TV-27853,Silverline Trading,delivered
TV-27854,Highfield Industrial Holdings,created
TV-27855,Northern Foods Co,in_transit
TV-27856,Stonebridge Components Group,picked_up
TV-27857,Lakeside Freight,in_transit
TV-27858,Summit Retail,created
TV-27859,Coastal Pharma Pty Ltd,created
TV-27860,Fairwind Electronics Co,picked_up
TV-27861,Ironbark Industrial,delivered
TV-27862,Ironbark Chemicals,created
TV-27863,Eastlink Wholesale,created
TV-27864,Silverline Logistics,failed
TV-27865,Eastlink Packaging Co,created
TV-27866,Blackwood Pharma Co,delivered
TV-27867,Northern Supplies Co,created
TV-27868,Ironbark Apparel Pty Ltd,delivered
TV-27869,Riverside Hardware,in_transit
TV-27870,Kingsway Hardware Co,created
TV-27871,Blackwood Components,delivered
TV-27872,Baywater Logistics Holdings,in_transit
TV-27873,Westgate Foods Group,in_transit
TV-27874,Riverside Freight Pty Ltd,picked_up
TV-27875,Riverside Packaging,picked_up
TV-27876,Lakeside Apparel Group,failed
TV-27877,Stonebridge Pharma Holdings,picked_up
TV-27878,Fairwind Electronics Co,created
TV-27879,Kingsway Packaging,created
TV-27880,Stonebridge Grocers Pty Ltd,delivered
TV-27881,Riverside Grocers Group,created
TV-27882,Baywater Electronics,picked_up
TV-27883,Silverline Freight Group,delivered
TV-27884,Baywater Chemicals Pty Ltd,in_transit
TV-27885,Fairwind Motors Co,in_transit
TV-27886,Riverside Supplies,in_transit
TV-27887,Coastal Industrial Group,in_transit
TV-27888,Stonebridge Motors,in_transit
TV-27889,Baywater Components,in_transit
TV-27890,Ironbark Supplies Pty Ltd,created
TV-27891,Fairwind Supplies,picked_up
TV-27892,Harbour Logistics Group,picked_up
TV-27893,Harbour Beverages,created
TV-27894,Redgum Beverages,created
TV-27895,Sunrise Components Pty Ltd,delivered
TV-27896,Harbour Distribution,delivered
TV-27897,Fairwind Foods,delivered
TV-27898,Coastal Industrial,created
TV-27899,Baywater Supplies Group,delivered
TV-27900,Summit Apparel Co,in_transit
TV-27901,Summit Logistics Pty Ltd,in_transit
TV-27902,Lakeside Wholesale Pty Ltd,created
TV-27903,Blackwood Logistics Pty Ltd,in_transit
TV-27904,Fairwind Components,delivered
TV-27905,Fairwind Electronics Pty Ltd,delivered
TV-27906,Fairwind Industrial Pty Ltd,picked_up
TV-27907,Sunrise Freight Holdings,in_transit
TV-27908,Golden Supplies Holdings,in_transit
TV-27909,Stonebridge Retail,in_transit
TV-27910,Parkview Electronics Holdings,in_transit
TV-27911,Sunrise Wholesale Holdings,in_transit
TV-27912,Baywater Foods,in_transit
TV-27913,Redgum Grocers,in_transit
TV-27914,Highfield Pharma,delivered
TV-27915,Kingsway Wholesale,delivered
TV-27916,Fairwind Logistics,in_transit
TV-27917,Eastlink Textiles Holdings,created
TV-27918,Lakeside Packaging Holdings,picked_up
TV-27919,Sunrise Supplies Holdings,created
TV-27920,Parkview Packaging,delivered
TV-27921,Stonebridge Components,in_transit
TV-27922,Baywater Apparel Group,delivered
TV-27923,Riverside Trading Group,created
TV-27924,Redgum Supplies Holdings,in_transit
TV-27925,Ironbark Motors,created
TV-27926,Coastal Packaging Group,delivered
TV-27927,Lakeside Apparel,in_transit
TV-27928,Ironbark Industrial Co,delivered
TV-27929,Ironbark Trading Holdings,in_transit
TV-27930,Blackwood Beverages Co,delivered
TV-27931,Coastal Beverages,created
TV-27932,Riverside Beverages Pty Ltd,delivered
TV-27933,Northern Foods,delivered
TV-27934,Kingsway Hardware,in_transit
TV-27935,Harbour Foods Holdings,in_transit
TV-27936,Golden Motors,in_transit
TV-27937,Redgum Apparel,picked_up
TV-27938,Sunrise Trading,delivered
TV-27939,Sunrise Textiles Pty Ltd,in_transit
TV-27940,Eastlink Hardware,delivered
TV-27941,Riverside Components,delivered
TV-27942,Riverside Pharma,in_transit
TV-27943,Summit Packaging,delivered
TV-27944,Harbour Chemicals,failed
TV-27945,Kingsway Retail,created
TV-27946,Baywater Logistics Pty Ltd,delivered
TV-27947,Westgate Beverages Pty Ltd,in_transit
TV-27948,Summit Freight Co,delivered
TV-27949,Parkview Supplies,failed
TV-27950,Parkview Chemicals,delivered
TV-27951,Riverside Trading Holdings,delivered
TV-27952,Coastal Beverages Group,delivered
TV-27953,Stonebridge Logistics,delivered
TV-27954,Baywater Chemicals Holdings,in_transit
TV-27955,Eastlink Wholesale,delivered
TV-27956,Riverside Motors,failed
TV-27957,Redgum Apparel,in_transit
TV-27958,Summit Grocers Group,in_transit
TV-27959,Baywater Motors,picked_up
TV-27960,Ironbark Components,in_transit
TV-27961,Highfield Components Co,delivered
TV-27962,Baywater Apparel,in_transit
TV-27963,Blackwood Chemicals,created
TV-27964,Kingsway Trading,created
TV-27965,Coastal Distribution Holdings,created
TV-27966,Kingsway Retail,created
TV-27967,Northern Pharma Group,delivered
TV-27968,Stonebridge Trading,failed
TV-27969,Golden Motors Group,picked_up
TV-27970,Summit Chemicals,in_transit
TV-27971,Fairwind Retail Group,created
TV-27972,Westgate Motors,failed
TV-27973,Ironbark Apparel,in_transit
TV-27974,Sunrise Foods Holdings,created
TV-27975,Golden Grocers Co,delivered
TV-27976,Westgate Textiles Holdings,delivered
TV-27977,Lakeside Pharma Pty Ltd,delivered
TV-27978,Northern Hardware,created
TV-27979,Harbour Motors Holdings,picked_up
TV-27980,Highfield Textiles Holdings,created
TV-27981,Summit Chemicals,delivered
TV-27982,Highfield Supplies,delivered
TV-27983,Northern Freight,picked_up
TV-27984,Parkview Foods,in_transit
TV-27985,Fairwind Motors,in_transit
TV-27986,Blackwood Chemicals Pty Ltd,created
TV-27987,Highfield Distribution,created
TV-27988,Coastal Textiles,delivered
TV-27989,Riverside Industrial,in_transit
TV-27990,Golden Beverages Group,in_transit
TV-27991,Highfield Logistics,delivered
TV-27992,Parkview Components,delivered
TV-27993,Highfield Electronics,in_transit
TV-27994,Sunrise Pharma,in_transit
TV-27995,Eastlink Electronics,created
TV-27996,Ironbark Components Pty Ltd,picked_up
TV-27997,Fairwind Freight,created
TV-27998,Northern Foods,in_transit
TV-27999,Stonebridge Pharma,delivered
TV-28000,Coastal Freight,created
TV-28001,Sunrise Electronics Group,created
TV-28002,Silverline Foods Co,in_transit
TV-28003,Sunrise Retail,created
TV-28004,Stonebridge Electronics,created
TV-28005,Westgate Distribution Pty Ltd,in_transit
TV-28006,Stonebridge Apparel Group,delivered
TV-28007,Westgate Grocers Group,created
TV-28008,Silverline Retail Group,created
TV-28009,Harbour Freight Holdings,delivered
TV-28010,Northern Components,delivered
TV-28011,Riverside Electronics Holdings,picked_up
TV-28012,Ironbark Trading,failed
TV-28013,Blackwood Trading,picked_up
TV-28014,Parkview Wholesale Group,picked_up
TV-28015,Eastlink Pharma,picked_up
TV-28016,Stonebridge Pharma Co,created
TV-28017,Stonebridge Electronics Co,delivered
TV-28018,Kingsway Logistics,picked_up
TV-28019,Westgate Apparel,created
TV-28020,Stonebridge Wholesale Holdings,created
TV-28021,Riverside Pharma,in_transit
TV-28022,Baywater Grocers,in_transit
TV-28023,Kingsway Foods,picked_up
TV-28024,Silverline Beverages Pty Ltd,in_transit
TV-28025,Ironbark Motors,failed
TV-28026,Fairwind Components Co,failed
TV-28027,Blackwood Freight,picked_up
TV-28028,Sunrise Pharma Group,in_transit
TV-28029,Coastal Pharma,picked_up
TV-28030,Westgate Wholesale,in_transit
TV-28031,Riverside Freight Co,picked_up
TV-28032,Lakeside Components,in_transit
TV-28033,Highfield Chemicals Pty Ltd,in_transit
TV-28034,Golden Supplies,in_transit
TV-28035,Kingsway Textiles,in_transit
TV-28036,Golden Pharma,created
TV-28037,Sunrise Wholesale,delivered
TV-28038,Eastlink Chemicals Pty Ltd,failed
TV-28039,Lakeside Components,failed
TV-28040,Fairwind Grocers,in_transit
TV-28041,Blackwood Components,delivered
TV-28042,Blackwood Distribution Co,in_transit
TV-28043,Northern Motors Group,in_transit
TV-28044,Coastal Trading Holdings,picked_up
TV-28045,Blackwood Foods,delivered
TV-28046,Eastlink Pharma,created
TV-28047,Riverside Hardware,delivered
TV-28048,Fairwind Beverages,picked_up
TV-28049,Blackwood Hardware Group,delivered
TV-28050,Ironbark Logistics Holdings,in_transit
TV-28051,Kingsway Industrial Pty Ltd,created
TV-28052,Redgum Industrial,delivered
TV-28053,Stonebridge Distribution,in_transit
TV-28054,Eastlink Apparel,failed
TV-28055,Westgate Retail,created
TV-28056,Blackwood Grocers,created
TV-28057,Eastlink Components,created
TV-28058,Riverside Components Holdings,delivered
TV-28059,Golden Pharma Holdings,delivered
TV-28060,Lakeside Beverages Pty Ltd,failed
TV-28061,Harbour Textiles Holdings,in_transit
TV-28062,Eastlink Freight Co,failed
TV-28063,Golden Chemicals,in_transit
TV-28064,Harbour Foods,failed
TV-28065,Golden Beverages,delivered
TV-28066,Parkview Retail,created
TV-28067,Parkview Freight,delivered
TV-28068,Riverside Textiles,delivered
TV-28069,Coastal Apparel,delivered
TV-28070,Riverside Pharma,picked_up
TV-28071,Baywater Hardware,delivered
TV-28072,Harbour Supplies Holdings,delivered
TV-28073,Summit Textiles Co,picked_up
TV-28074,Silverline Textiles Pty Ltd,delivered
TV-28075,Northern Apparel Pty Ltd,delivered
TV-28076,Kingsway Apparel Group,created
TV-28077,Ironbark Motors Co,failed
TV-28078,Coastal Distribution Holdings,created
TV-28079,Coastal Motors Holdings,in_transit
TV-28080,Baywater Grocers Group,failed
TV-28081,Northern Industrial Co,in_transit
TV-28082,Sunrise Hardware Group,in_transit
TV-28083,Golden Freight Co,in_transit
TV-28084,Harbour Packaging,delivered
TV-28085,Sunrise Packaging Pty Ltd,in_transit
TV-28086,Baywater Components,in_transit
TV-28087,Sunrise Beverages Group,delivered
TV-28088,Golden Beverages Group,in_transit
TV-28089,Eastlink Grocers,in_transit
TV-28090,Coastal Supplies Pty Ltd,delivered
TV-28091,Coastal Trading Group,created
TV-28092,Sunrise Pharma Group,in_transit
TV-28093,Eastlink Components Co,picked_up
TV-28094,Eastlink Logistics,in_transit
TV-28095,Sunrise Distribution Pty Ltd,delivered
TV-28096,Highfield Packaging Co,created
TV-28097,Eastlink Wholesale,in_transit
TV-28098,Silverline Beverages,delivered
TV-28099,Lakeside Grocers,in_transit
TV-28100,Harbour Beverages Pty Ltd,delivered
TV-28101,Baywater Pharma,created
TV-28102,Silverline Retail,delivered
TV-28103,Kingsway Supplies,picked_up
TV-28104,Ironbark Distribution,created
TV-28105,Golden Industrial,delivered
TV-28106,Ironbark Chemicals,in_transit
TV-28107,Redgum Motors,in_transit
TV-28108,Lakeside Chemicals,created
TV-28109,Ironbark Components Co,delivered
TV-28110,Kingsway Beverages,in_transit
TV-28111,Silverline Chemicals Group,created
TV-28112,Westgate Industrial,created
TV-28113,Highfield Foods Group,delivered
TV-28114,Westgate Distribution,picked_up
TV-28115,Coastal Apparel Pty Ltd,in_transit
TV-28116,Coastal Logistics,in_transit
TV-28117,Blackwood Apparel,created
TV-28118,Harbour Freight,delivered
TV-28119,Eastlink Industrial,delivered
TV-28120,Silverline Hardware Co,failed
TV-28121,Silverline Retail,delivered
TV-28122,Sunrise Apparel Co,created
TV-28123,Golden Industrial,delivered
TV-28124,Westgate Trading Pty Ltd,created
TV-28125,Blackwood Wholesale,delivered
TV-28126,Parkview Grocers,created
TV-28127,Sunrise Chemicals,created
TV-28128,Redgum Hardware,in_transit
TV-28129,Stonebridge Hardware,created
TV-28130,Northern Foods Co,created
TV-28131,Summit Foods Co,created
TV-28132,Riverside Pharma,delivered
TV-28133,Redgum Wholesale Pty Ltd,delivered
TV-28134,Highfield Textiles Co,delivered
TV-28135,Stonebridge Pharma,delivered
TV-28136,Ironbark Retail Holdings,in_transit
TV-28137,Riverside Logistics Co,picked_up
TV-28138,Ironbark Packaging,delivered
TV-28139,Harbour Chemicals Group,created
TV-28140,Blackwood Distribution,in_transit
TV-28141,Eastlink Electronics,picked_up
TV-28142,Fairwind Apparel,in_transit
TV-28143,Northern Beverages Pty Ltd,in_transit
TV-28144,Eastlink Trading Co,in_transit
TV-28145,Sunrise Trading,delivered
TV-28146,Summit Textiles Co,in_transit
TV-28147,Ironbark Textiles Group,picked_up
TV-28148,Fairwind Logistics Co,delivered
TV-28149,Stonebridge Wholesale,picked_up
TV-28150,Northern Distribution Group,created
TV-28151,Highfield Distribution,delivered
TV-28152,Highfield Chemicals Group,created
TV-28153,Eastlink Retail,created
TV-28154,Lakeside Freight Group,in_transit
TV-28155,Blackwood Industrial,created
TV-28156,Riverside Foods,created
TV-28157,Silverline Electronics Co,delivered
TV-28158,Westgate Pharma Co,in_transit
TV-28159,Coastal Grocers Pty Ltd,picked_up
TV-28160,Fairwind Retail Co,created
TV-28161,Summit Chemicals,in_transit
TV-28162,Highfield Supplies Co,picked_up
TV-28163,Lakeside Foods,created
TV-28164,Lakeside Chemicals Co,created
TV-28165,Highfield Retail,delivered
TV-28166,Coastal Freight Pty Ltd,created
TV-28167,Harbour Industrial,in_transit
TV-28168,Fairwind Apparel,in_transit
TV-28169,Harbour Textiles Pty Ltd,in_transit
TV-28170,Sunrise Grocers,in_transit
TV-28171,Westgate Components,created
TV-28172,Stonebridge Apparel Group,in_transit
TV-28173,Parkview Wholesale,in_transit
TV-28174,Coastal Electronics,in_transit
TV-28175,Golden Textiles Pty Ltd,failed
TV-28176,Blackwood Logistics,created
TV-28177,Harbour Industrial,delivered
TV-28178,Redgum Freight,in_transit
TV-28179,Baywater Foods Holdings,in_transit
TV-28180,Highfield Retail Holdings,in_transit
TV-28181,Stonebridge Logistics Group,delivered
TV-28182,Redgum Industrial Group,in_transit
TV-28183,Sunrise Textiles Co,created
TV-28184,Stonebridge Logistics,delivered
TV-28185,Highfield Supplies,delivered
TV-28186,Eastlink Pharma Co,created
TV-28187,Parkview Wholesale Group,in_transit
TV-28188,Fairwind Retail Pty Ltd,created
TV-28189,Blackwood Trading Holdings,created
TV-28190,Westgate Electronics,in_transit
TV-28191,Eastlink Industrial,in_transit
TV-28192,Lakeside Trading,in_transit
TV-28193,Lakeside Supplies,picked_up
TV-28194,Blackwood Motors,in_transit
TV-28195,Westgate Packaging,picked_up
TV-28196,Stonebridge Wholesale,in_transit
TV-28197,Blackwood Logistics Pty Ltd,delivered
TV-28198,Blackwood Industrial,delivered
TV-28199,Northern Motors,picked_up
TV-28200,Harbour Pharma,picked_up
TV-28201,Harbour Apparel,delivered
TV-28202,Baywater Pharma Holdings,delivered
TV-28203,Blackwood Retail Co,in_transit
TV-28204,Baywater Components Pty Ltd,in_transit
TV-28205,Harbour Freight Group,in_transit
TV-28206,Coastal Textiles Pty Ltd,delivered
TV-28207,Eastlink Grocers Pty Ltd,in_transit
TV-28208,Eastlink Distribution,delivered
TV-28209,Fairwind Textiles,delivered
TV-28210,Redgum Hardware Holdings,picked_up
TV-28211,Summit Motors,created
TV-28212,Stonebridge Chemicals,in_transit
TV-28213,Parkview Electronics,picked_up
TV-28214,Baywater Components,created
TV-28215,Ironbark Freight,created
TV-28216,Riverside Textiles,in_transit
TV-28217,Northern Beverages,delivered
TV-28218,Eastlink Logistics,delivered
TV-28219,Redgum Components,picked_up
TV-28220,Fairwind Chemicals,in_transit
TV-28221,Lakeside Trading Group,picked_up
TV-28222,Harbour Beverages,in_transit
TV-28223,Kingsway Electronics Pty Ltd,in_transit
TV-28224,Coastal Textiles Group,created
TV-28225,Eastlink Apparel Holdings,created
TV-28226,Highfield Chemicals Group,in_transit
TV-28227,Summit Logistics,in_transit
TV-28228,Riverside Beverages,in_transit
TV-28229,Redgum Textiles,delivered
TV-28230,Harbour Grocers,created
TV-28231,Stonebridge Supplies Holdings,created
TV-28232,Summit Trading,in_transit
TV-28233,Baywater Apparel,in_transit
TV-28234,Parkview Hardware,delivered
TV-28235,Summit Wholesale,in_transit
TV-28236,Parkview Hardware Pty Ltd,created
TV-28237,Sunrise Electronics Co,delivered
TV-28238,Golden Freight Group,picked_up
TV-28239,Kingsway Trading,in_transit
TV-28240,Silverline Foods Co,created
TV-28241,Riverside Industrial,created
TV-28242,Summit Logistics Group,created
TV-28243,Coastal Logistics,created
TV-28244,Fairwind Motors,in_transit
TV-28245,Northern Freight,picked_up
TV-28246,Sunrise Pharma,delivered
TV-28247,Highfield Electronics Co,delivered
TV-28248,Silverline Retail,created
TV-28249,Westgate Textiles Pty Ltd,delivered
TV-28250,Harbour Trading,delivered
TV-28251,Northern Motors Group,delivered
TV-28252,Westgate Hardware,in_transit
TV-28253,Northern Industrial,created
TV-28254,Silverline Hardware Co,in_transit
TV-28255,Westgate Wholesale Co,created
TV-28256,Stonebridge Apparel,in_transit
TV-28257,Golden Components Pty Ltd,in_transit
TV-28258,Harbour Beverages,in_transit
TV-28259,Parkview Packaging Holdings,in_transit
TV-28260,Highfield Foods Pty Ltd,created
TV-28261,Blackwood Grocers,in_transit
TV-28262,Stonebridge Electronics Pty Ltd,in_transit
TV-28263,Fairwind Logistics Pty Ltd,in_transit
TV-28264,Highfield Components,picked_up
TV-28265,Redgum Foods,in_transit
TV-28266,Silverline Trading Group,delivered
TV-28267,Harbour Components,delivered
TV-28268,Golden Industrial,in_transit
TV-28269,Stonebridge Hardware Group,in_transit
TV-28270,Sunrise Grocers Co,failed
TV-28271,Blackwood Wholesale Group,created
TV-28272,Northern Components,created
TV-28273,Summit Apparel,delivered
TV-28274,Parkview Apparel,picked_up
TV-28275,Summit Motors Group,failed
TV-28276,Riverside Wholesale,in_transit
TV-28277,Lakeside Chemicals,in_transit
TV-28278,Eastlink Supplies,in_transit
TV-28279,Summit Logistics Group,picked_up
TV-28280,Northern Industrial,in_transit
TV-28281,Eastlink Packaging Pty Ltd,in_transit
TV-28282,Baywater Motors Co,in_transit
TV-28283,Northern Wholesale,delivered
TV-28284,Northern Grocers,delivered
TV-28285,Baywater Logistics,picked_up
TV-28286,Coastal Electronics,delivered
TV-28287,Blackwood Supplies Pty Ltd,picked_up
TV-28288,Westgate Trading,in_transit
TV-28289,Lakeside Motors,picked_up
TV-28290,Fairwind Distribution Co,in_transit
TV-28291,Sunrise Grocers Group,in_transit
TV-28292,Lakeside Wholesale Co,in_transit
TV-28293,Fairwind Apparel,delivered
TV-28294,Lakeside Trading Group,delivered
TV-28295,Redgum Wholesale Co,created
TV-28296,Sunrise Trading,picked_up
TV-28297,Riverside Trading,in_transit
TV-28298,Eastlink Wholesale,delivered
TV-28299,Blackwood Trading Group,delivered
TV-28300,Sunrise Supplies Pty Ltd,in_transit
TV-28301,Coastal Pharma,delivered
TV-28302,Fairwind Textiles,in_transit
TV-28303,Summit Distribution Pty Ltd,delivered
TV-28304,Fairwind Foods Pty Ltd,in_transit
TV-28305,Highfield Wholesale,in_transit
TV-28306,Lakeside Electronics,created
TV-28307,Blackwood Logistics Group,in_transit
TV-28308,Parkview Retail,delivered
TV-28309,Eastlink Apparel,picked_up
TV-28310,Highfield Distribution,delivered
TV-28311,Lakeside Motors,delivered
TV-28312,Silverline Industrial,picked_up
TV-28313,Harbour Packaging,in_transit
TV-28314,Westgate Motors,delivered
TV-28315,Westgate Supplies Group,delivered
TV-28316,Harbour Packaging,in_transit
TV-28317,Silverline Trading Co,in_transit
TV-28318,Golden Trading Holdings,created
TV-28319,Harbour Chemicals Co,delivered
TV-28320,Ironbark Apparel,created
TV-28321,Fairwind Hardware Holdings,created
TV-28322,Westgate Retail,picked_up
TV-28323,Westgate Trading,delivered
TV-28324,Golden Pharma Holdings,created
TV-28325,Harbour Motors,in_transit
TV-28326,Golden Logistics,created
TV-28327,Harbour Beverages Co,failed
TV-28328,Stonebridge Textiles Pty Ltd,created
TV-28329,Riverside Motors,in_transit
TV-28330,Highfield Wholesale,in_transit
TV-28331,Silverline Textiles Pty Ltd,picked_up
TV-28332,Harbour Apparel,created
TV-28333,Fairwind Distribution Holdings,created
TV-28334,Eastlink Pharma Group,in_transit
TV-28335,Coastal Hardware Co,delivered
TV-28336,Eastlink Electronics,created
TV-28337,Sunrise Apparel,in_transit
TV-28338,Golden Retail Pty Ltd,delivered
TV-28339,Summit Pharma,delivered
TV-28340,Ironbark Trading Holdings,in_transit
TV-28341,Eastlink Packaging Group,in_transit
TV-28342,Northern Apparel Co,created
TV-28343,Harbour Textiles Group,picked_up
TV-28344,Stonebridge Grocers Holdings,delivered
TV-28345,Redgum Beverages Holdings,in_transit
TV-28346,Silverline Pharma,failed
TV-28347,Sunrise Components Holdings,delivered
TV-28348,Westgate Grocers,picked_up
TV-28349,Fairwind Electronics Pty Ltd,in_transit
TV-28350,Northern Textiles Holdings,delivered
TV-28351,Westgate Chemicals,in_transit
TV-28352,Kingsway Electronics Holdings,delivered
TV-28353,Northern Industrial Holdings,in_transit
TV-28354,Highfield Freight,delivered
TV-28355,Summit Retail Group,in_transit
TV-28356,Westgate Apparel,picked_up
TV-28357,Blackwood Logistics,in_transit
TV-28358,Ironbark Grocers Pty Ltd,created
TV-28359,Sunrise Foods Pty Ltd,created
TV-28360,Kingsway Hardware Holdings,picked_up
TV-28361,Coastal Logistics,delivered
TV-28362,Summit Grocers,in_transit
TV-28363,Summit Beverages Holdings,in_transit
TV-28364,Lakeside Industrial,picked_up
TV-28365,Golden Industrial Co,in_transit
TV-28366,Eastlink Chemicals Co,delivered
TV-28367,Lakeside Textiles Co,created
TV-28368,Eastlink Pharma,in_transit
TV-28369,Ironbark Beverages Co,delivered
TV-28370,Golden Logistics,created
TV-28371,Lakeside Hardware,in_transit
TV-28372,Kingsway Foods,delivered
TV-28373,Redgum Supplies,failed
TV-28374,Coastal Hardware Group,delivered
TV-28375,Kingsway Motors,in_transit
TV-28376,Westgate Textiles,delivered
TV-28377,Highfield Supplies Pty Ltd,created
TV-28378,Silverline Beverages Holdings,delivered
TV-28379,Kingsway Textiles,in_transit
TV-28380,Fairwind Supplies,delivered
TV-28381,Eastlink Components Holdings,in_transit
TV-28382,Eastlink Motors Co,delivered
TV-28383,Baywater Beverages,delivered
TV-28384,Golden Distribution Co,delivered
TV-28385,Coastal Logistics Holdings,delivered
TV-28386,Blackwood Foods,in_transit
TV-28387,Golden Packaging Group,failed
TV-28388,Westgate Logistics Group,created
TV-28389,Fairwind Retail Co,picked_up
TV-28390,Blackwood Grocers Group,created
TV-28391,Blackwood Motors Group,delivered
TV-28392,Summit Textiles Co,delivered
TV-28393,Blackwood Components,delivered
TV-28394,Eastlink Electronics,in_transit
TV-28395,Riverside Freight Co,delivered
TV-28396,Stonebridge Logistics Co,delivered
TV-28397,Summit Foods Pty Ltd,created
TV-28398,Blackwood Beverages Co,delivered
TV-28399,Sunrise Beverages,created
TV-28400,Stonebridge Retail,picked_up
TV-28401,Baywater Freight Co,failed
TV-28402,Westgate Beverages,delivered
TV-28403,Lakeside Apparel,created
TV-28404,Northern Retail,created
TV-28405,Sunrise Electronics Pty Ltd,delivered
TV-28406,Fairwind Freight,picked_up
TV-28407,Ironbark Industrial Pty Ltd,delivered
TV-28408,Parkview Wholesale,picked_up
TV-28409,Eastlink Trading,delivered
TV-28410,Silverline Motors,in_transit
TV-28411,Summit Distribution,delivered
TV-28412,Golden Grocers Co,in_transit
TV-28413,Sunrise Chemicals,in_transit
TV-28414,Redgum Motors Co,in_transit
TV-28415,Westgate Motors,delivered
TV-28416,Blackwood Hardware,picked_up
TV-28417,Summit Electronics Group,delivered
TV-28418,Blackwood Foods Co,delivered
TV-28419,Blackwood Foods Pty Ltd,delivered
TV-28420,Coastal Beverages Group,in_transit
TV-28421,Redgum Logistics Holdings,failed
TV-28422,Northern Electronics,delivered
TV-28423,Stonebridge Pharma,created
TV-28424,Baywater Packaging Co,in_transit
TV-28425,Highfield Chemicals,created
TV-28426,Stonebridge Wholesale Pty Ltd,created
TV-28427,Highfield Beverages Holdings,in_transit
TV-28428,Stonebridge Textiles,picked_up
TV-28429,Kingsway Grocers,created
TV-28430,Redgum Grocers Co,in_transit
TV-28431,Summit Packaging Group,in_transit
TV-28432,Baywater Logistics,delivered
TV-28433,Sunrise Electronics Pty Ltd,in_transit
TV-28434,Silverline Hardware,picked_up
TV-28435,Fairwind Apparel Co,failed
TV-28436,Blackwood Textiles Co,picked_up
TV-28437,Lakeside Trading,created
TV-28438,Redgum Wholesale Pty Ltd,picked_up
TV-28439,Highfield Motors Co,delivered
TV-28440,Eastlink Trading Group,in_transit
TV-28441,Lakeside Supplies Co,created
TV-28442,Golden Hardware,created
TV-28443,Harbour Pharma Holdings,created
TV-28444,Kingsway Retail,picked_up
TV-28445,Ironbark Pharma Holdings,failed
TV-28446,Riverside Industrial Co,delivered
TV-28447,Stonebridge Trading Pty Ltd,picked_up
TV-28448,Northern Electronics,delivered
TV-28449,Coastal Apparel,picked_up
TV-28450,Kingsway Hardware,in_transit
TV-28451,Silverline Foods,delivered
TV-28452,Westgate Chemicals,delivered
TV-28453,Highfield Pharma Group,failed
TV-28454,Riverside Wholesale,delivered
TV-28455,Eastlink Electronics Co,in_transit
TV-28456,Parkview Distribution Holdings,created
TV-28457,Westgate Motors Group,in_transit
TV-28458,Eastlink Distribution Holdings,created
TV-28459,Stonebridge Foods Pty Ltd,delivered
TV-28460,Northern Beverages,in_transit
TV-28461,Ironbark Packaging Pty Ltd,delivered
TV-28462,Stonebridge Apparel Holdings,in_transit
TV-28463,Silverline Electronics,delivered
TV-28464,Northern Electronics,in_transit
TV-28465,Fairwind Grocers Pty Ltd,created
TV-28466,Summit Beverages Holdings,failed
TV-28467,Northern Hardware Pty Ltd,created
TV-28468,Golden Foods,created
TV-28469,Summit Trading Pty Ltd,in_transit
TV-28470,Kingsway Industrial,in_transit
TV-28471,Sunrise Retail,delivered
TV-28472,Redgum Trading,created
TV-28473,Lakeside Grocers Pty Ltd,picked_up
TV-28474,Sunrise Components Co,delivered
TV-28475,Sunrise Electronics,picked_up
TV-28476,Ironbark Textiles Pty Ltd,created
TV-28477,Silverline Apparel Pty Ltd,delivered
TV-28478,Golden Distribution Holdings,in_transit
TV-28479,Westgate Freight,picked_up
TV-28480,Summit Freight Co,delivered
TV-28481,Parkview Distribution,in_transit
TV-28482,Baywater Logistics Holdings,in_transit
TV-28483,Lakeside Chemicals,in_transit
TV-28484,Eastlink Electronics Pty Ltd,in_transit
TV-28485,Northern Packaging,delivered
TV-28486,Parkview Foods,in_transit
TV-28487,Summit Foods,created
TV-28488,Fairwind Beverages,in_transit
TV-28489,Sunrise Logistics Holdings,delivered
TV-28490,Northern Beverages,in_transit
TV-28491,Riverside Industrial,in_transit
TV-28492,Summit Packaging,created
TV-28493,Highfield Trading,in_transit
TV-28494,Ironbark Trading,in_transit
TV-28495,Westgate Beverages Group,picked_up
TV-28496,Westgate Wholesale,delivered
TV-28497,Baywater Freight,in_transit
TV-28498,Lakeside Trading,delivered
TV-28499,Summit Freight,in_transit
TV-28500,Lakeside Chemicals Pty Ltd,delivered
TV-28501,Baywater Industrial Holdings,in_transit
TV-28502,Westgate Foods,picked_up
TV-28503,Westgate Freight Pty Ltd,in_transit
TV-28504,Eastlink Distribution Pty Ltd,delivered
TV-28505,Redgum Components,created
TV-28506,Redgum Grocers,in_transit
TV-28507,Coastal Wholesale,delivered
TV-28508,Fairwind Electronics,failed
TV-28509,Northern Textiles,in_transit
TV-28510,Lakeside Freight Co,delivered
TV-28511,Summit Retail,delivered
TV-28512,Redgum Chemicals Pty Ltd,created
TV-28513,Stonebridge Pharma,delivered
TV-28514,Northern Retail Pty Ltd,delivered
TV-28515,Fairwind Motors Group,in_transit
TV-28516,Redgum Packaging Co,failed
TV-28517,Blackwood Textiles,delivered
TV-28518,Highfield Packaging,in_transit
TV-28519,Riverside Apparel,delivered
TV-28520,Redgum Wholesale,delivered
TV-28521,Ironbark Packaging,picked_up
TV-28522,Fairwind Logistics,picked_up
TV-28523,Eastlink Components Co,failed
TV-28524,Baywater Retail Holdings,delivered
TV-28525,Lakeside Freight Pty Ltd,in_transit
TV-28526,Northern Supplies Pty Ltd,delivered
TV-28527,Sunrise Trading,in_transit
TV-28528,Silverline Wholesale,in_transit
TV-28529,Fairwind Components,created
TV-28530,Baywater Motors Co,picked_up
TV-28531,Eastlink Motors,in_transit
TV-28532,Stonebridge Industrial,created
TV-28533,Fairwind Retail Pty Ltd,created
TV-28534,Kingsway Pharma Pty Ltd,in_transit
TV-28535,Harbour Textiles Holdings,in_transit
TV-28536,Westgate Beverages Co,in_transit
TV-28537,Summit Retail,delivered
TV-28538,Lakeside Components Pty Ltd,failed
TV-28539,Stonebridge Packaging Pty Ltd,delivered
TV-28540,Parkview Freight,delivered
TV-28541,Golden Hardware,in_transit
TV-28542,Redgum Motors Group,delivered
TV-28543,Baywater Electronics Group,in_transit
TV-28544,Stonebridge Hardware,delivered
TV-28545,Redgum Chemicals Holdings,picked_up
TV-28546,Sunrise Wholesale,in_transit
TV-28547,Westgate Components Group,delivered
TV-28548,Highfield Motors Group,created
TV-28549,Harbour Supplies Group,failed
TV-28550,Eastlink Foods,picked_up
TV-28551,Stonebridge Industrial,created
TV-28552,Redgum Distribution Holdings,in_transit
TV-28553,Summit Packaging Co,picked_up
TV-28554,Highfield Logistics Co,delivered
TV-28555,Harbour Beverages,in_transit
TV-28556,Riverside Supplies Holdings,in_transit
TV-28557,Northern Packaging,picked_up
TV-28558,Redgum Textiles,delivered
TV-28559,Kingsway Freight,in_transit
TV-28560,Golden Freight Group,picked_up
TV-28561,Redgum Foods Pty Ltd,created
TV-28562,Silverline Supplies,picked_up
TV-28563,Parkview Retail Holdings,in_transit
TV-28564,Stonebridge Industrial Holdings,in_transit
TV-28565,Stonebridge Retail Holdings,created
TV-28566,Lakeside Distribution,created
TV-28567,Westgate Wholesale,delivered
TV-28568,Baywater Foods,in_transit
TV-28569,Blackwood Distribution Group,delivered
TV-28570,Riverside Hardware Pty Ltd,delivered
TV-28571,Westgate Apparel Holdings,delivered
TV-28572,Lakeside Freight,created
TV-28573,Lakeside Distribution,picked_up
TV-28574,Silverline Trading,created
TV-28575,Northern Industrial Holdings,created
TV-28576,Lakeside Wholesale,delivered
TV-28577,Northern Packaging,delivered
TV-28578,Golden Chemicals,in_transit
TV-28579,Lakeside Wholesale Group,delivered
TV-28580,Golden Retail Pty Ltd,created
TV-28581,Riverside Grocers,in_transit
TV-28582,Silverline Components,created
TV-28583,Harbour Pharma,delivered
TV-28584,Highfield Electronics,delivered
TV-28585,Northern Foods Holdings,in_transit
TV-28586,Coastal Textiles Group,delivered
TV-28587,Riverside Textiles Co,picked_up
TV-28588,Lakeside Components,in_transit
TV-28589,Westgate Packaging,delivered
TV-28590,Blackwood Retail,in_transit
TV-28591,Golden Wholesale Holdings,in_transit
TV-28592,Coastal Foods,in_transit
TV-28593,Silverline Grocers Holdings,created
TV-28594,Silverline Chemicals Holdings,in_transit
TV-28595,Baywater Apparel Group,created
TV-28596,Parkview Wholesale Holdings,in_transit
TV-28597,Harbour Retail Co,created
TV-28598,Redgum Textiles,in_transit
TV-28599,Baywater Distribution Pty Ltd,picked_up
TV-28600,Baywater Apparel,in_transit
TV-28601,Baywater Components,delivered
TV-28602,Sunrise Industrial,in_transit
TV-28603,Fairwind Packaging Group,picked_up
TV-28604,Lakeside Wholesale,in_transit
TV-28605,Lakeside Logistics Holdings,created
TV-28606,Parkview Pharma Group,delivered
TV-28607,Sunrise Industrial Pty Ltd,created
TV-28608,Lakeside Supplies Co,created
TV-28609,Lakeside Chemicals,picked_up
TV-28610,Golden Packaging,delivered
TV-28611,Highfield Retail Group,created
TV-28612,Northern Apparel,delivered
TV-28613,Highfield Wholesale Holdings,delivered
TV-28614,Eastlink Pharma Pty Ltd,delivered
TV-28615,Riverside Foods,created
TV-28616,Redgum Apparel,in_transit
TV-28617,Redgum Apparel Pty Ltd,created
TV-28618,Highfield Apparel,created
TV-28619,Summit Hardware,delivered
TV-28620,Lakeside Apparel Holdings,in_transit
TV-28621,Stonebridge Freight Group,failed
TV-28622,Sunrise Industrial Holdings,in_transit
TV-28623,Coastal Trading Group,picked_up
TV-28624,Summit Logistics Pty Ltd,delivered
TV-28625,Ironbark Beverages,created
TV-28626,Blackwood Wholesale,delivered
TV-28627,Parkview Distribution Group,failed
TV-28628,Coastal Beverages,delivered
TV-28629,Golden Grocers Holdings,delivered
TV-28630,Silverline Freight,created
TV-28631,Silverline Chemicals Pty Ltd,delivered
TV-28632,Summit Freight Holdings,delivered
TV-28633,Riverside Distribution,picked_up
TV-28634,Eastlink Logistics,in_transit
TV-28635,Northern Apparel,delivered
TV-28636,Coastal Supplies,in_transit
TV-28637,Northern Motors,in_transit
TV-28638,Redgum Freight Co,in_transit
TV-28639,Kingsway Distribution Group,picked_up
TV-28640,Golden Retail,in_transit
TV-28641,Sunrise Packaging,in_transit
TV-28642,Golden Logistics,in_transit
TV-28643,Highfield Distribution,in_transit
TV-28644,Coastal Distribution Group,created
TV-28645,Riverside Apparel Holdings,failed
TV-28646,Parkview Pharma Holdings,picked_up
TV-28647,Golden Wholesale,in_transit
TV-28648,Northern Retail Holdings,delivered
TV-28649,Riverside Distribution,delivered
TV-28650,Eastlink Chemicals,in_transit
TV-28651,Parkview Supplies,in_transit
TV-28652,Harbour Trading,picked_up
TV-28653,Lakeside Distribution,delivered
TV-28654,Silverline Packaging Pty Ltd,in_transit
TV-28655,Harbour Foods Holdings,in_transit
TV-28656,Stonebridge Grocers,in_transit
TV-28657,Ironbark Motors Holdings,created
TV-28658,Sunrise Logistics Co,in_transit
TV-28659,Parkview Chemicals,delivered
TV-28660,Coastal Logistics Group,picked_up
TV-28661,Lakeside Logistics,in_transit
TV-28662,Parkview Chemicals,created
TV-28663,Riverside Logistics,in_transit
TV-28664,Harbour Industrial Holdings,picked_up
TV-28665,Coastal Grocers,created
TV-28666,Lakeside Industrial,in_transit
TV-28667,Fairwind Components,in_transit
TV-28668,Coastal Apparel,failed
TV-28669,Riverside Trading,created
TV-28670,Kingsway Packaging,delivered
TV-28671,Golden Beverages Holdings,in_transit
TV-28672,Riverside Grocers Pty Ltd,in_transit
TV-28673,Golden Distribution,delivered
TV-28674,Ironbark Distribution,delivered
TV-28675,Highfield Logistics Holdings,failed
TV-28676,Golden Pharma Co,in_transit
TV-28677,Fairwind Logistics,picked_up
TV-28678,Coastal Wholesale,in_transit
TV-28679,Eastlink Beverages Pty Ltd,picked_up
TV-28680,Fairwind Hardware Pty Ltd,delivered
TV-28681,Silverline Hardware Group,in_transit
TV-28682,Lakeside Industrial Holdings,picked_up
TV-28683,Redgum Textiles Group,delivered
TV-28684,Redgum Wholesale,delivered
TV-28685,Parkview Components,delivered
TV-28686,Highfield Freight,created
TV-28687,Ironbark Pharma Pty Ltd,created
TV-28688,Highfield Industrial Holdings,in_transit
TV-28689,Baywater Packaging Group,delivered
TV-28690,Coastal Foods Co,in_transit
TV-28691,Ironbark Retail,delivered
TV-28692,Lakeside Motors Holdings,picked_up
TV-28693,Fairwind Components,delivered
TV-28694,Silverline Logistics,in_transit
TV-28695,Golden Components,in_transit
TV-28696,Golden Electronics,picked_up
TV-28697,Redgum Logistics Group,in_transit
TV-28698,Coastal Wholesale,in_transit
TV-28699,Northern Foods,in_transit
TV-28700,Harbour Hardware,created
TV-28701,Golden Distribution,in_transit
TV-28702,Riverside Apparel,picked_up
TV-28703,Golden Retail Co,created
TV-28704,Eastlink Foods Holdings,picked_up
TV-28705,Stonebridge Industrial,delivered
TV-28706,Parkview Supplies,delivered
TV-28707,Golden Retail Co,delivered
TV-28708,Kingsway Foods Holdings,failed
TV-28709,Golden Packaging,created
TV-28710,Eastlink Foods Co,picked_up
TV-28711,Redgum Industrial Group,in_transit
TV-28712,Northern Components,picked_up
TV-28713,Parkview Hardware,in_transit
TV-28714,Baywater Components,created
TV-28715,Silverline Components,in_transit
TV-28716,Ironbark Motors Co,in_transit
TV-28717,Parkview Retail Co,created
TV-28718,Coastal Trading,delivered
TV-28719,Ironbark Retail Holdings,delivered
TV-28720,Coastal Motors,created
TV-28721,Riverside Apparel Group,in_transit
TV-28722,Eastlink Logistics Holdings,delivered
TV-28723,Blackwood Apparel Co,delivered
TV-28724,Ironbark Hardware,delivered
TV-28725,Redgum Packaging Pty Ltd,created
TV-28726,Westgate Freight,created
TV-28727,Silverline Components,in_transit
TV-28728,Fairwind Pharma Pty Ltd,delivered
TV-28729,Silverline Grocers Group,created
TV-28730,Redgum Packaging Pty Ltd,delivered
TV-28731,Fairwind Foods,created
TV-28732,Ironbark Grocers Pty Ltd,failed
TV-28733,Westgate Electronics,delivered
TV-28734,Summit Wholesale Holdings,delivered
TV-28735,Sunrise Wholesale,picked_up
TV-28736,Fairwind Trading Pty Ltd,failed
TV-28737,Redgum Trading,delivered
TV-28738,Eastlink Packaging Pty Ltd,in_transit
TV-28739,Ironbark Hardware,in_transit
TV-28740,Fairwind Textiles,picked_up
TV-28741,Lakeside Motors,created
TV-28742,Blackwood Trading Group,delivered
TV-28743,Summit Retail Holdings,in_transit
TV-28744,Stonebridge Hardware Pty Ltd,delivered
TV-28745,Coastal Chemicals Group,created
TV-28746,Baywater Foods Group,picked_up
TV-28747,Ironbark Chemicals Pty Ltd,in_transit
TV-28748,Coastal Freight,in_transit
TV-28749,Redgum Industrial,delivered
TV-28750,Highfield Logistics,in_transit
TV-28751,Golden Freight Pty Ltd,delivered
TV-28752,Parkview Distribution Pty Ltd,in_transit
TV-28753,Fairwind Industrial,delivered
TV-28754,Westgate Electronics,delivered
TV-28755,Sunrise Packaging,in_transit
TV-28756,Summit Textiles Group,in_transit
TV-28757,Harbour Textiles Holdings,delivered
TV-28758,Riverside Freight,delivered
TV-28759,Eastlink Textiles,created
TV-28760,Harbour Hardware Pty Ltd,in_transit
TV-28761,Highfield Motors Holdings,picked_up
TV-28762,Silverline Logistics Holdings,picked_up
TV-28763,Fairwind Retail Pty Ltd,picked_up
TV-28764,Fairwind Trading,failed
TV-28765,Redgum Apparel Co,delivered
TV-28766,Stonebridge Freight,delivered
TV-28767,Silverline Distribution Holdings,in_transit
TV-28768,Lakeside Packaging,in_transit
TV-28769,Parkview Distribution Pty Ltd,in_transit
TV-28770,Lakeside Supplies Co,delivered
TV-28771,Silverline Electronics,in_transit
TV-28772,Baywater Packaging Co,created
TV-28773,Ironbark Grocers Co,in_transit
TV-28774,Fairwind Industrial,picked_up
TV-28775,Coastal Textiles Co,delivered
TV-28776,Riverside Hardware,delivered
TV-28777,Stonebridge Distribution Group,delivered
TV-28778,Stonebridge Apparel,in_transit
TV-28779,Golden Motors,created
TV-28780,Northern Wholesale,delivered
TV-28781,Redgum Textiles,created
TV-28782,Summit Retail Pty Ltd,created
TV-28783,Parkview Retail,created
TV-28784,Silverline Pharma Holdings,in_transit
TV-28785,Ironbark Pharma,created
TV-28786,Northern Apparel Holdings,picked_up
TV-28787,Sunrise Trading Holdings,in_transit
TV-28788,Kingsway Chemicals Holdings,in_transit
TV-28789,Sunrise Chemicals Co,delivered
TV-28790,Stonebridge Freight,picked_up
TV-28791,Baywater Pharma,failed
TV-28792,Northern Grocers Pty Ltd,delivered
TV-28793,Golden Freight,delivered
TV-28794,Baywater Foods Group,in_transit
TV-28795,Golden Apparel Co,in_transit
TV-28796,Sunrise Pharma,picked_up
TV-28797,Coastal Supplies,failed
TV-28798,Redgum Logistics Group,delivered
TV-28799,Fairwind Foods Holdings,created
TV-28800,Highfield Chemicals Holdings,in_transit
TV-28801,Lakeside Pharma,failed
TV-28802,Blackwood Apparel,delivered
TV-28803,Coastal Hardware,delivered
TV-28804,Westgate Freight Pty Ltd,in_transit
TV-28805,Blackwood Supplies Co,delivered
TV-28806,Ironbark Logistics Pty Ltd,failed
TV-28807,Northern Motors,delivered
TV-28808,Kingsway Packaging,delivered
TV-28809,Sunrise Chemicals Holdings,delivered
TV-28810,Parkview Foods Co,created
TV-28811,Harbour Motors Holdings,picked_up
TV-28812,Redgum Textiles,delivered
TV-28813,Parkview Supplies Pty Ltd,delivered
TV-28814,Sunrise Freight Holdings,in_transit
TV-28815,Silverline Logistics,in_transit
TV-28816,Summit Chemicals,in_transit
TV-28817,Riverside Freight Co,delivered
TV-28818,Silverline Motors,in_transit
TV-28819,Golden Freight,picked_up
TV-28820,Stonebridge Apparel,delivered
TV-28821,Fairwind Retail,delivered
TV-28822,Summit Supplies Holdings,picked_up
TV-28823,Summit Distribution Pty Ltd,delivered
TV-28824,Harbour Foods Pty Ltd,in_transit
TV-28825,Stonebridge Pharma,created
TV-28826,Summit Electronics,in_transit
TV-28827,Harbour Pharma Pty Ltd,created
TV-28828,Northern Electronics,created
TV-28829,Highfield Industrial Co,created
TV-28830,Blackwood Electronics Group,in_transit
TV-28831,Parkview Beverages Group,created
TV-28832,Golden Trading,created
TV-28833,Summit Trading,created
TV-28834,Golden Motors Pty Ltd,picked_up
TV-28835,Eastlink Apparel Co,delivered
TV-28836,Blackwood Electronics Pty Ltd,in_transit
TV-28837,Northern Packaging Group,delivered
TV-28838,Silverline Wholesale Co,in_transit
TV-28839,Northern Industrial,delivered
TV-28840,Redgum Beverages,in_transit
TV-28841,Fairwind Grocers,created
TV-28842,Sunrise Freight,picked_up
TV-28843,Riverside Motors Pty Ltd,delivered
TV-28844,Riverside Apparel Holdings,failed
TV-28845,Harbour Logistics,in_transit
TV-28846,Northern Distribution,in_transit
TV-28847,Lakeside Freight,created
TV-28848,Sunrise Chemicals,delivered
TV-28849,Westgate Freight Pty Ltd,picked_up
TV-28850,Baywater Chemicals,in_transit
TV-28851,Baywater Wholesale Pty Ltd,in_transit
TV-28852,Ironbark Components Group,delivered
TV-28853,Sunrise Foods Pty Ltd,created
TV-28854,Ironbark Industrial Pty Ltd,in_transit
TV-28855,Stonebridge Pharma Holdings,picked_up
TV-28856,Coastal Pharma Holdings,in_transit
TV-28857,Eastlink Chemicals Group,delivered
TV-28858,Eastlink Motors Pty Ltd,delivered
TV-28859,Stonebridge Pharma,picked_up
TV-28860,Blackwood Packaging,created
TV-28861,Fairwind Apparel,delivered
TV-28862,Ironbark Textiles Holdings,created
TV-28863,Redgum Chemicals,created
TV-28864,Stonebridge Motors Co,in_transit
TV-28865,Westgate Industrial Pty Ltd,picked_up
TV-28866,Harbour Hardware,in_transit
TV-28867,Sunrise Trading Holdings,delivered
TV-28868,Parkview Beverages Holdings,delivered
TV-28869,Sunrise Trading Co,delivered
TV-28870,Golden Foods,failed
TV-28871,Silverline Pharma,delivered
TV-28872,Riverside Beverages,created
TV-28873,Summit Components Co,created
TV-28874,Golden Retail,in_transit
TV-28875,Summit Motors Co,in_transit
TV-28876,Redgum Textiles,created
TV-28877,Golden Electronics Group,delivered
TV-28878,Ironbark Electronics Pty Ltd,delivered
TV-28879,Highfield Textiles Group,delivered
TV-28880,Redgum Textiles Pty Ltd,created
TV-28881,Fairwind Freight,delivered
TV-28882,Redgum Logistics Holdings,delivered
TV-28883,Summit Supplies,delivered
TV-28884,Silverline Supplies Pty Ltd,failed
TV-28885,Northern Logistics,in_transit
TV-28886,Redgum Industrial Co,in_transit
TV-28887,Blackwood Pharma Pty Ltd,created
TV-28888,Redgum Packaging Pty Ltd,failed
TV-28889,Coastal Electronics Pty Ltd,in_transit
TV-28890,Parkview Apparel,picked_up
TV-28891,Stonebridge Freight,in_transit
TV-28892,Westgate Motors,in_transit
TV-28893,Westgate Retail,created
TV-28894,Riverside Components Pty Ltd,in_transit
TV-28895,Eastlink Textiles Pty Ltd,picked_up
TV-28896,Westgate Motors,created
TV-28897,Lakeside Industrial Holdings,delivered
TV-28898,Redgum Supplies,created
TV-28899,Blackwood Pharma,created
TV-28900,Golden Apparel,delivered
TV-28901,Northern Grocers Group,created
TV-28902,Coastal Electronics,created
TV-28903,Golden Hardware Co,delivered
TV-28904,Stonebridge Wholesale Co,delivered
TV-28905,Sunrise Chemicals Group,picked_up
TV-28906,Harbour Logistics Holdings,in_transit
TV-28907,Harbour Motors,delivered
TV-28908,Summit Motors Co,failed
TV-28909,Sunrise Freight Group,in_transit
TV-28910,Ironbark Packaging,delivered
TV-28911,Fairwind Components,in_transit
TV-28912,Golden Freight Pty Ltd,delivered
TV-28913,Summit Electronics,created
TV-28914,Baywater Supplies Pty Ltd,delivered
TV-28915,Sunrise Supplies Co,delivered
TV-28916,Northern Beverages Holdings,delivered
TV-28917,Redgum Foods,delivered
TV-28918,Baywater Grocers Co,delivered
TV-28919,Silverline Trading,delivered
TV-28920,Sunrise Packaging Pty Ltd,picked_up
TV-28921,Kingsway Apparel,in_transit
TV-28922,Stonebridge Packaging,picked_up
TV-28923,Parkview Chemicals Pty Ltd,created
TV-28924,Parkview Retail,failed
TV-28925,Eastlink Chemicals Holdings,failed
TV-28926,Harbour Wholesale,in_transit
TV-28927,Silverline Grocers,in_transit
TV-28928,Stonebridge Textiles,picked_up
TV-28929,Silverline Grocers,created
TV-28930,Summit Pharma Co,created
TV-28931,Highfield Electronics,in_transit
TV-28932,Parkview Components,picked_up
TV-28933,Silverline Packaging,delivered
TV-28934,Highfield Foods Co,created
TV-28935,Parkview Supplies,picked_up
TV-28936,Northern Components Co,in_transit
TV-28937,Kingsway Logistics,failed
TV-28938,Parkview Foods,created
TV-28939,Highfield Trading Holdings,in_transit
TV-28940,Summit Components Co,created
TV-28941,Fairwind Motors Holdings,in_transit
TV-28942,Eastlink Grocers,failed
TV-28943,Sunrise Supplies,in_transit
TV-28944,Stonebridge Industrial,delivered
TV-28945,Coastal Electronics,delivered
TV-28946,Eastlink Wholesale Holdings,delivered
TV-28947,Golden Supplies Group,created
TV-28948,Lakeside Logistics,delivered
TV-28949,Riverside Chemicals,delivered
TV-28950,Sunrise Packaging,delivered
TV-28951,Blackwood Packaging,in_transit
TV-28952,Ironbark Hardware Pty Ltd,picked_up
TV-28953,Kingsway Textiles Pty Ltd,in_transit
TV-28954,Sunrise Wholesale,delivered
TV-28955,Westgate Foods,in_transit
TV-28956,Highfield Grocers Pty Ltd,in_transit
TV-28957,Northern Trading Holdings,in_transit
TV-28958,Coastal Chemicals,in_transit
TV-28959,Redgum Distribution Holdings,delivered
TV-28960,Kingsway Wholesale Pty Ltd,delivered
TV-28961,Sunrise Retail,delivered
TV-28962,Parkview Distribution,in_transit
TV-28963,Eastlink Industrial,delivered
TV-28964,Ironbark Pharma Co,in_transit
TV-28965,Summit Wholesale Co,delivered
TV-28966,Redgum Packaging,delivered
TV-28967,Kingsway Electronics,in_transit
TV-28968,Westgate Supplies Co,in_transit
TV-28969,Summit Industrial,delivered
TV-28970,Blackwood Hardware Co,in_transit
TV-28971,Blackwood Distribution Group,delivered
TV-28972,Westgate Logistics,created
TV-28973,Baywater Pharma,in_transit
TV-28974,Fairwind Logistics,in_transit
TV-28975,Northern Motors Group,created
TV-28976,Kingsway Components,created
TV-28977,Harbour Logistics Group,in_transit
TV-28978,Summit Motors Group,delivered
TV-28979,Summit Logistics,picked_up
TV-28980,Summit Chemicals Group,delivered
TV-28981,Baywater Components Pty Ltd,in_transit
TV-28982,Lakeside Hardware Holdings,created
TV-28983,Westgate Pharma Co,delivered
TV-28984,Stonebridge Apparel,failed
TV-28985,Riverside Wholesale,delivered
TV-28986,Ironbark Pharma,picked_up
TV-28987,Northern Chemicals,in_transit
TV-28988,Riverside Chemicals Group,in_transit
TV-28989,Golden Pharma,delivered
TV-28990,Baywater Logistics,picked_up
TV-28991,Baywater Pharma,in_transit
TV-28992,Stonebridge Grocers,delivered
TV-28993,Summit Foods Holdings,delivered
TV-28994,Lakeside Grocers,picked_up
TV-28995,Northern Distribution,created
TV-28996,Highfield Components,in_transit
TV-28997,Highfield Freight,delivered
TV-28998,Coastal Trading Holdings,delivered
TV-28999,Northern Supplies,created
TV-29000,Baywater Grocers,delivered
TV-29001,Summit Logistics Group,delivered
TV-29002,Redgum Logistics Group,in_transit
TV-29003,Redgum Textiles Co,created
TV-29004,Harbour Freight,failed
TV-29005,Golden Beverages,failed
TV-29006,Parkview Retail,created
TV-29007,Summit Hardware,created
TV-29008,Redgum Freight Holdings,in_transit
TV-29009,Lakeside Foods Group,delivered
TV-29010,Westgate Hardware Holdings,created
TV-29011,Kingsway Apparel,picked_up
TV-29012,Sunrise Retail Co,delivered
TV-29013,Eastlink Wholesale,delivered
TV-29014,Redgum Apparel Co,picked_up
TV-29015,Coastal Foods Co,created
TV-29016,Golden Apparel,created
TV-29017,Kingsway Trading Pty Ltd,in_transit
TV-29018,Lakeside Chemicals Group,delivered
TV-29019,Parkview Foods,created
TV-29020,Northern Industrial,created
TV-29021,Kingsway Retail Holdings,picked_up
TV-29022,Eastlink Electronics Pty Ltd,delivered
TV-29023,Stonebridge Electronics Group,delivered
TV-29024,Baywater Freight,created
TV-29025,Westgate Hardware,in_transit
TV-29026,Eastlink Electronics,delivered
TV-29027,Westgate Supplies,delivered
TV-29028,Eastlink Electronics,created
TV-29029,Riverside Packaging,picked_up
TV-29030,Eastlink Foods Group,delivered
TV-29031,Eastlink Industrial,in_transit
TV-29032,Redgum Components Co,in_transit
TV-29033,Riverside Textiles,created
TV-29034,Kingsway Hardware Holdings,in_transit
TV-29035,Harbour Chemicals Group,delivered
TV-29036,Westgate Beverages Group,created
TV-29037,Kingsway Packaging,in_transit
TV-29038,Redgum Logistics Holdings,in_transit
TV-29039,Baywater Motors Group,delivered
TV-29040,Lakeside Chemicals,in_transit
TV-29041,Golden Chemicals,delivered
TV-29042,Lakeside Components Group,in_transit
TV-29043,Silverline Wholesale,created
TV-29044,Stonebridge Trading,created
TV-29045,Redgum Foods Holdings,delivered
TV-29046,Fairwind Apparel Co,in_transit
TV-29047,Northern Textiles Pty Ltd,in_transit
TV-29048,Kingsway Logistics,delivered
TV-29049,Baywater Industrial,picked_up
TV-29050,Ironbark Hardware Holdings,picked_up
TV-29051,Westgate Textiles,created
TV-29052,Highfield Industrial Group,in_transit
TV-29053,Fairwind Trading,delivered
TV-29054,Golden Beverages Co,delivered
TV-29055,Westgate Hardware,delivered
TV-29056,Riverside Distribution,delivered
TV-29057,Blackwood Apparel,in_transit
TV-29058,Lakeside Chemicals,delivered
TV-29059,Sunrise Grocers Group,in_transit
TV-29060,Fairwind Chemicals,in_transit
TV-29061,Kingsway Pharma,picked_up
TV-29062,Harbour Industrial,delivered
TV-29063,Baywater Motors Holdings,failed
TV-29064,Ironbark Distribution,delivered
TV-29065,Harbour Pharma,delivered
TV-29066,Harbour Supplies,failed
TV-29067,Eastlink Beverages,failed
TV-29068,Parkview Electronics,failed
TV-29069,Golden Freight Co,created
TV-29070,Eastlink Distribution,created
TV-29071,Coastal Industrial,in_transit
TV-29072,Lakeside Chemicals Co,in_transit
TV-29073,Coastal Logistics,failed
TV-29074,Highfield Beverages,in_transit
TV-29075,Riverside Logistics Holdings,picked_up
TV-29076,Parkview Foods,in_transit
TV-29077,Lakeside Foods,delivered
TV-29078,Sunrise Hardware Group,in_transit
TV-29079,Redgum Beverages Holdings,picked_up
TV-29080,Westgate Distribution,in_transit
TV-29081,Northern Components Group,in_transit
TV-29082,Blackwood Textiles,delivered
TV-29083,Ironbark Motors,in_transit
TV-29084,Eastlink Pharma Holdings,failed
TV-29085,Sunrise Trading,in_transit
TV-29086,Parkview Textiles,in_transit
TV-29087,Kingsway Industrial,delivered
TV-29088,Eastlink Grocers,failed
TV-29089,Lakeside Wholesale Holdings,created
TV-29090,Northern Chemicals Group,in_transit
TV-29091,Eastlink Motors,picked_up
TV-29092,Harbour Supplies Group,failed
TV-29093,Golden Grocers Group,failed
TV-29094,Sunrise Supplies Group,in_transit
TV-29095,Sunrise Motors Co,delivered
TV-29096,Highfield Hardware,created
TV-29097,Kingsway Grocers,created
TV-29098,Harbour Components Co,in_transit
TV-29099,Northern Textiles Holdings,delivered
TV-29100,Golden Foods,failed
TV-29101,Sunrise Electronics,delivered
TV-29102,Harbour Retail,created
TV-29103,Stonebridge Chemicals,in_transit
TV-29104,Summit Chemicals,in_transit
TV-29105,Silverline Chemicals Pty Ltd,picked_up
TV-29106,Harbour Trading,delivered
TV-29107,Northern Chemicals Pty Ltd,in_transit
TV-29108,Golden Distribution Group,delivered
TV-29109,Silverline Textiles Co,picked_up
TV-29110,Fairwind Apparel Pty Ltd,delivered
TV-29111,Redgum Hardware Holdings,delivered
TV-29112,Sunrise Motors Pty Ltd,delivered
TV-29113,Stonebridge Industrial,in_transit
TV-29114,Eastlink Supplies,in_transit
TV-29115,Lakeside Hardware Group,failed
TV-29116,Baywater Motors Pty Ltd,delivered
TV-29117,Silverline Packaging,created
TV-29118,Silverline Apparel Holdings,in_transit
TV-29119,Parkview Logistics Group,failed
TV-29120,Golden Distribution,picked_up
TV-29121,Kingsway Distribution Group,created
TV-29122,Stonebridge Logistics Group,in_transit
TV-29123,Fairwind Industrial Group,created
TV-29124,Lakeside Components Co,delivered
TV-29125,Summit Foods,picked_up
TV-29126,Highfield Logistics Pty Ltd,picked_up
TV-29127,Riverside Grocers,failed
TV-29128,Sunrise Logistics Holdings,picked_up
TV-29129,Kingsway Motors,in_transit
TV-29130,Ironbark Electronics,created
TV-29131,Westgate Distribution,created
TV-29132,Fairwind Retail Group,delivered
TV-29133,Golden Chemicals Holdings,in_transit
TV-29134,Eastlink Industrial,delivered
TV-29135,Silverline Motors Pty Ltd,delivered
TV-29136,Highfield Beverages,delivered
TV-29137,Kingsway Electronics,created
TV-29138,Ironbark Industrial,picked_up
TV-29139,Coastal Distribution Holdings,picked_up
TV-29140,Fairwind Retail,in_transit
TV-29141,Riverside Distribution Co,delivered
TV-29142,Ironbark Packaging Pty Ltd,delivered
TV-29143,Baywater Grocers Pty Ltd,created
TV-29144,Northern Wholesale Group,delivered
TV-29145,Coastal Components Pty Ltd,delivered
TV-29146,Riverside Supplies Co,in_transit
TV-29147,Golden Apparel,failed
TV-29148,Riverside Components Holdings,delivered
TV-29149,Stonebridge Freight,in_transit
TV-29150,Summit Supplies,in_transit
TV-29151,Harbour Packaging Group,created
TV-29152,Blackwood Textiles Co,created
TV-29153,Highfield Logistics,in_transit
TV-29154,Harbour Beverages,delivered
TV-29155,Stonebridge Apparel,picked_up
TV-29156,Riverside Logistics Holdings,delivered
TV-29157,Stonebridge Grocers,created
TV-29158,Baywater Grocers Pty Ltd,created
TV-29159,Riverside Supplies Holdings,delivered
TV-29160,Parkview Logistics Holdings,in_transit
TV-29161,Ironbark Industrial Holdings,created
TV-29162,Northern Trading Group,created
TV-29163,Stonebridge Wholesale Group,in_transit
TV-29164,Eastlink Freight,in_transit
TV-29165,Baywater Electronics,delivered
TV-29166,Silverline Packaging,delivered
TV-29167,Northern Logistics Group,in_transit
TV-29168,Redgum Distribution,in_transit
TV-29169,Silverline Distribution Pty Ltd,failed
TV-29170,Sunrise Beverages,picked_up
TV-29171,Sunrise Pharma,in_transit
TV-29172,Redgum Apparel Holdings,in_transit
TV-29173,Baywater Trading,picked_up
TV-29174,Northern Retail,failed
TV-29175,Stonebridge Grocers,delivered
TV-29176,Redgum Grocers Holdings,delivered
TV-29177,Baywater Logistics Holdings,picked_up
TV-29178,Sunrise Grocers Pty Ltd,failed
TV-29179,Ironbark Freight,picked_up
TV-29180,Redgum Distribution Group,delivered
TV-29181,Northern Motors Pty Ltd,picked_up
TV-29182,Sunrise Hardware Co,picked_up
TV-29183,Kingsway Textiles Pty Ltd,created
TV-29184,Harbour Grocers Holdings,delivered
TV-29185,Lakeside Freight,in_transit
TV-29186,Parkview Textiles,picked_up
TV-29187,Parkview Trading Pty Ltd,created
TV-29188,Silverline Industrial Co,in_transit
TV-29189,Silverline Motors Pty Ltd,created
TV-29190,Fairwind Hardware,in_transit
TV-29191,Westgate Freight,delivered
TV-29192,Coastal Industrial Holdings,in_transit
TV-29193,Golden Electronics,created
TV-29194,Stonebridge Supplies Holdings,created
TV-29195,Northern Foods Co,delivered
TV-29196,Highfield Packaging,delivered
TV-29197,Highfield Packaging,delivered
TV-29198,Fairwind Distribution,in_transit
TV-29199,Westgate Pharma Holdings,delivered
TV-29200,Ironbark Apparel,picked_up
TV-29201,Riverside Foods,created
TV-29202,Baywater Pharma Pty Ltd,delivered
TV-29203,Westgate Supplies Group,created
TV-29204,Lakeside Industrial Holdings,created
TV-29205,Westgate Components Holdings,picked_up
TV-29206,Lakeside Trading Holdings,created
TV-29207,Parkview Textiles Holdings,in_transit
TV-29208,Parkview Wholesale Holdings,created
TV-29209,Golden Wholesale Co,created
TV-29210,Highfield Distribution,in_transit
TV-29211,Lakeside Foods Pty Ltd,in_transit
TV-29212,Riverside Chemicals,failed
TV-29213,Eastlink Components Pty Ltd,created
TV-29214,Fairwind Wholesale,delivered
TV-29215,Stonebridge Textiles,in_transit
TV-29216,Coastal Apparel,created
TV-29217,Riverside Motors Pty Ltd,picked_up
TV-29218,Parkview Supplies,in_transit
TV-29219,Blackwood Foods,in_transit
TV-29220,Fairwind Industrial,picked_up
TV-29221,Lakeside Retail,created
TV-29222,Silverline Wholesale Co,created
TV-29223,Westgate Foods Holdings,in_transit
TV-29224,Summit Packaging Holdings,in_transit
TV-29225,Northern Freight,in_transit
TV-29226,Westgate Freight Pty Ltd,in_transit
TV-29227,Highfield Retail,picked_up
TV-29228,Westgate Wholesale,delivered
TV-29229,Sunrise Foods,in_transit
TV-29230,Silverline Grocers Pty Ltd,in_transit
TV-29231,Highfield Electronics,failed
TV-29232,Parkview Motors,in_transit
TV-29233,Riverside Packaging,created
TV-29234,Stonebridge Packaging,in_transit
TV-29235,Stonebridge Components Group,delivered
TV-29236,Redgum Supplies Holdings,created
TV-29237,Eastlink Hardware,in_transit
TV-29238,Silverline Components Group,in_transit
TV-29239,Silverline Packaging Holdings,delivered
TV-29240,Summit Components Group,delivered
TV-29241,Riverside Motors Pty Ltd,failed
TV-29242,Redgum Components Holdings,created
TV-29243,Riverside Logistics Holdings,in_transit
TV-29244,Baywater Wholesale,in_transit
TV-29245,Highfield Pharma Holdings,delivered
TV-29246,Lakeside Retail,in_transit
TV-29247,Baywater Freight,created
TV-29248,Highfield Packaging,created
TV-29249,Ironbark Supplies Group,in_transit
TV-29250,Golden Industrial,in_transit
TV-29251,Westgate Hardware,in_transit
TV-29252,Redgum Wholesale Co,delivered
TV-29253,Fairwind Grocers,in_transit
TV-29254,Baywater Textiles,in_transit
TV-29255,Sunrise Pharma,created
TV-29256,Baywater Motors,delivered
TV-29257,Blackwood Freight Co,in_transit
TV-29258,Coastal Textiles Pty Ltd,in_transit
TV-29259,Silverline Trading Holdings,picked_up
TV-29260,Baywater Industrial Group,delivered
TV-29261,Baywater Distribution Group,picked_up
TV-29262,Ironbark Chemicals,delivered
TV-29263,Fairwind Distribution,created
TV-29264,Westgate Wholesale Group,in_transit
TV-29265,Baywater Pharma Co,created
TV-29266,Kingsway Foods Holdings,delivered
TV-29267,Coastal Pharma Holdings,created
TV-29268,Golden Industrial,created
TV-29269,Parkview Foods,delivered
TV-29270,Golden Packaging Pty Ltd,in_transit
TV-29271,Northern Distribution Group,delivered
TV-29272,Fairwind Hardware,delivered
TV-29273,Redgum Distribution Group,in_transit
TV-29274,Lakeside Pharma Co,picked_up
TV-29275,Fairwind Motors Pty Ltd,in_transit
TV-29276,Kingsway Electronics Pty Ltd,created
TV-29277,Redgum Logistics Group,in_transit
TV-29278,Silverline Chemicals Holdings,picked_up
TV-29279,Redgum Electronics Co,in_transit
TV-29280,Eastlink Beverages Holdings,in_transit
TV-29281,Highfield Motors Co,created
TV-29282,Ironbark Apparel Group,delivered
TV-29283,Baywater Packaging,in_transit
TV-29284,Blackwood Beverages,in_transit
TV-29285,Highfield Components,delivered
TV-29286,Ironbark Hardware,failed
TV-29287,Coastal Foods Pty Ltd,in_transit
TV-29288,Harbour Logistics Co,created
TV-29289,Redgum Apparel,created
TV-29290,Ironbark Packaging Pty Ltd,picked_up
TV-29291,Golden Distribution Pty Ltd,picked_up
TV-29292,Stonebridge Beverages Co,picked_up
TV-29293,Eastlink Packaging Co,delivered
TV-29294,Parkview Wholesale Pty Ltd,picked_up
TV-29295,Silverline Textiles,failed
TV-29296,Ironbark Pharma Holdings,in_transit
TV-29297,Silverline Wholesale Group,created
TV-29298,Highfield Industrial,created
TV-29299,Riverside Grocers Co,created
TV-29300,Ironbark Grocers Holdings,picked_up
TV-29301,Baywater Packaging,in_transit
TV-29302,Golden Grocers Co,created
TV-29303,Silverline Wholesale,delivered
TV-29304,Lakeside Beverages Group,created
TV-29305,Fairwind Electronics,delivered
TV-29306,Parkview Hardware Holdings,in_transit
TV-29307,Eastlink Textiles,in_transit
TV-29308,Redgum Motors,delivered
TV-29309,Kingsway Components Pty Ltd,failed
TV-29310,Sunrise Supplies Co,created
TV-29311,Westgate Textiles,in_transit
TV-29312,Golden Trading Group,in_transit
TV-29313,Baywater Trading,delivered
TV-29314,Kingsway Logistics,in_transit
TV-29315,Lakeside Components Group,in_transit
TV-29316,Summit Pharma Holdings,picked_up
TV-29317,Sunrise Distribution Holdings,delivered
TV-29318,Silverline Textiles,created
TV-29319,Lakeside Apparel,delivered
TV-29320,Eastlink Wholesale Pty Ltd,failed
TV-29321,Westgate Logistics,created
TV-29322,Blackwood Foods,created
TV-29323,Ironbark Packaging,picked_up
TV-29324,Lakeside Freight Holdings,created
TV-29325,Riverside Distribution,created
TV-29326,Westgate Industrial,in_transit
TV-29327,Baywater Distribution Group,created
TV-29328,Stonebridge Distribution,created
TV-29329,Coastal Foods,picked_up
TV-29330,Highfield Electronics,delivered
TV-29331,Coastal Textiles Holdings,in_transit
TV-29332,Highfield Components Co,in_transit
TV-29333,Redgum Motors Group,in_transit
TV-29334,Stonebridge Textiles,delivered
TV-29335,Sunrise Beverages,created
TV-29336,Highfield Wholesale,created
TV-29337,Westgate Industrial,picked_up
TV-29338,Baywater Wholesale Pty Ltd,failed
TV-29339,Silverline Components,delivered
TV-29340,Kingsway Pharma Co,in_transit
TV-29341,Harbour Electronics Pty Ltd,picked_up
TV-29342,Fairwind Textiles,delivered
TV-29343,Blackwood Chemicals,failed
TV-29344,Westgate Motors,picked_up
TV-29345,Summit Distribution,created
TV-29346,Stonebridge Retail,delivered
TV-29347,Lakeside Chemicals,delivered
TV-29348,Parkview Wholesale Pty Ltd,created
TV-29349,Golden Electronics,created
TV-29350,Redgum Apparel Holdings,delivered
TV-29351,Silverline Chemicals Group,delivered
TV-29352,Stonebridge Packaging Co,delivered
TV-29353,Westgate Components Holdings,created
TV-29354,Highfield Chemicals,delivered
TV-29355,Fairwind Wholesale,in_transit
TV-29356,Blackwood Packaging Group,in_transit
TV-29357,Highfield Components Holdings,created
TV-29358,Coastal Chemicals Co,in_transit
TV-29359,Kingsway Supplies Co,created
TV-29360,Kingsway Apparel Pty Ltd,in_transit
TV-29361,Ironbark Chemicals,delivered
TV-29362,Sunrise Freight Co,picked_up
TV-29363,Silverline Textiles,delivered
TV-29364,Golden Industrial,created
TV-29365,Harbour Electronics,delivered
TV-29366,Blackwood Supplies Group,delivered
TV-29367,Golden Motors,created
TV-29368,Kingsway Packaging,created
TV-29369,Stonebridge Freight,in_transit
TV-29370,Blackwood Trading Pty Ltd,created
TV-29371,Baywater Chemicals Co,failed
TV-29372,Blackwood Pharma,delivered
TV-29373,Riverside Foods,picked_up
TV-29374,Stonebridge Chemicals,in_transit
TV-29375,Blackwood Freight,delivered
TV-29376,Highfield Industrial,delivered
TV-29377,Ironbark Supplies Co,delivered
TV-29378,Redgum Chemicals,picked_up
TV-29379,Lakeside Foods Pty Ltd,in_transit
TV-29380,Riverside Textiles Group,delivered
TV-29381,Kingsway Supplies Co,delivered
TV-29382,Stonebridge Apparel,in_transit
TV-29383,Fairwind Components,created
TV-29384,Blackwood Hardware,in_transit
TV-29385,Fairwind Chemicals Pty Ltd,in_transit
TV-29386,Ironbark Textiles,delivered
TV-29387,Westgate Industrial,delivered
TV-29388,Fairwind Textiles Pty Ltd,picked_up
TV-29389,Lakeside Freight,in_transit
TV-29390,Kingsway Textiles,created
TV-29391,Silverline Textiles,in_transit
TV-29392,Silverline Wholesale,delivered
TV-29393,Redgum Electronics Pty Ltd,in_transit
TV-29394,Ironbark Industrial Co,in_transit
TV-29395,Kingsway Foods Group,failed
TV-29396,Highfield Industrial Co,delivered
TV-29397,Fairwind Grocers Holdings,created
TV-29398,Highfield Textiles Holdings,delivered
TV-29399,Summit Apparel Pty Ltd,picked_up
TV-29400,Lakeside Pharma,in_transit
TV-29401,Harbour Electronics Holdings,delivered
TV-29402,Fairwind Retail,in_transit
TV-29403,Westgate Beverages Holdings,delivered
TV-29404,Silverline Foods,created
TV-29405,Redgum Wholesale,delivered
TV-29406,Kingsway Motors Holdings,delivered
TV-29407,Lakeside Logistics Holdings,delivered
TV-29408,Harbour Industrial,in_transit
TV-29409,Fairwind Apparel,created
TV-29410,Eastlink Beverages Holdings,in_transit
TV-29411,Silverline Trading Holdings,picked_up
TV-29412,Lakeside Packaging Holdings,in_transit
TV-29413,Westgate Electronics,picked_up
TV-29414,Highfield Logistics Co,picked_up
TV-29415,Kingsway Electronics,delivered
TV-29416,Silverline Retail Group,created
TV-29417,Westgate Trading,created
TV-29418,Harbour Apparel,failed
TV-29419,Eastlink Hardware,in_transit
TV-29420,Baywater Industrial Pty Ltd,created
TV-29421,Baywater Packaging Holdings,in_transit
TV-29422,Blackwood Pharma,in_transit
TV-29423,Sunrise Packaging Holdings,in_transit
TV-29424,Ironbark Pharma Pty Ltd,delivered
TV-29425,Harbour Trading,in_transit
TV-29426,Harbour Supplies,delivered
TV-29427,Silverline Motors,picked_up
TV-29428,Harbour Logistics,delivered
TV-29429,Kingsway Distribution Holdings,delivered
TV-29430,Eastlink Supplies Holdings,in_transit
TV-29431,Sunrise Logistics,in_transit
TV-29432,Parkview Grocers Co,delivered
TV-29433,Stonebridge Grocers Holdings,picked_up
TV-29434,Ironbark Trading,in_transit
TV-29435,Summit Packaging Pty Ltd,in_transit
TV-29436,Lakeside Foods,in_transit
TV-29437,Blackwood Packaging Co,in_transit
TV-29438,Golden Apparel,created
TV-29439,Ironbark Grocers,in_transit
TV-29440,Fairwind Motors Pty Ltd,picked_up
TV-29441,Kingsway Logistics Pty Ltd,delivered
TV-29442,Blackwood Freight,created
TV-29443,Sunrise Components,created
TV-29444,Baywater Foods Holdings,delivered
TV-29445,Harbour Chemicals,created
TV-29446,Redgum Hardware,delivered
TV-29447,Golden Retail Holdings,in_transit
TV-29448,Coastal Logistics,picked_up
TV-29449,Fairwind Beverages,in_transit
TV-29450,Baywater Hardware,picked_up
TV-29451,Ironbark Retail Co,in_transit
TV-29452,Westgate Wholesale,failed
TV-29453,Parkview Packaging,failed
TV-29454,Eastlink Trading Group,delivered
TV-29455,Fairwind Motors Co,in_transit
TV-29456,Highfield Freight,delivered
TV-29457,Riverside Industrial,picked_up
TV-29458,Redgum Packaging Holdings,in_transit
TV-29459,Sunrise Pharma,created
TV-29460,Summit Chemicals Group,created
TV-29461,Coastal Foods,created
TV-29462,Blackwood Packaging Co,in_transit
TV-29463,Stonebridge Electronics,in_transit
TV-29464,Riverside Chemicals Pty Ltd,created
TV-29465,Fairwind Hardware,in_transit
TV-29466,Kingsway Hardware,delivered
TV-29467,Redgum Distribution,delivered
TV-29468,Blackwood Wholesale Co,created
TV-29469,Eastlink Textiles Holdings,in_transit
TV-29470,Stonebridge Freight,picked_up
TV-29471,Highfield Wholesale,created
TV-29472,Ironbark Freight Co,in_transit
TV-29473,Summit Freight Group,delivered
TV-29474,Ironbark Motors Holdings,delivered
TV-29475,Stonebridge Textiles,delivered
TV-29476,Highfield Wholesale Pty Ltd,in_transit
TV-29477,Sunrise Supplies,in_transit
TV-29478,Stonebridge Supplies Holdings,failed
TV-29479,Kingsway Pharma Group,created
TV-29480,Lakeside Motors Group,picked_up
TV-29481,Parkview Distribution Group,delivered
TV-29482,Kingsway Chemicals Holdings,in_transit
TV-29483,Eastlink Foods,in_transit
TV-29484,Harbour Retail Pty Ltd,in_transit
TV-29485,Silverline Retail,created
TV-29486,Golden Foods Group,created
TV-29487,Blackwood Apparel Co,created
TV-29488,Fairwind Electronics,delivered
TV-29489,Silverline Trading Co,created
TV-29490,Golden Motors,picked_up
TV-29491,Sunrise Industrial Holdings,picked_up
TV-29492,Sunrise Foods,created
TV-29493,Northern Textiles,in_transit
TV-29494,Eastlink Grocers,delivered
TV-29495,Stonebridge Textiles Co,delivered
TV-29496,Redgum Electronics Pty Ltd,in_transit
TV-29497,Fairwind Beverages,in_transit
TV-29498,Eastlink Foods,created
TV-29499,Eastlink Freight,delivered
TV-29500,Redgum Motors,created
TV-29501,Baywater Textiles Co,delivered
TV-29502,Golden Trading,in_transit
TV-29503,Baywater Electronics Pty Ltd,delivered
TV-29504,Golden Trading Holdings,in_transit
TV-29505,Baywater Trading Group,in_transit
TV-29506,Sunrise Industrial,failed
TV-29507,Ironbark Pharma,delivered
TV-29508,Blackwood Trading,delivered
TV-29509,Silverline Beverages Pty Ltd,in_transit
TV-29510,Baywater Beverages,picked_up
TV-29511,Lakeside Electronics Pty Ltd,in_transit
TV-29512,Riverside Industrial Pty Ltd,in_transit
TV-29513,Lakeside Wholesale Holdings,delivered
TV-29514,Sunrise Trading Co,created
TV-29515,Blackwood Foods Group,in_transit
TV-29516,Coastal Beverages,delivered
TV-29517,Baywater Beverages,created
TV-29518,Golden Wholesale Co,created
TV-29519,Lakeside Components Group,delivered
TV-29520,Northern Textiles,created
TV-29521,Golden Packaging Pty Ltd,delivered
TV-29522,Baywater Trading,in_transit
TV-29523,Northern Freight Pty Ltd,created
TV-29524,Eastlink Foods Group,delivered
TV-29525,Riverside Grocers Pty Ltd,delivered
TV-29526,Silverline Apparel,delivered
TV-29527,Redgum Industrial,in_transit
TV-29528,Coastal Industrial,picked_up
TV-29529,Redgum Logistics,created
TV-29530,Fairwind Apparel Holdings,failed
TV-29531,Parkview Distribution Holdings,in_transit
TV-29532,Blackwood Foods,in_transit
TV-29533,Fairwind Pharma,delivered
TV-29534,Highfield Retail Holdings,delivered
TV-29535,Coastal Apparel,created
TV-29536,Sunrise Components,picked_up
TV-29537,Parkview Hardware,picked_up
TV-29538,Ironbark Foods Co,created
TV-29539,Stonebridge Supplies,created
TV-29540,Harbour Grocers,created
TV-29541,Sunrise Components,in_transit
TV-29542,Harbour Apparel,created
TV-29543,Northern Trading Pty Ltd,delivered
TV-29544,Blackwood Chemicals Co,created
TV-29545,Coastal Chemicals,created
TV-29546,Blackwood Components,failed
TV-29547,Harbour Industrial Group,created
TV-29548,Golden Industrial,created
TV-29549,Summit Distribution,in_transit
TV-29550,Ironbark Beverages Group,delivered
TV-29551,Coastal Retail Holdings,in_transit
TV-29552,Eastlink Logistics,in_transit
TV-29553,Highfield Motors Pty Ltd,delivered
TV-29554,Westgate Retail Pty Ltd,created
TV-29555,Lakeside Industrial,delivered
TV-29556,Ironbark Beverages,created
TV-29557,Northern Motors Group,created
TV-29558,Sunrise Motors,delivered
TV-29559,Northern Industrial Pty Ltd,in_transit
TV-29560,Riverside Textiles Group,in_transit
TV-29561,Redgum Components Holdings,in_transit
TV-29562,Parkview Chemicals Pty Ltd,in_transit
TV-29563,Summit Beverages Pty Ltd,in_transit
TV-29564,Silverline Distribution,delivered
TV-29565,Blackwood Hardware,created
TV-29566,Silverline Industrial Group,created
TV-29567,Westgate Retail,created
TV-29568,Fairwind Foods Group,in_transit
TV-29569,Riverside Components,created
TV-29570,Stonebridge Textiles Co,in_transit
TV-29571,Redgum Chemicals Co,in_transit
TV-29572,Ironbark Electronics,in_transit
TV-29573,Stonebridge Chemicals,in_transit
TV-29574,Parkview Grocers,in_transit
TV-29575,Eastlink Freight Holdings,picked_up
TV-29576,Northern Grocers Pty Ltd,in_transit
TV-29577,Fairwind Apparel,picked_up
TV-29578,Silverline Grocers,picked_up
TV-29579,Redgum Trading,in_transit
TV-29580,Golden Beverages,in_transit
TV-29581,Stonebridge Logistics,picked_up
TV-29582,Baywater Beverages,delivered
TV-29583,Eastlink Chemicals Holdings,created
TV-29584,Westgate Hardware Co,created
TV-29585,Westgate Chemicals,created
TV-29586,Baywater Apparel Co,delivered
TV-29587,Sunrise Trading Holdings,delivered
TV-29588,Harbour Supplies,in_transit
TV-29589,Stonebridge Retail,created
TV-29590,Riverside Chemicals,failed
TV-29591,Parkview Trading Holdings,in_transit
TV-29592,Riverside Distribution Pty Ltd,delivered
TV-29593,Kingsway Components Co,in_transit
TV-29594,Eastlink Grocers,in_transit
TV-29595,Ironbark Freight,delivered
TV-29596,Harbour Motors,in_transit
TV-29597,Ironbark Supplies Pty Ltd,delivered
TV-29598,Northern Logistics,created
TV-29599,Ironbark Logistics,delivered
TV-29600,Fairwind Apparel,delivered
TV-29601,Highfield Retail Pty Ltd,delivered
TV-29602,Sunrise Freight Pty Ltd,picked_up
TV-29603,Fairwind Retail,delivered
TV-29604,Parkview Hardware Group,delivered
TV-29605,Kingsway Electronics,picked_up
TV-29606,Northern Freight Pty Ltd,created
TV-29607,Golden Logistics Group,created
TV-29608,Parkview Motors,delivered
TV-29609,Fairwind Beverages,in_transit
TV-29610,Stonebridge Apparel,failed
TV-29611,Baywater Trading Co,in_transit
TV-29612,Stonebridge Distribution Group,in_transit
TV-29613,Highfield Trading Co,in_transit
TV-29614,Fairwind Foods,created
TV-29615,Summit Retail Group,delivered
TV-29616,Sunrise Pharma,picked_up
TV-29617,Parkview Apparel Co,delivered
TV-29618,Kingsway Textiles Co,delivered
TV-29619,Ironbark Electronics Holdings,delivered
TV-29620,Eastlink Components Pty Ltd,created
TV-29621,Lakeside Grocers,delivered
TV-29622,Summit Grocers,delivered
TV-29623,Blackwood Supplies Co,delivered
TV-29624,Golden Trading Co,picked_up
TV-29625,Sunrise Logistics Group,delivered
TV-29626,Stonebridge Supplies,delivered
TV-29627,Eastlink Apparel Co,delivered
TV-29628,Kingsway Freight,created
TV-29629,Ironbark Electronics Pty Ltd,in_transit
TV-29630,Westgate Supplies Co,delivered
TV-29631,Stonebridge Industrial Holdings,in_transit
TV-29632,Northern Supplies Co,in_transit
TV-29633,Ironbark Industrial,in_transit
TV-29634,Fairwind Grocers Pty Ltd,created
TV-29635,Riverside Chemicals,delivered
TV-29636,Ironbark Foods,created
TV-29637,Sunrise Industrial,picked_up
TV-29638,Lakeside Apparel Holdings,in_transit
TV-29639,Riverside Trading,picked_up
TV-29640,Westgate Pharma Pty Ltd,in_transit
TV-29641,Coastal Motors,picked_up
TV-29642,Summit Supplies,picked_up
TV-29643,Summit Supplies Group,picked_up
TV-29644,Parkview Motors,picked_up
TV-29645,Stonebridge Trading Holdings,in_transit
TV-29646,Golden Grocers Holdings,in_transit
TV-29647,Westgate Supplies,created
TV-29648,Summit Distribution Group,created
TV-29649,Westgate Apparel Group,picked_up
TV-29650,Blackwood Textiles,in_transit
TV-29651,Stonebridge Supplies Holdings,in_transit
TV-29652,Golden Trading,delivered
TV-29653,Blackwood Chemicals Holdings,created
TV-29654,Northern Textiles,picked_up
TV-29655,Parkview Textiles Holdings,failed
TV-29656,Parkview Motors,picked_up
TV-29657,Riverside Retail Co,in_transit
TV-29658,Westgate Retail Pty Ltd,in_transit
TV-29659,Redgum Motors Pty Ltd,picked_up
TV-29660,Eastlink Chemicals Group,delivered
TV-29661,Summit Foods Group,delivered
TV-29662,Ironbark Components Pty Ltd,failed
TV-29663,Sunrise Motors Holdings,delivered
TV-29664,Harbour Distribution,delivered
TV-29665,Ironbark Electronics,created
TV-29666,Blackwood Grocers Co,in_transit
TV-29667,Stonebridge Logistics,delivered
TV-29668,Ironbark Packaging Group,created
TV-29669,Silverline Supplies Pty Ltd,picked_up
TV-29670,Baywater Retail,picked_up
TV-29671,Blackwood Components,picked_up
TV-29672,Kingsway Beverages Holdings,in_transit
TV-29673,Blackwood Freight,delivered
TV-29674,Blackwood Textiles Group,created
TV-29675,Eastlink Chemicals Group,in_transit
TV-29676,Sunrise Pharma,created
TV-29677,Riverside Hardware Holdings,picked_up
TV-29678,Golden Logistics,in_transit
TV-29679,Silverline Hardware,delivered
TV-29680,Baywater Trading Co,failed
TV-29681,Stonebridge Packaging,created
TV-29682,Sunrise Retail,failed
TV-29683,Summit Components,delivered
TV-29684,Parkview Retail,delivered
TV-29685,Harbour Industrial,in_transit
TV-29686,Westgate Packaging,created
TV-29687,Sunrise Motors,delivered
TV-29688,Lakeside Logistics Holdings,delivered
TV-29689,Northern Retail,in_transit
TV-29690,Highfield Components,picked_up
TV-29691,Eastlink Retail,created
TV-29692,Baywater Logistics Holdings,in_transit
TV-29693,Highfield Foods Holdings,in_transit
TV-29694,Kingsway Grocers,created
TV-29695,Redgum Freight,created
TV-29696,Coastal Trading,created
TV-29697,Lakeside Distribution Co,delivered
TV-29698,Sunrise Beverages Holdings,in_transit
TV-29699,Kingsway Retail Pty Ltd,delivered
TV-29700,Silverline Hardware,delivered
TV-29701,Redgum Electronics Co,picked_up
TV-29702,Riverside Grocers Group,picked_up
TV-29703,Sunrise Supplies,in_transit
TV-29704,Coastal Freight,created
TV-29705,Coastal Textiles,created
TV-29706,Highfield Hardware Pty Ltd,in_transit
TV-29707,Northern Foods,in_transit
TV-29708,Eastlink Trading Co,delivered
TV-29709,Ironbark Motors,in_transit
TV-29710,Silverline Apparel Pty Ltd,delivered
TV-29711,Westgate Industrial Pty Ltd,picked_up
TV-29712,Sunrise Wholesale,delivered
TV-29713,Parkview Chemicals Co,delivered
TV-29714,Summit Supplies,picked_up
TV-29715,Redgum Distribution Holdings,failed
TV-29716,Parkview Packaging Group,in_transit
TV-29717,Harbour Chemicals,picked_up
TV-29718,Coastal Wholesale,delivered
TV-29719,Summit Retail,in_transit
TV-29720,Blackwood Beverages,delivered
TV-29721,Coastal Chemicals Co,in_transit
TV-29722,Stonebridge Foods Holdings,in_transit
TV-29723,Summit Retail,picked_up
TV-29724,Kingsway Industrial Holdings,delivered
TV-29725,Baywater Logistics,picked_up
TV-29726,Parkview Electronics,delivered
TV-29727,Northern Components,created
TV-29728,Coastal Electronics,delivered
TV-29729,Fairwind Trading,delivered
TV-29730,Kingsway Freight Holdings,delivered
TV-29731,Kingsway Motors Group,delivered
TV-29732,Riverside Motors,delivered
TV-29733,Highfield Grocers Co,delivered
TV-29734,Sunrise Supplies Group,in_transit
TV-29735,Ironbark Retail,in_transit
TV-29736,Westgate Grocers,created
TV-29737,Stonebridge Beverages,delivered
TV-29738,Northern Apparel Co,picked_up
TV-29739,Northern Distribution Group,created
TV-29740,Golden Grocers Pty Ltd,in_transit
TV-29741,Westgate Electronics,in_transit
TV-29742,Eastlink Foods,created
TV-29743,Northern Trading,created
TV-29744,Fairwind Industrial,created
TV-29745,Riverside Motors Pty Ltd,created
TV-29746,Highfield Motors Group,delivered
TV-29747,Eastlink Chemicals Pty Ltd,created
TV-29748,Parkview Hardware Pty Ltd,delivered
TV-29749,Eastlink Electronics,in_transit
TV-29750,Eastlink Foods,in_transit
TV-29751,Eastlink Components Holdings,delivered
TV-29752,Golden Components,in_transit
TV-29753,Blackwood Distribution Group,failed
TV-29754,Fairwind Pharma,in_transit
TV-29755,Westgate Supplies,delivered
TV-29756,Kingsway Pharma,delivered
TV-29757,Northern Hardware,delivered
TV-29758,Sunrise Apparel,picked_up
TV-29759,Coastal Grocers,picked_up
TV-29760,Harbour Motors Pty Ltd,failed
TV-29761,Coastal Supplies,in_transit
TV-29762,Lakeside Chemicals Co,delivered
TV-29763,Silverline Textiles,delivered
TV-29764,Highfield Hardware Holdings,picked_up
TV-29765,Golden Electronics Co,in_transit
TV-29766,Kingsway Packaging,in_transit
TV-29767,Blackwood Wholesale,in_transit
TV-29768,Fairwind Electronics Co,created
TV-29769,Silverline Supplies Pty Ltd,in_transit
TV-29770,Silverline Retail Group,delivered
TV-29771,Kingsway Retail Co,picked_up
TV-29772,Harbour Pharma,in_transit
TV-29773,Sunrise Logistics,created
TV-29774,Ironbark Logistics Group,in_transit
TV-29775,Ironbark Industrial Holdings,created
TV-29776,Riverside Logistics Holdings,created
TV-29777,Fairwind Textiles Holdings,picked_up
TV-29778,Lakeside Retail,delivered
TV-29779,Fairwind Wholesale,in_transit
TV-29780,Fairwind Motors,created
TV-29781,Riverside Components,delivered
TV-29782,Parkview Beverages Holdings,delivered
TV-29783,Golden Textiles,in_transit
TV-29784,Harbour Industrial Co,in_transit
TV-29785,Stonebridge Electronics Co,in_transit
TV-29786,Kingsway Freight Pty Ltd,picked_up
TV-29787,Riverside Freight,in_transit
TV-29788,Harbour Freight,in_transit
TV-29789,Harbour Beverages,delivered
TV-29790,Summit Freight Co,created
TV-29791,Blackwood Components,picked_up
TV-29792,Eastlink Wholesale Pty Ltd,failed
TV-29793,Coastal Apparel Holdings,delivered
TV-29794,Westgate Textiles,delivered
TV-29795,Stonebridge Grocers,delivered
TV-29796,Lakeside Packaging Pty Ltd,delivered
TV-29797,Baywater Trading Group,created
TV-29798,Coastal Electronics,delivered
TV-29799,Golden Pharma Group,delivered
TV-29800,Ironbark Textiles,picked_up
TV-29801,Eastlink Packaging Holdings,created
TV-29802,Parkview Beverages,picked_up
TV-29803,Redgum Logistics Co,in_transit
TV-29804,Westgate Wholesale Co,in_transit
TV-29805,Kingsway Chemicals Pty Ltd,delivered
TV-29806,Stonebridge Electronics,in_transit
TV-29807,Westgate Hardware Pty Ltd,delivered
TV-29808,Sunrise Textiles Group,created
TV-29809,Northern Textiles,failed
TV-29810,Golden Freight Co,in_transit
TV-29811,Coastal Industrial,delivered
TV-29812,Fairwind Distribution,in_transit
TV-29813,Eastlink Grocers,delivered
TV-29814,Parkview Industrial,in_transit
TV-29815,Kingsway Chemicals Pty Ltd,in_transit
TV-29816,Silverline Chemicals,picked_up
TV-29817,Blackwood Components Pty Ltd,delivered
TV-29818,Westgate Distribution Holdings,picked_up
TV-29819,Kingsway Wholesale Co,in_transit
TV-29820,Baywater Wholesale,created
TV-29821,Coastal Distribution,in_transit
TV-29822,Stonebridge Grocers,failed
TV-29823,Eastlink Industrial Pty Ltd,delivered
TV-29824,Silverline Logistics,picked_up
TV-29825,Northern Retail Holdings,in_transit
TV-29826,Kingsway Apparel Holdings,in_transit
TV-29827,Sunrise Electronics,in_transit
TV-29828,Eastlink Grocers Holdings,failed
TV-29829,Lakeside Distribution,delivered
TV-29830,Summit Chemicals Holdings,delivered
TV-29831,Northern Supplies Holdings,in_transit
TV-29832,Northern Foods,created
TV-29833,Highfield Logistics Pty Ltd,created
TV-29834,Riverside Freight,delivered
TV-29835,Stonebridge Apparel Group,picked_up
TV-29836,Blackwood Packaging Co,picked_up
TV-29837,Westgate Retail Holdings,in_transit
TV-29838,Parkview Components Pty Ltd,delivered
TV-29839,Silverline Freight,picked_up
TV-29840,Harbour Foods,delivered
TV-29841,Northern Supplies,in_transit
TV-29842,Highfield Beverages Group,in_transit
TV-29843,Blackwood Components Holdings,created
TV-29844,Silverline Chemicals Holdings,in_transit
TV-29845,Harbour Foods Holdings,picked_up
TV-29846,Golden Beverages,created
TV-29847,Fairwind Freight Group,in_transit
TV-29848,Kingsway Logistics Co,in_transit
TV-29849,Baywater Distribution,created
TV-29850,Golden Distribution,delivered
TV-29851,Parkview Chemicals Pty Ltd,created
TV-29852,Ironbark Beverages Co,created
TV-29853,Lakeside Components,picked_up
TV-29854,Lakeside Hardware Co,picked_up
TV-29855,Blackwood Hardware,created
TV-29856,Ironbark Foods,delivered
TV-29857,Stonebridge Pharma,in_transit
TV-29858,Blackwood Industrial Holdings,created
TV-29859,Westgate Distribution Holdings,created
TV-29860,Lakeside Beverages,picked_up
TV-29861,Silverline Industrial Co,in_transit
TV-29862,Summit Textiles,in_transit
TV-29863,Redgum Motors,picked_up
TV-29864,Lakeside Trading,in_transit
TV-29865,Riverside Chemicals,in_transit
TV-29866,Parkview Electronics,in_transit
TV-29867,Kingsway Beverages Holdings,created
TV-29868,Parkview Electronics,in_transit
TV-29869,Highfield Electronics Group,created
TV-29870,Parkview Packaging,created
TV-29871,Ironbark Hardware Co,in_transit
TV-29872,Baywater Industrial,delivered
TV-29873,Kingsway Motors,created
TV-29874,Northern Motors Holdings,in_transit
TV-29875,Westgate Wholesale Group,in_transit
TV-29876,Silverline Components,delivered
TV-29877,Blackwood Grocers Holdings,picked_up
TV-29878,Ironbark Motors,picked_up
TV-29879,Lakeside Packaging Pty Ltd,created
TV-29880,Kingsway Pharma Group,delivered
TV-29881,Ironbark Packaging Pty Ltd,delivered
TV-29882,Riverside Retail Pty Ltd,created
TV-29883,Ironbark Supplies,failed
TV-29884,Lakeside Pharma Group,created
TV-29885,Fairwind Industrial Group,created
TV-29886,Coastal Electronics,delivered
TV-29887,Lakeside Retail Co,picked_up
TV-29888,Harbour Trading Co,in_transit
TV-29889,Harbour Beverages,in_transit
TV-29890,Riverside Motors,in_transit
TV-29891,Golden Grocers,in_transit
TV-29892,Coastal Wholesale Group,in_transit
TV-29893,Summit Wholesale,picked_up
TV-29894,Highfield Motors Holdings,in_transit
TV-29895,Summit Textiles Pty Ltd,in_transit
TV-29896,Redgum Trading Group,created
TV-29897,Stonebridge Hardware,in_transit
TV-29898,Highfield Hardware Holdings,created
TV-29899,Parkview Foods,in_transit
TV-29900,Lakeside Industrial Group,created
TV-29901,Baywater Hardware,delivered
TV-29902,Silverline Retail,delivered
TV-29903,Baywater Apparel Pty Ltd,delivered
TV-29904,Kingsway Grocers Co,delivered
TV-29905,Summit Supplies Group,created
TV-29906,Ironbark Hardware,in_transit
TV-29907,Ironbark Supplies Holdings,in_transit
TV-29908,Sunrise Apparel Group,created
TV-29909,Stonebridge Components,picked_up
TV-29910,Eastlink Electronics Group,created
TV-29911,Golden Beverages Holdings,delivered
TV-29912,Silverline Trading Group,in_transit
TV-29913,Ironbark Wholesale,in_transit
TV-29914,Kingsway Hardware,in_transit
TV-29915,Baywater Retail,created
TV-29916,Northern Logistics,in_transit
TV-29917,Westgate Chemicals,delivered
TV-29918,Highfield Apparel,picked_up
TV-29919,Kingsway Hardware,in_transit
TV-29920,Harbour Motors,created
TV-29921,Blackwood Components Co,delivered
TV-29922,Highfield Trading,in_transit
TV-29923,Blackwood Beverages,delivered
TV-29924,Redgum Logistics,created
TV-29925,Stonebridge Industrial,in_transit
TV-29926,Golden Industrial,created
TV-29927,Redgum Freight,failed
TV-29928,Baywater Apparel Pty Ltd,delivered
TV-29929,Parkview Grocers Pty Ltd,picked_up
TV-29930,Coastal Packaging Holdings,delivered
TV-29931,Golden Grocers,created
TV-29932,Sunrise Textiles,created
TV-29933,Silverline Apparel Pty Ltd,delivered
TV-29934,Ironbark Logistics Group,in_transit
TV-29935,Redgum Logistics Holdings,in_transit
TV-29936,Silverline Foods Co,delivered
TV-29937,Westgate Industrial Holdings,picked_up
TV-29938,Redgum Packaging,delivered
TV-29939,Ironbark Retail,delivered
TV-29940,Harbour Hardware,delivered
TV-29941,Northern Supplies,delivered
TV-29942,Fairwind Apparel,delivered
TV-29943,Summit Packaging Group,delivered
TV-29944,Lakeside Packaging,delivered
TV-29945,Ironbark Retail,picked_up
TV-29946,Coastal Wholesale Pty Ltd,delivered
TV-29947,Blackwood Foods,delivered
TV-29948,Lakeside Apparel,picked_up
TV-29949,Highfield Trading Pty Ltd,delivered
TV-29950,Sunrise Supplies,in_transit
TV-29951,Riverside Packaging,delivered
TV-29952,Fairwind Supplies Co,delivered
TV-29953,Riverside Chemicals Group,in_transit
TV-29954,Eastlink Industrial,created
TV-29955,Sunrise Distribution Holdings,delivered
TV-29956,Eastlink Grocers Pty Ltd,in_transit
TV-29957,Highfield Beverages Pty Ltd,created
TV-29958,Sunrise Pharma Pty Ltd,created
TV-29959,Blackwood Motors Group,delivered
TV-29960,Kingsway Supplies,delivered
TV-29961,Riverside Grocers,delivered
TV-29962,Northern Foods Pty Ltd,in_transit
TV-29963,Baywater Grocers Pty Ltd,in_transit
TV-29964,Blackwood Packaging Group,created
TV-29965,Lakeside Electronics Group,delivered
TV-29966,Northern Retail Holdings,in_transit
TV-29967,Stonebridge Components Holdings,in_transit
TV-29968,Highfield Motors,failed
TV-29969,Eastlink Trading Co,delivered
TV-29970,Golden Motors,created
TV-29971,Fairwind Packaging Group,created
TV-29972,Silverline Foods,delivered
TV-29973,Westgate Textiles,in_transit
TV-29974,Redgum Packaging,in_transit
TV-29975,Golden Retail,in_transit
TV-29976,Fairwind Packaging,delivered
TV-29977,Silverline Supplies,in_transit
TV-29978,Blackwood Retail Pty Ltd,delivered
TV-29979,Coastal Beverages,in_transit
TV-29980,Harbour Electronics,created
TV-29981,Riverside Beverages Pty Ltd,delivered
TV-29982,Northern Logistics Holdings,in_transit
TV-29983,Westgate Pharma,delivered
TV-29984,Fairwind Foods,delivered
TV-29985,Coastal Textiles Pty Ltd,created
TV-29986,Fairwind Industrial,delivered
TV-29987,Baywater Distribution,in_transit
TV-29988,Redgum Packaging Co,in_transit
TV-29989,Blackwood Motors Pty Ltd,picked_up
TV-29990,Baywater Textiles Holdings,in_transit
TV-29991,Coastal Hardware Pty Ltd,in_transit
TV-29992,Highfield Trading,delivered
TV-29993,Fairwind Components,failed
TV-29994,Baywater Beverages Holdings,created
TV-29995,Riverside Trading,in_transit
TV-29996,Blackwood Beverages,created
TV-29997,Northern Textiles Co,in_transit
TV-29998,Highfield Chemicals,created
TV-29999,Summit Foods Co,delivered
TV-30000,Parkview Freight,created
